create_time,deep_score,sleep_score,physical_recovery,movement_awakening,factor_08,has_sleep_data,latency_score,factor_05,total_sleep_time_score,wakeup_time_detection_delay,wake_score,mental_recovery,goal_bed_time,factor_07,data_version,factor_06,start_time,factor_01,update_time,total_rem_duration,sleep_efficiency_with_latency,sleep_type,goal_wake_up_time,datauuid,sleep_duration,create_sh_ver,modify_sh_ver,end_time,rem_weight,factor_02,sleep_latency,latency_weight,deviceuuid,sleep_cycle,nap_score,total_light_duration,factor_04,total_sleep_time_weight,deep_weight,factor_09,factor_03,wake_weight,bedtime_detection_delay,pkg_name,time_offset,stage_analyzed_type,rem_score,efficiency,day_of_week,sleep_duration_hours
2025-09-29 07:01:00,13.0,64.0,74.0,61.0,0.0,0,11.0,74.0,10.0,0.0,10.0,72.0,1970-01-02 08:00:00,137.0,10.0,365.0,2025-09-29 00:56:00,27.0,2025-09-29 07:01:00,60.0,70.0,-1.0,1970-01-01 16:00,40cb824c-4ac8-4d15-a6e4-afa1d894beec,365.0,63050351,63051050,2025-09-29 07:01,23.0,59.0,2880000,16.0,gwtLszhLm4,4.0,0.0,172.0,1.0,34.0,15.0,51.0,36.0,12.0,1440000.0,com.sec.android.app.shealth,32400000,2.0,20.0,81.0,0,6.083333333333333
2025-09-30 08:02:00,14.0,96.0,93.0,42.0,0.0,0,16.0,61.0,33.0,0.0,11.0,93.0,1970-01-02 08:00:00,110.0,10.0,533.0,2025-09-29 23:09:00,19.0,2025-09-30 08:02:00,118.0,86.0,-1.0,1970-01-01 16:00,860d684f-7209-4d5a-b809-51862205cab2,533.0,63050351,63051050,2025-09-30 08:02,23.0,75.0,660000,16.0,gwtLszhLm4,6.0,0.0,279.0,8.0,34.0,15.0,31.0,27.0,12.0,840000.0,com.sec.android.app.shealth,32400000,2.0,22.0,88.0,0,8.883333333333333
2025-10-01 01:53:00,9.0,35.0,9.0,10.0,0.0,0,12.0,4.0,1.0,0.0,12.0,7.0,1970-01-02 08:00:00,80.0,10.0,80.0,2025-10-01 00:33:00,5.0,2025-10-01 07:09:00,0.0,61.0,-1.0,1970-01-01 16:00,cc6ff7fc-26c4-46db-84c4-5b42a64aabe4,80.0,63050351,63051050,2025-10-01 01:53,23.0,5.0,2640000,16.0,gwtLszhLm4,0.0,1.0,71.0,0.0,34.0,15.0,0.0,4.0,12.0,900000.0,com.sec.android.app.shealth,32400000,2.0,1.0,96.0,2,1.3333333333333333
2025-10-01 03:50:00,14.0,34.0,14.0,32.0,0.0,0,6.0,17.0,2.0,60000.0,11.0,9.0,1970-01-02 08:00:00,115.0,10.0,115.0,2025-10-01 01:54:00,14.0,2025-10-01 07:09:00,0.0,84.0,-1.0,1970-01-01 16:00,90e9a716-ebbd-4a23-981d-58f69d6bd317,115.0,63050351,63051050,2025-10-01 03:49,23.0,14.0,60000,16.0,gwtLszhLm4,0.0,1.0,84.0,0.0,34.0,15.0,3.0,17.0,12.0,1380000.0,com.sec.android.app.shealth,32400000,2.0,1.0,85.0,2,1.9333333333333333
2025-10-01 07:09:00,14.0,64.0,25.0,23.0,0.0,0,15.0,26.0,2.0,0.0,11.0,70.0,1970-01-02 08:00:00,75.0,10.0,195.0,2025-10-01 03:54:00,5.0,2025-10-01 07:09:00,44.0,84.0,-1.0,1970-01-01 16:00,c25085ce-d27b-4d22-886d-abb2fa56dc12,195.0,63050351,63051050,2025-10-01 07:09,23.0,21.0,300000,16.0,gwtLszhLm4,3.0,0.0,104.0,4.0,34.0,15.0,9.0,4.0,12.0,840000.0,com.sec.android.app.shealth,32400000,2.0,22.0,87.0,2,3.25
2025-10-06 04:07:00,13.0,60.0,47.0,13.0,0.0,0,16.0,11.0,2.0,0.0,12.0,45.0,1970-01-02 08:00:00,109.0,10.0,165.0,2025-10-06 01:22:00,29.0,2025-10-06 04:07:00,23.0,84.0,-1.0,1970-01-01 16:00,be6e1c6d-7d2d-44e6-b1ef-112a77aa98dd,165.0,63050351,63051050,2025-10-06 04:07,23.0,46.0,1020000,16.0,gwtLszhLm4,2.0,0.0,85.0,1.0,34.0,15.0,0.0,7.0,12.0,840000.0,com.sec.android.app.shealth,32400000,2.0,17.0,93.0,0,2.75
2025-10-07 09:10:00,14.0,64.0,51.0,20.0,0.0,0,16.0,35.0,6.0,0.0,11.0,54.0,1970-01-02 08:00:00,70.0,10.0,283.0,2025-10-07 04:27:00,18.0,2025-10-07 09:11:00,37.0,82.0,-1.0,1970-01-01 16:00,5201f506-5d49-40f6-8159-af0253917f15,283.0,63050351,63051050,2025-10-07 09:10,23.0,33.0,960000,16.0,gwtLszhLm4,4.0,0.0,178.0,6.0,34.0,15.0,3.0,4.0,12.0,720000.0,com.sec.android.app.shealth,32400000,2.0,17.0,88.0,1,4.716666666666667
2025-10-07 20:49:00,13.0,43.0,19.0,36.0,0.0,0,16.0,21.0,2.0,0.0,11.0,10.0,1970-01-02 08:00:00,143.0,10.0,143.0,2025-10-07 18:26:00,20.0,2025-10-07 20:49:00,1.0,74.0,-1.0,1970-01-01 16:00,f460a7f5-e290-4d91-9cfd-df84f4d991aa,143.0,63050351,63051050,2025-10-07 20:49,23.0,20.0,1260000,16.0,gwtLszhLm4,1.0,0.0,101.0,0.0,34.0,15.0,9.0,21.0,12.0,1200000.0,com.sec.android.app.shealth,32400000,2.0,1.0,87.0,1,2.3833333333333333
2025-09-27 04:18:00,13.0,49.0,30.0,16.0,0.0,0,15.0,13.0,2.0,0.0,10.0,29.0,1970-01-02 08:00:00,103.0,10.0,168.0,2025-09-27 01:30:00,28.0,2025-09-27 13:29:00,15.0,89.0,-1.0,1970-01-01 16:00,94bc4b0a-196a-4e84-95e6-db11669b5996,168.0,63050351,63030110,2025-09-27 04:18,23.0,28.0,300000,16.0,gwtLszhLm4,1.0,,112.0,0.0,34.0,15.0,3.0,7.0,12.0,840000.0,com.sec.android.app.shealth,32400000,2.0,9.0,92.0,5,2.8
2025-09-27 13:29:00,11.0,77.0,90.0,18.0,0.0,0,7.0,50.0,32.0,0.0,9.0,95.0,1970-01-02 08:00:00,94.0,10.0,487.0,2025-09-27 05:22:00,23.0,2025-09-27 13:29:00,133.0,79.0,-1.0,1970-01-01 16:00,29b663a8-406d-4eba-a156-67ff6052228e,487.0,63050351,63030110,2025-09-27 13:29,23.0,63.0,3900000,16.0,gwtLszhLm4,6.0,,241.0,3.0,34.0,15.0,17.0,4.0,12.0,1200000.0,com.sec.android.app.shealth,32400000,2.0,18.0,90.0,5,8.116666666666667
2025-10-03 13:10:00,1.0,43.0,8.0,11.0,0.0,0,16.0,10.0,2.0,0.0,12.0,27.0,1970-01-02 08:00:00,23.0,10.0,111.0,2025-10-03 11:19:00,0.0,2025-10-03 13:10:00,11.0,85.0,-1.0,1970-01-01 16:00,0b7707a2-0fbf-41c0-9f97-2c1d03a56069,111.0,63050351,63051050,2025-10-03 13:10,23.0,1.0,420000,16.0,gwtLszhLm4,2.0,1.0,89.0,0.0,34.0,15.0,0.0,0.0,12.0,1020000.0,com.sec.android.app.shealth,32400000,2.0,12.0,91.0,4,1.85
2025-10-05 10:45:00,14.0,96.0,93.0,19.0,0.0,0,16.0,62.0,33.0,0.0,11.0,93.0,1970-01-02 08:00:00,74.0,10.0,545.0,2025-10-05 01:35:00,23.0,2025-10-05 10:45:00,117.0,86.0,-1.0,1970-01-01 16:00,3f56b1ee-b56f-4091-891d-1c7884962098,545.0,63050351,63051050,2025-10-05 10:40,23.0,66.0,900000,16.0,gwtLszhLm4,5.0,0.0,300.0,4.0,34.0,15.0,14.0,4.0,12.0,960000.0,com.sec.android.app.shealth,32400000,2.0,22.0,88.0,6,9.166666666666666
2025-10-02 07:18:00,14.0,93.0,88.0,19.0,0.0,0,16.0,39.0,31.0,0.0,12.0,80.0,1970-01-02 08:00:00,134.0,10.0,439.0,2025-10-01 23:59:00,15.0,2025-10-02 07:19:00,69.0,87.0,-1.0,1970-01-01 16:00,85b8b8a6-fb61-406d-9fda-8364a46b7e39,439.0,63050351,63051050,2025-10-02 07:18,23.0,60.0,1200000,16.0,gwtLszhLm4,4.0,0.0,271.0,3.0,34.0,15.0,4.0,12.0,12.0,720000.0,com.sec.android.app.shealth,32400000,2.0,20.0,91.0,2,7.316666666666666
2025-10-03 10:25:00,15.0,54.0,30.0,10.0,0.0,0,6.0,8.0,3.0,0.0,12.0,52.0,1970-01-02 08:00:00,37.0,10.0,183.0,2025-10-03 07:22:00,0.0,2025-10-03 10:25:00,27.0,95.0,-1.0,1970-01-01 16:00,5133f2ef-e5ec-4efb-96a2-b9ead8c8b09d,183.0,63050351,63051050,2025-10-03 10:25,23.0,26.0,60000,16.0,gwtLszhLm4,4.0,0.0,122.0,1.0,34.0,15.0,0.0,2.0,12.0,1380000.0,com.sec.android.app.shealth,32400000,2.0,18.0,95.0,4,3.05
2025-10-09 05:04:00,14.0,65.0,49.0,13.0,0.0,0,16.0,13.0,4.0,0.0,12.0,58.0,1970-01-02 08:00:00,109.0,10.0,223.0,2025-10-09 01:21:00,35.0,2025-10-09 12:49:00,34.0,88.0,-1.0,1970-01-01 16:00,c99c19ef-6350-4421-bb12-385b9b274521,223.0,63050351,63051050,2025-10-09 05:04,23.0,39.0,780000,16.0,gwtLszhLm4,2.0,0.0,137.0,0.0,34.0,15.0,0.0,8.0,12.0,660000.0,com.sec.android.app.shealth,32400000,2.0,19.0,94.0,3,3.716666666666667
2025-10-09 08:05:00,14.0,65.0,20.0,22.0,0.0,0,16.0,11.0,2.0,0.0,12.0,64.0,1970-01-02 08:00:00,82.0,10.0,152.0,2025-10-09 05:33:00,19.0,2025-10-09 12:49:00,31.0,77.0,-1.0,1970-01-01 16:00,9f18ad6b-1aa3-467e-bdbb-a7486da18a7f,152.0,63050351,63051050,2025-10-09 08:05,23.0,20.0,1800000,16.0,gwtLszhLm4,2.0,0.0,90.0,0.0,34.0,15.0,6.0,8.0,12.0,240000.0,com.sec.android.app.shealth,32400000,2.0,21.0,93.0,3,2.533333333333333
2025-10-10 12:19:00,12.0,46.0,33.0,25.0,0.0,0,10.0,17.0,2.0,0.0,11.0,32.0,1970-01-02 08:00:00,117.0,10.0,170.0,2025-10-10 09:29:00,32.0,2025-10-10 12:20:00,17.0,68.0,-1.0,1970-01-01 16:00,735afaf5-d859-43f7-a911-146f8fa1b0bf,170.0,63050351,63051050,2025-10-10 12:19,23.0,32.0,3180000,16.0,gwtLszhLm4,2.0,0.0,104.0,0.0,34.0,15.0,5.0,14.0,12.0,1200000.0,com.sec.android.app.shealth,32400000,2.0,11.0,92.0,4,2.8333333333333335
2025-10-08 06:55:00,13.0,55.0,37.0,18.0,0.0,0,9.0,19.0,3.0,0.0,12.0,56.0,1970-01-02 08:00:00,155.0,10.0,224.0,2025-10-08 03:11:00,17.0,2025-10-08 09:14:00,34.0,72.0,-1.0,1970-01-01 16:00,52cbc8b0-2041-443c-9ee0-3f8de61718dd,224.0,63050351,63051050,2025-10-08 06:55,23.0,27.0,3420000,16.0,gwtLszhLm4,2.0,0.0,144.0,3.0,34.0,15.0,0.0,15.0,12.0,720000.0,com.sec.android.app.shealth,32400000,2.0,18.0,93.0,2,3.7333333333333334
2025-10-13 06:05:00,14.0,52.0,55.0,20.0,0.0,0,14.0,29.0,5.0,0.0,11.0,36.0,1970-01-02 08:00:00,198.0,10.0,274.0,2025-10-13 01:31:00,34.0,2025-10-13 06:05:00,22.0,79.0,-1.0,1970-01-01 16:00,b8888dac-7a62-49a5-81f1-735c78c1be0a,274.0,63050351,63051050,2025-10-13 06:05,23.0,37.0,2160000,16.0,gwtLszhLm4,1.0,0.0,186.0,1.0,34.0,15.0,0.0,18.0,12.0,780000.0,com.sec.android.app.shealth,32400000,2.0,8.0,90.0,0,4.566666666666666
2025-10-08 09:14:00,2.0,45.0,10.0,20.0,0.0,0,9.0,12.0,2.0,0.0,12.0,45.0,1970-01-02 08:00:00,115.0,10.0,138.0,2025-10-08 06:56:00,2.0,2025-10-08 09:14:00,21.0,90.0,-1.0,1970-01-01 16:00,f4eb8974-0b73-49af-8886-9311d1ef4db0,138.0,63050351,63051050,2025-10-08 09:14,23.0,2.0,120000,16.0,gwtLszhLm4,2.0,0.0,103.0,2.0,34.0,15.0,3.0,10.0,12.0,1320000.0,com.sec.android.app.shealth,32400000,2.0,20.0,91.0,2,2.3
2025-10-09 10:34:00,14.0,48.0,16.0,18.0,0.0,0,9.0,15.0,2.0,0.0,11.0,30.0,1970-01-02 08:00:00,94.0,10.0,148.0,2025-10-09 08:06:00,11.0,2025-10-09 10:34:00,15.0,88.0,-1.0,1970-01-01 16:00,0f089a19-d256-4c67-8c3b-6d38e1a10b30,148.0,63050351,63051050,2025-10-09 10:34,23.0,11.0,120000,16.0,gwtLszhLm4,2.0,0.0,107.0,0.0,34.0,15.0,0.0,7.0,12.0,1320000.0,com.sec.android.app.shealth,32400000,2.0,12.0,89.0,3,2.466666666666667
2025-10-14 07:12:00,13.0,59.0,34.0,19.0,0.0,0,13.0,20.0,2.0,0.0,11.0,59.0,1970-01-02 08:00:00,182.0,10.0,194.0,2025-10-14 03:58:00,28.0,2025-10-14 07:12:00,34.0,74.0,-1.0,1970-01-01 16:00,4d36cd80-295e-4249-8eaa-7dc5c1f445f0,194.0,63050351,63051050,2025-10-14 07:12,23.0,28.0,2460000,16.0,gwtLszhLm4,2.0,0.0,112.0,4.0,34.0,15.0,0.0,16.0,12.0,780000.0,com.sec.android.app.shealth,32400000,2.0,20.0,91.0,1,3.2333333333333334
2025-10-10 07:21:00,15.0,55.0,46.0,15.0,0.0,0,6.0,18.0,4.0,0.0,12.0,52.0,1970-01-02 08:00:00,132.0,10.0,231.0,2025-10-10 03:30:00,25.0,2025-10-10 12:20:00,31.0,91.0,-1.0,1970-01-01 16:00,a673584b-0400-46c5-a3fe-ca9d8893ad1f,231.0,63050351,63051050,2025-10-10 07:21,23.0,35.0,60000,16.0,gwtLszhLm4,2.0,0.0,147.0,5.0,34.0,15.0,0.0,9.0,12.0,1380000.0,com.sec.android.app.shealth,32400000,2.0,18.0,92.0,4,3.85
2025-10-09 12:49:00,4.0,35.0,7.0,8.0,0.0,0,16.0,2.0,2.0,0.0,12.0,6.0,1970-01-02 08:00:00,62.0,10.0,62.0,2025-10-09 11:47:00,2.0,2025-10-09 12:49:00,0.0,82.0,-1.0,1970-01-01 16:00,769829bd-75db-4ecb-8558-bad195ee5185,62.0,63050351,63051050,2025-10-09 12:49,23.0,2.0,600000,16.0,gwtLszhLm4,0.0,4.0,58.0,0.0,34.0,15.0,0.0,2.0,12.0,840000.0,com.sec.android.app.shealth,32400000,2.0,1.0,96.0,3,1.0333333333333334
2025-10-18 08:47:00,13.0,47.0,23.0,17.0,0.0,0,14.0,11.0,2.0,1560000.0,12.0,21.0,1970-01-02 08:00:00,133.0,10.0,133.0,2025-10-18 06:08:00,24.0,2025-10-18 08:48:00,9.0,72.0,-1.0,1970-01-01 16:00,fd350a00-c13f-439a-95ae-8e0c5d366865,133.0,63050351,63051050,2025-10-18 08:21,23.0,24.0,2160000,16.0,gwtLszhLm4,1.0,0.0,89.0,3.0,34.0,15.0,0.0,11.0,12.0,1200000.0,com.sec.android.app.shealth,32400000,2.0,6.0,93.0,5,2.65
2025-10-11 23:30:00,14.0,52.0,27.0,18.0,0.0,0,16.0,16.0,2.0,0.0,12.0,27.0,1970-01-02 08:00:00,115.0,10.0,174.0,2025-10-11 20:36:00,13.0,2025-10-12 10:31:00,14.0,81.0,-1.0,1970-01-01 16:00,3b64adc9-7955-401c-ab1c-4edc2dd9f31b,174.0,63050351,63051050,2025-10-11 23:30,23.0,23.0,1260000,16.0,gwtLszhLm4,2.0,0.0,121.0,0.0,34.0,15.0,0.0,10.0,12.0,900000.0,com.sec.android.app.shealth,32400000,2.0,8.0,91.0,5,2.9
2025-10-09 11:37:00,0.0,40.0,6.0,7.0,0.0,0,6.0,2.0,2.0,0.0,12.0,40.0,1970-01-02 08:00:00,38.0,10.0,62.0,2025-10-09 10:35:00,0.0,2025-10-09 11:37:00,10.0,94.0,-1.0,1970-01-01 16:00,d90c151e-9c42-496d-b44f-895683b8745f,62.0,63050351,63051050,2025-10-09 11:37,23.0,0.0,60000,16.0,gwtLszhLm4,1.0,4.0,50.0,0.0,34.0,15.0,0.0,1.0,12.0,1380000.0,com.sec.android.app.shealth,32400000,2.0,20.0,96.0,3,1.0333333333333334
2025-10-11 06:44:00,13.0,54.0,62.0,23.0,0.0,0,7.0,23.0,6.0,0.0,12.0,58.0,1970-01-02 08:00:00,106.0,10.0,274.0,2025-10-11 02:10:00,10.0,2025-10-11 06:44:00,38.0,74.0,-1.0,1970-01-01 16:00,01ccabe0-fb74-4eb3-82e9-98008e6901c2,274.0,63050351,63051050,2025-10-11 06:44,23.0,47.0,3840000,16.0,gwtLszhLm4,3.0,0.0,166.0,2.0,34.0,15.0,6.0,12.0,12.0,900000.0,com.sec.android.app.shealth,32400000,2.0,16.0,93.0,5,4.566666666666666
2025-10-16 08:48:00,0.0,34.0,8.0,10.0,0.0,0,14.0,5.0,2.0,0.0,12.0,17.0,1970-01-02 08:00:00,96.0,10.0,96.0,2025-10-16 07:12:00,0.0,2025-10-16 08:48:00,6.0,91.0,-1.0,1970-01-01 16:00,eeabd04c-ce7f-495e-83bc-7254fe5f0ae7,96.0,63050351,63051050,2025-10-16 08:48,23.0,0.0,240000,16.0,gwtLszhLm4,1.0,2.0,85.0,0.0,34.0,15.0,0.0,5.0,12.0,1200000.0,com.sec.android.app.shealth,32400000,2.0,6.0,95.0,3,1.6
2025-10-15 07:14:00,15.0,97.0,83.0,15.0,0.0,0,16.0,31.0,31.0,0.0,12.0,87.0,1970-01-02 08:00:00,100.0,10.0,433.0,2025-10-15 00:01:00,29.0,2025-10-15 07:14:00,86.0,90.0,-1.0,1970-01-01 16:00,68a46dc4-97e2-4e21-b7dd-5fe2cbbf8525,433.0,63050351,63051050,2025-10-15 07:14,23.0,52.0,540000,16.0,gwtLszhLm4,4.0,0.0,264.0,7.0,34.0,15.0,5.0,7.0,12.0,840000.0,com.sec.android.app.shealth,32400000,2.0,23.0,92.0,2,7.216666666666667
2025-10-16 07:09:00,10.0,60.0,25.0,32.0,0.0,0,16.0,31.0,4.0,0.0,11.0,54.0,1970-01-02 08:00:00,159.0,10.0,256.0,2025-10-16 02:53:00,10.0,2025-10-16 07:09:00,36.0,84.0,-1.0,1970-01-01 16:00,30077161-9fde-4972-be40-48b5b9d1d02a,256.0,63050351,63051050,2025-10-16 07:09,23.0,14.0,660000,16.0,gwtLszhLm4,3.0,0.0,175.0,4.0,34.0,15.0,13.0,23.0,12.0,780000.0,com.sec.android.app.shealth,32400000,2.0,19.0,88.0,3,4.266666666666667
2025-10-10 03:29:00,1.0,34.0,7.0,6.0,0.0,0,16.0,2.0,2.0,0.0,12.0,11.0,1970-01-02 08:00:00,78.0,10.0,78.0,2025-10-10 02:11:00,0.0,2025-10-10 12:20:00,3.0,75.0,-1.0,1970-01-01 16:00,bebf8ea6-4bde-4231-880d-e01c94a13820,78.0,63050351,63051050,2025-10-10 03:29,23.0,0.0,1320000,16.0,gwtLszhLm4,1.0,2.0,73.0,0.0,34.0,15.0,0.0,2.0,12.0,840000.0,com.sec.android.app.shealth,32400000,2.0,3.0,97.0,4,1.3
2025-10-18 14:06:00,14.0,37.0,21.0,47.0,0.0,0,6.0,20.0,2.0,0.0,11.0,13.0,1970-01-02 08:00:00,55.0,10.0,136.0,2025-10-18 11:50:00,0.0,2025-10-18 14:06:00,5.0,84.0,-1.0,1970-01-01 16:00,04dc7423-7021-4d20-9434-0fbe9e678f7d,136.0,63050351,63051050,2025-10-18 14:06,23.0,23.0,60000,16.0,gwtLszhLm4,1.0,0.0,88.0,1.0,34.0,15.0,7.0,14.0,12.0,1380000.0,com.sec.android.app.shealth,32400000,2.0,4.0,85.0,5,2.2666666666666666
2025-10-12 10:31:00,15.0,97.0,96.0,11.0,0.0,0,15.0,42.0,34.0,0.0,12.0,98.0,1970-01-02 08:00:00,141.0,10.0,555.0,2025-10-12 01:16:00,37.0,2025-10-12 10:31:00,185.0,91.0,-1.0,1970-01-01 16:00,679e4262-452c-4e99-b163-eadff3965bf9,555.0,63050351,63051050,2025-10-12 10:31,23.0,77.0,300000,16.0,gwtLszhLm4,6.0,0.0,251.0,13.0,34.0,15.0,0.0,5.0,12.0,1140000.0,com.sec.android.app.shealth,32400000,2.0,21.0,92.0,6,9.25
2025-10-19 14:33:00,14.0,65.0,18.0,18.0,0.0,0,16.0,13.0,2.0,0.0,12.0,56.0,1970-01-02 08:00:00,41.0,10.0,138.0,2025-10-19 12:15:00,0.0,2025-10-19 14:33:00,26.0,79.0,-1.0,1970-01-01 16:00,8a1a6f3d-1e03-40ea-85cb-c4edb6db40bf,138.0,63050351,63051050,2025-10-19 14:33,23.0,15.0,1140000,16.0,gwtLszhLm4,3.0,0.0,84.0,2.0,34.0,15.0,0.0,3.0,12.0,300000.0,com.sec.android.app.shealth,32400000,2.0,21.0,91.0,6,2.3
2025-10-18 11:49:00,12.0,58.0,19.0,12.0,0.0,0,13.0,11.0,2.0,0.0,12.0,54.0,1970-01-02 08:00:00,81.0,10.0,168.0,2025-10-18 09:01:00,8.0,2025-10-18 11:49:00,27.0,75.0,-1.0,1970-01-01 16:00,2ef138d0-6dfe-4528-837a-7ed84349ec8a,168.0,63050351,63051050,2025-10-18 11:49,23.0,13.0,2400000,16.0,gwtLszhLm4,2.0,0.0,117.0,0.0,34.0,15.0,0.0,4.0,12.0,900000.0,com.sec.android.app.shealth,32400000,2.0,19.0,94.0,5,2.8
2025-10-20 06:59:00,14.0,62.0,39.0,21.0,0.0,0,10.0,22.0,5.0,0.0,12.0,76.0,1970-01-02 08:00:00,123.0,10.0,269.0,2025-10-20 02:30:00,17.0,2025-10-20 06:59:00,56.0,77.0,-1.0,1970-01-01 16:00,d43634bc-2c42-4eb1-be6f-2eb79fea7cd6,269.0,63050351,63051050,2025-10-20 06:59,23.0,25.0,3060000,16.0,gwtLszhLm4,3.0,0.0,166.0,1.0,34.0,15.0,7.0,12.0,12.0,660000.0,com.sec.android.app.shealth,32400000,2.0,21.0,92.0,0,4.483333333333333
2025-10-21 05:30:00,15.0,73.0,47.0,16.0,0.0,0,16.0,22.0,9.0,0.0,12.0,70.0,1970-01-02 08:00:00,113.0,10.0,295.0,2025-10-21 00:35:00,15.0,2025-10-21 07:29:00,50.0,90.0,-1.0,1970-01-01 16:00,9d291293-05b0-4b65-ae00-2e3d235e2229,295.0,63050351,63051050,2025-10-21 05:30,23.0,28.0,480000,16.0,gwtLszhLm4,3.0,0.0,195.0,2.0,34.0,15.0,3.0,9.0,12.0,780000.0,com.sec.android.app.shealth,32400000,2.0,21.0,92.0,1,4.916666666666667
2025-10-21 07:29:00,14.0,47.0,18.0,21.0,0.0,0,16.0,10.0,2.0,0.0,12.0,12.0,1970-01-02 08:00:00,83.0,10.0,107.0,2025-10-21 05:42:00,20.0,2025-10-21 07:29:00,4.0,84.0,-1.0,1970-01-01 16:00,8b4e8a66-52bc-40f9-8039-c130fb14ae27,107.0,63050351,63051050,2025-10-21 07:29,23.0,20.0,420000,16.0,gwtLszhLm4,1.0,1.0,73.0,0.0,34.0,15.0,0.0,9.0,12.0,780000.0,com.sec.android.app.shealth,32400000,2.0,3.0,90.0,1,1.7833333333333334
2025-10-22 07:19:00,15.0,80.0,68.0,12.0,0.0,0,16.0,22.0,14.0,0.0,12.0,82.0,1970-01-02 08:00:00,123.0,10.0,330.0,2025-10-22 01:49:00,22.0,2025-10-22 07:19:00,68.0,90.0,-1.0,1970-01-01 16:00,1c0ca668-63d6-43e8-81b6-881de9f2cdfd,330.0,63050351,63051050,2025-10-22 07:19,23.0,44.0,660000,16.0,gwtLszhLm4,3.0,0.0,196.0,4.0,34.0,15.0,3.0,6.0,12.0,780000.0,com.sec.android.app.shealth,32400000,2.0,23.0,93.0,2,5.5
2025-10-23 16:48:00,14.0,45.0,10.0,12.0,0.0,0,16.0,4.0,2.0,0.0,12.0,6.0,1970-01-02 08:00:00,66.0,10.0,66.0,2025-10-23 15:42:00,10.0,2025-10-23 16:48:00,0.0,78.0,-1.0,1970-01-01 16:00,5560c7bb-36cc-4446-b59d-1b22f2cbd05f,66.0,63050351,63051050,2025-10-23 16:48,23.0,10.0,780000,16.0,gwtLszhLm4,0.0,3.0,52.0,0.0,34.0,15.0,0.0,4.0,12.0,1020000.0,com.sec.android.app.shealth,32400000,2.0,1.0,94.0,3,1.1
2025-10-23 01:29:00,6.0,30.0,8.0,15.0,0.0,0,9.0,6.0,2.0,0.0,12.0,7.0,1970-01-02 08:00:00,85.0,10.0,85.0,2025-10-23 00:04:00,3.0,2025-10-23 16:48:00,0.0,90.0,-1.0,1970-01-01 16:00,c8209ec4-8383-4467-a47d-372f47eef4c0,85.0,63050351,63051050,2025-10-23 01:29,23.0,3.0,120000,16.0,gwtLszhLm4,0.0,3.0,76.0,0.0,34.0,15.0,0.0,6.0,12.0,1080000.0,com.sec.android.app.shealth,32400000,2.0,1.0,92.0,3,1.4166666666666667
2025-10-23 06:56:00,13.0,57.0,32.0,10.0,0.0,0,10.0,10.0,2.0,0.0,12.0,67.0,1970-01-02 08:00:00,120.0,10.0,183.0,2025-10-23 03:53:00,17.0,2025-10-23 16:48:00,37.0,73.0,-1.0,1970-01-01 16:00,5fbea6b4-b1a9-4144-becb-3801da72501b,183.0,63050351,63051050,2025-10-23 06:56,23.0,27.0,3120000,16.0,gwtLszhLm4,2.0,0.0,109.0,0.0,34.0,15.0,0.0,5.0,12.0,900000.0,com.sec.android.app.shealth,32400000,2.0,20.0,95.0,3,3.05
2025-10-24 17:29:00,15.0,88.0,77.0,7.0,0.0,0,14.0,14.0,24.0,0.0,12.0,92.0,1970-01-02 08:00:00,118.0,10.0,370.0,2025-10-24 11:19:00,25.0,2025-10-24 17:35:00,97.0,95.0,-1.0,1970-01-01 16:00,41573b5e-e8ff-4563-a844-337dd4e0afd6,370.0,63050351,63051050,2025-10-24 17:29,23.0,48.0,240000,16.0,gwtLszhLm4,4.0,0.0,211.0,3.0,34.0,15.0,0.0,4.0,12.0,960000.0,com.sec.android.app.shealth,32400000,2.0,23.0,96.0,4,6.166666666666667
2025-10-25 15:00:00,13.0,57.0,17.0,6.0,0.0,0,10.0,5.0,2.0,0.0,12.0,70.0,1970-01-02 08:00:00,49.0,10.0,132.0,2025-10-25 12:48:00,0.0,2025-10-25 15:00:00,31.0,68.0,-1.0,1970-01-01 16:00,db012e36-4691-40b5-8179-3ea48673ef29,132.0,63050351,63051050,2025-10-25 15:00,23.0,15.0,3120000,16.0,gwtLszhLm4,2.0,0.0,81.0,0.0,34.0,15.0,0.0,1.0,12.0,1020000.0,com.sec.android.app.shealth,32400000,2.0,20.0,97.0,5,2.2
2025-10-26 09:13:00,14.0,43.0,26.0,26.0,0.0,0,14.0,14.0,2.0,0.0,11.0,9.0,1970-01-02 08:00:00,127.0,10.0,127.0,2025-10-26 07:06:00,31.0,2025-10-26 09:13:00,2.0,85.0,-1.0,1970-01-01 16:00,8c7cb7c0-9237-4b1e-9b15-41d3154440b3,127.0,63050351,63051050,2025-10-26 09:13,23.0,31.0,240000,16.0,gwtLszhLm4,1.0,1.0,80.0,0.0,34.0,15.0,4.0,14.0,12.0,840000.0,com.sec.android.app.shealth,32400000,2.0,2.0,88.0,6,2.1166666666666667
2025-10-26 12:02:00,15.0,46.0,30.0,20.0,0.0,0,6.0,13.0,2.0,0.0,12.0,31.0,1970-01-02 08:00:00,47.0,10.0,169.0,2025-10-26 09:13:00,0.0,2025-10-26 12:02:00,16.0,91.0,-1.0,1970-01-01 16:00,6a664229-19df-469c-afc7-213c7dbbd29d,169.0,63050351,63051050,2025-10-26 12:02,23.0,28.0,60000,16.0,gwtLszhLm4,3.0,0.0,112.0,2.0,34.0,15.0,3.0,5.0,12.0,1380000.0,com.sec.android.app.shealth,32400000,2.0,11.0,92.0,6,2.816666666666667
2025-10-26 16:53:00,15.0,65.0,61.0,14.0,0.0,0,6.0,17.0,9.0,0.0,12.0,76.0,1970-01-02 08:00:00,80.0,10.0,291.0,2025-10-26 12:02:00,0.0,2025-10-26 16:54:00,56.0,93.0,-1.0,1970-01-01 16:00,15e7193c-9c29-4ee1-aff4-27ac4f58264e,291.0,63050351,63051050,2025-10-26 16:53,23.0,42.0,60000,16.0,gwtLszhLm4,3.0,0.0,176.0,0.0,34.0,15.0,3.0,5.0,12.0,1380000.0,com.sec.android.app.shealth,32400000,2.0,23.0,94.0,6,4.85
2025-10-27 23:34:00,13.0,44.0,14.0,17.0,0.0,0,16.0,8.0,2.0,0.0,12.0,8.0,1970-01-02 08:00:00,98.0,10.0,98.0,2025-10-27 21:56:00,15.0,2025-10-27 23:34:00,0.0,73.0,-1.0,1970-01-01 16:00,27432d6d-2cab-42c0-9d3a-0904267c9b07,98.0,63050351,63051050,2025-10-27 23:34,23.0,15.0,1380000,16.0,gwtLszhLm4,0.0,0.0,75.0,0.0,34.0,15.0,0.0,8.0,12.0,60000.0,com.sec.android.app.shealth,32400000,2.0,1.0,92.0,0,1.6333333333333333
2025-10-29 05:55:00,14.0,87.0,92.0,12.0,0.0,0,16.0,23.0,23.0,0.0,12.0,80.0,1970-01-02 08:00:00,77.0,10.0,375.0,2025-10-28 23:40:00,30.0,2025-10-29 11:25:00,67.0,92.0,-1.0,1970-01-01 16:00,4a7c3674-bd02-415d-9918-f324a6b3ce0a,375.0,63050351,63051050,2025-10-29 05:55,23.0,86.0,420000,16.0,gwtLszhLm4,5.0,0.0,199.0,2.0,34.0,15.0,5.0,3.0,12.0,780000.0,com.sec.android.app.shealth,32400000,2.0,22.0,93.0,1,6.25
2025-10-29 06:56:00,0.0,21.0,6.0,8.0,0.0,0,6.0,2.0,2.0,0.0,12.0,6.0,1970-01-02 08:00:00,61.0,10.0,61.0,2025-10-29 05:55:00,0.0,2025-10-29 11:25:00,0.0,94.0,-1.0,1970-01-01 16:00,0d802529-e7ec-4abc-b741-8894a5f9d823,61.0,63050351,63051050,2025-10-29 06:56,23.0,0.0,60000,16.0,gwtLszhLm4,0.0,4.0,59.0,0.0,34.0,15.0,0.0,2.0,12.0,1440000.0,com.sec.android.app.shealth,32400000,2.0,1.0,95.0,2,1.0166666666666666
2025-10-29 11:25:00,14.0,60.0,65.0,17.0,0.0,0,6.0,20.0,6.0,0.0,12.0,68.0,1970-01-02 08:00:00,147.0,10.0,269.0,2025-10-29 06:56:00,16.0,2025-10-29 11:25:00,46.0,92.0,-1.0,1970-01-01 16:00,36c84224-367c-4d43-842d-40e05a604329,269.0,63050351,63051050,2025-10-29 11:25,23.0,50.0,60000,16.0,gwtLszhLm4,2.0,0.0,153.0,3.0,34.0,15.0,4.0,11.0,12.0,1380000.0,com.sec.android.app.shealth,32400000,2.0,22.0,92.0,2,4.483333333333333
2025-10-30 12:36:00,14.0,86.0,73.0,24.0,0.0,0,16.0,44.0,25.0,0.0,11.0,76.0,1970-01-02 08:00:00,109.0,10.0,408.0,2025-10-30 05:48:00,15.0,2025-10-30 12:36:00,62.0,84.0,-1.0,1970-01-01 16:00,401f8cf0-b44e-43d1-986f-40478fb93728,408.0,63050351,63051050,2025-10-30 12:36,23.0,41.0,1500000,16.0,gwtLszhLm4,5.0,0.0,261.0,2.0,34.0,15.0,10.0,11.0,12.0,780000.0,com.sec.android.app.shealth,32400000,2.0,20.0,89.0,3,6.8
2025-11-02 17:59:00,14.0,97.0,96.0,21.0,0.0,0,16.0,47.0,33.0,0.0,12.0,89.0,1970-01-02 08:00:00,94.0,10.0,509.0,2025-11-02 09:30:00,25.0,2025-11-02 17:59:00,92.0,86.0,-1.0,1970-01-01 16:00,3b0b1280-d86b-49b5-b2f6-2d7906aad3cd,509.0,63050351,63051050,2025-11-02 17:59,23.0,88.0,1560000,16.0,gwtLszhLm4,6.0,0.0,282.0,3.0,34.0,15.0,6.0,9.0,12.0,900000.0,com.sec.android.app.shealth,32400000,2.0,22.0,91.0,6,8.483333333333333
2025-11-03 04:31:00,12.0,42.0,11.0,15.0,0.0,0,15.0,6.0,2.0,0.0,12.0,7.0,1970-01-02 08:00:00,89.0,10.0,89.0,2025-11-03 03:02:00,9.0,2025-11-03 04:31:00,0.0,67.0,-1.0,1970-01-01 16:00,cfc84104-45ee-43b7-97f9-738063186497,89.0,63060051,63051050,2025-11-03 04:31,23.0,9.0,1980000,16.0,gwtLszhLm4,0.0,1.0,74.0,0.0,34.0,15.0,0.0,6.0,12.0,840000.0,com.sec.android.app.shealth,32400000,2.0,1.0,94.0,0,1.4833333333333334
2025-10-30 17:39:00,10.0,67.0,37.0,16.0,0.0,0,14.0,22.0,8.0,0.0,12.0,82.0,1970-01-02 08:00:00,129.0,10.0,294.0,2025-10-30 12:40:00,0.0,2025-10-30 17:39:00,66.0,91.0,-1.0,1970-01-01 16:00,8e297c59-6870-481e-a1c5-07bac180a7f1,294.0,63050351,63051050,2025-10-30 17:34,23.0,17.0,240000,16.0,gwtLszhLm4,3.0,0.0,189.0,2.0,34.0,15.0,0.0,11.0,12.0,1200000.0,com.sec.android.app.shealth,32400000,2.0,23.0,92.0,3,4.983333333333333
2025-11-01 12:21:00,14.0,69.0,80.0,13.0,0.0,0,16.0,20.0,13.0,0.0,12.0,59.0,1970-01-02 08:00:00,182.0,10.0,325.0,2025-11-01 06:56:00,45.0,2025-11-01 12:21:00,38.0,86.0,-1.0,1970-01-01 16:00,5c6cba94-4083-485b-b264-81c6f1ff64a0,325.0,63050351,63051050,2025-11-01 12:21,23.0,63.0,1680000,16.0,gwtLszhLm4,2.0,0.0,204.0,2.0,34.0,15.0,4.0,9.0,12.0,600000.0,com.sec.android.app.shealth,32400000,2.0,14.0,94.0,5,5.416666666666667
2025-11-01 18:35:00,14.0,74.0,79.0,19.0,0.0,0,6.0,37.0,20.0,0.0,12.0,81.0,1970-01-02 08:00:00,113.0,10.0,373.0,2025-11-01 12:22:00,27.0,2025-11-01 18:35:00,71.0,89.0,-1.0,1970-01-01 16:00,d250f339-d957-4cbd-962f-df0ea3b556c6,373.0,63050351,63051050,2025-11-01 18:35,23.0,52.0,60000,16.0,gwtLszhLm4,4.0,0.0,213.0,7.0,34.0,15.0,4.0,9.0,12.0,1260000.0,com.sec.android.app.shealth,32400000,2.0,22.0,90.0,5,6.216666666666667
2025-11-03 02:22:00,12.0,38.0,11.0,8.0,0.0,0,12.0,3.0,1.0,0.0,12.0,7.0,1970-01-02 08:00:00,74.0,10.0,74.0,2025-11-03 01:08:00,12.0,2025-11-03 04:31:00,0.0,61.0,-1.0,1970-01-01 16:00,f1c16af2-fcad-4213-8049-00facb883245,74.0,63060051,63051050,2025-11-03 02:22,23.0,12.0,2520000,16.0,gwtLszhLm4,0.0,1.0,59.0,0.0,34.0,15.0,0.0,3.0,12.0,660000.0,com.sec.android.app.shealth,32400000,2.0,1.0,97.0,0,1.2333333333333334
2025-11-05 07:12:00,14.0,87.0,79.0,18.0,0.0,0,16.0,42.0,25.0,0.0,11.0,78.0,1970-01-02 08:00:00,67.0,10.0,405.0,2025-11-05 00:27:00,25.0,2025-11-05 07:13:00,66.0,88.0,-1.0,1970-01-01 16:00,fdc98084-3908-4faa-8cd7-8e69871eb3de,405.0,63060051,63051050,2025-11-05 07:12,23.0,50.0,420000,16.0,gwtLszhLm4,5.0,0.0,247.0,2.0,34.0,15.0,9.0,3.0,12.0,660000.0,com.sec.android.app.shealth,32400000,2.0,21.0,89.0,2,6.75
2025-11-01 20:15:00,0.0,34.0,8.0,11.0,0.0,0,6.0,5.0,2.0,0.0,12.0,31.0,1970-01-02 08:00:00,99.0,10.0,99.0,2025-11-01 18:36:00,0.0,2025-11-01 20:15:00,11.0,93.0,-1.0,1970-01-01 16:00,b3de892e-7685-45e3-8817-e0a1ea693bb1,99.0,63050351,63051050,2025-11-01 20:15,23.0,0.0,60000,16.0,gwtLszhLm4,1.0,1.0,83.0,0.0,34.0,15.0,0.0,5.0,12.0,1380000.0,com.sec.android.app.shealth,32400000,2.0,14.0,94.0,5,1.65
2025-11-07 06:29:00,14.0,78.0,64.0,15.0,0.0,0,15.0,31.0,16.0,0.0,12.0,72.0,1970-01-02 08:00:00,110.0,10.0,350.0,2025-11-07 00:39:00,14.0,2025-11-07 07:46:00,56.0,89.0,-1.0,1970-01-01 16:00,12c2d71f-f6a3-4ee7-95d2-86e2a44ed1c6,350.0,63060051,63051050,2025-11-07 06:29,23.0,38.0,300000,16.0,gwtLszhLm4,4.0,0.0,225.0,5.0,34.0,15.0,6.0,5.0,12.0,780000.0,com.sec.android.app.shealth,32400000,2.0,21.0,91.0,4,5.833333333333333
2025-11-03 02:51:00,0.0,27.0,4.0,0.0,0.0,0,15.0,0.0,0.0,1320000.0,12.0,4.0,1970-01-02 08:00:00,2.0,10.0,2.0,2025-11-03 02:27:00,0.0,2025-11-03 04:31:00,0.0,28.0,-1.0,1970-01-01 16:00,6197930c-dc6b-46dd-b236-d79800f8e564,2.0,63060051,63051050,2025-11-03 02:29,23.0,0.0,300000,16.0,gwtLszhLm4,0.0,3.0,2.0,0.0,34.0,15.0,0.0,0.0,12.0,1140000.0,com.sec.android.app.shealth,32400000,2.0,0.0,100.0,0,0.4
2025-11-06 05:34:00,14.0,41.0,19.0,22.0,0.0,0,6.0,11.0,2.0,0.0,12.0,18.0,1970-01-02 08:00:00,118.0,10.0,118.0,2025-11-06 03:36:00,21.0,2025-11-06 18:54:00,8.0,89.0,-1.0,1970-01-01 16:00,9cac3adb-a7c7-4f81-8de8-22928549fc20,118.0,63060051,63051050,2025-11-06 05:34,23.0,21.0,60000,16.0,gwtLszhLm4,1.0,1.0,78.0,0.0,34.0,15.0,3.0,11.0,12.0,1380000.0,com.sec.android.app.shealth,32400000,2.0,7.0,90.0,3,1.9666666666666666
2025-11-06 05:59:00,0.0,24.0,5.0,0.0,0.0,0,9.0,0.0,2.0,0.0,12.0,5.0,1970-01-02 08:00:00,23.0,10.0,23.0,2025-11-06 05:36:00,0.0,2025-11-06 18:54:00,0.0,92.0,-1.0,1970-01-01 16:00,087702d6-575f-4e18-9356-89922f34447a,23.0,63060051,63051050,2025-11-06 05:59,23.0,0.0,120000,16.0,gwtLszhLm4,0.0,5.0,23.0,0.0,34.0,15.0,0.0,0.0,12.0,1320000.0,com.sec.android.app.shealth,32400000,2.0,1.0,100.0,3,0.38333333333333336
2025-11-04 01:31:00,13.0,44.0,10.0,15.0,0.0,0,16.0,6.0,2.0,0.0,12.0,7.0,1970-01-02 08:00:00,85.0,10.0,85.0,2025-11-04 00:06:00,7.0,2025-11-04 06:51:00,1.0,80.0,-1.0,1970-01-01 16:00,9837da39-ad6b-4655-a22e-cf1668e80fb0,85.0,63060051,63051050,2025-11-04 01:31,23.0,7.0,720000,16.0,gwtLszhLm4,1.0,2.0,71.0,0.0,34.0,15.0,0.0,6.0,12.0,1200000.0,com.sec.android.app.shealth,32400000,2.0,1.0,93.0,1,1.4166666666666667
2025-11-04 06:51:00,14.0,66.0,52.0,14.0,0.0,0,6.0,27.0,11.0,0.0,12.0,81.0,1970-01-02 08:00:00,83.0,10.0,319.0,2025-11-04 01:32:00,0.0,2025-11-04 06:51:00,68.0,91.0,-1.0,1970-01-01 16:00,c5d1bcb2-8d4e-4e03-aa0c-9f3556126f02,319.0,63060051,63051050,2025-11-04 06:51,23.0,28.0,60000,16.0,gwtLszhLm4,3.0,0.0,196.0,6.0,34.0,15.0,0.0,5.0,12.0,1380000.0,com.sec.android.app.shealth,32400000,2.0,23.0,91.0,1,5.316666666666666
2025-11-07 06:59:00,0.0,27.0,5.0,13.0,0.0,0,12.0,1.0,2.0,0.0,12.0,5.0,1970-01-02 08:00:00,24.0,10.0,24.0,2025-11-07 06:35:00,0.0,2025-11-07 07:46:00,0.0,83.0,-1.0,1970-01-01 16:00,fd72b78f-1d43-4267-9423-f986ac575f4e,24.0,63060051,63051050,2025-11-07 06:59,23.0,0.0,180000,16.0,gwtLszhLm4,0.0,5.0,23.0,0.0,34.0,15.0,0.0,1.0,12.0,540000.0,com.sec.android.app.shealth,32400000,2.0,1.0,94.0,4,0.4
2025-11-07 07:46:00,0.0,24.0,6.0,11.0,0.0,0,9.0,2.0,2.0,0.0,12.0,6.0,1970-01-02 08:00:00,46.0,10.0,46.0,2025-11-07 07:00:00,0.0,2025-11-07 07:46:00,0.0,90.0,-1.0,1970-01-01 16:00,f8afa601-991c-4c98-9687-0d742b572538,46.0,63060051,63051050,2025-11-07 07:46,23.0,0.0,120000,16.0,gwtLszhLm4,0.0,5.0,44.0,0.0,34.0,15.0,0.0,2.0,12.0,1320000.0,com.sec.android.app.shealth,32400000,2.0,1.0,94.0,4,0.7666666666666667
2025-11-08 20:51:00,14.0,93.0,95.0,26.0,3.0,0,12.0,53.0,33.0,0.0,12.0,96.0,1970-01-02 08:00:00,145.0,10.0,549.0,2025-11-08 11:42:00,23.0,2025-11-08 20:51:00,145.0,89.0,-1.0,1970-01-01 16:00,edd924bf-38bf-4f09-a7a1-0021305f3a39,549.0,63060051,63051050,2025-11-08 20:51,23.0,79.0,180000,16.0,gwtLszhLm4,6.0,0.0,272.0,16.0,34.0,15.0,15.0,19.0,12.0,1260000.0,com.sec.android.app.shealth,32400000,2.0,22.0,90.0,5,9.15
2025-11-12 04:17:00,0.0,29.0,5.0,6.0,0.0,0,16.0,0.0,1.0,0.0,12.0,5.0,1970-01-02 08:00:00,16.0,10.0,16.0,2025-11-12 04:01:00,0.0,2025-11-12 05:42:00,0.0,50.0,-1.0,1970-01-01 16:00,1f51dd84-0614-40fb-b8ae-10d4f5910b2c,16.0,63060051,63051050,2025-11-12 04:17,23.0,0.0,900000,16.0,gwtLszhLm4,0.0,5.0,16.0,0.0,34.0,15.0,0.0,0.0,12.0,720000.0,com.sec.android.app.shealth,32400000,2.0,0.0,98.0,2,0.26666666666666666
2025-11-06 03:35:00,14.0,47.0,45.0,20.0,0.0,0,14.0,21.0,2.0,0.0,11.0,21.0,1970-01-02 08:00:00,74.0,10.0,183.0,2025-11-06 00:32:00,13.0,2025-11-06 18:54:00,11.0,86.0,-1.0,1970-01-01 16:00,ac285923-51fb-4b5b-979d-20b634ac4aa1,183.0,63060051,63051050,2025-11-06 03:35,23.0,41.0,240000,16.0,gwtLszhLm4,3.0,0.0,110.0,1.0,34.0,15.0,0.0,6.0,12.0,900000.0,com.sec.android.app.shealth,32400000,2.0,6.0,88.0,3,3.05
2025-11-06 18:54:00,14.0,66.0,19.0,9.0,0.0,0,16.0,4.0,2.0,0.0,12.0,72.0,1970-01-02 08:00:00,68.0,10.0,103.0,2025-11-06 17:04:00,8.0,2025-11-06 18:54:00,27.0,84.0,-1.0,1970-01-01 16:00,5c16bac7-7df4-4b7f-ac43-841288012079,103.0,63060051,63051050,2025-11-06 18:47,23.0,22.0,840000,16.0,gwtLszhLm4,1.0,0.0,50.0,1.0,34.0,15.0,0.0,3.0,12.0,600000.0,com.sec.android.app.shealth,32400000,2.0,22.0,96.0,3,1.8333333333333333
2025-11-14 03:18:00,11.0,31.0,22.0,26.0,0.0,0,11.0,11.0,1.0,0.0,6.0,11.0,1970-01-02 08:00:00,59.0,10.0,117.0,2025-11-14 01:21:00,21.0,2025-11-14 09:02:00,3.0,64.0,-1.0,1970-01-01 16:00,2343c4d3-c601-47c2-a3d5-f0094cf297b7,117.0,63060051,63060070,2025-11-14 03:18,26.0,26.0,2760000,16.0,gwtLszhLm4,1.0,0.0,77.0,1.0,34.0,18.0,4.0,7.0,6.0,60000.0,com.sec.android.app.shealth,32400000,2.0,2.0,92.0,4,1.95
2025-11-10 04:49:00,14.0,52.0,42.0,14.0,0.0,0,6.0,21.0,3.0,0.0,11.0,47.0,1970-01-02 08:00:00,24.0,10.0,203.0,2025-11-10 01:26:00,0.0,2025-11-10 04:49:00,28.0,89.0,-1.0,1970-01-01 16:00,01654e4d-12d8-43b8-9b12-a0644d6c5483,203.0,63060051,63051050,2025-11-10 04:49,23.0,35.0,60000,16.0,gwtLszhLm4,3.0,0.0,119.0,2.0,34.0,15.0,0.0,1.0,12.0,1380000.0,com.sec.android.app.shealth,32400000,2.0,18.0,89.0,0,3.3833333333333333
2025-11-11 03:25:00,11.0,43.0,12.0,30.0,0.0,0,9.0,21.0,2.0,0.0,11.0,23.0,1970-01-02 08:00:00,71.0,10.0,143.0,2025-11-11 01:02:00,8.0,2025-11-11 07:06:00,12.0,84.0,-1.0,1970-01-01 16:00,25d5c3d1-ef71-4e67-be8c-57d691327df5,143.0,63060051,63051050,2025-11-11 03:25,23.0,8.0,120000,16.0,gwtLszhLm4,2.0,0.0,102.0,0.0,34.0,15.0,10.0,6.0,12.0,900000.0,com.sec.android.app.shealth,32400000,2.0,10.0,85.0,1,2.3833333333333333
2025-11-09 15:00:00,14.0,71.0,59.0,20.0,0.0,0,16.0,31.0,9.0,0.0,11.0,70.0,1970-01-02 08:00:00,90.0,10.0,308.0,2025-11-09 09:52:00,23.0,2025-11-09 15:00:00,52.0,83.0,-1.0,1970-01-01 16:00,fc732ce2-c830-4b4d-9643-b1ff1e65c9ce,308.0,63060051,63051050,2025-11-09 15:00,23.0,38.0,1320000,16.0,gwtLszhLm4,4.0,0.0,187.0,7.0,34.0,15.0,4.0,7.0,12.0,900000.0,com.sec.android.app.shealth,32400000,2.0,21.0,90.0,6,5.133333333333334
2025-11-14 09:02:00,15.0,51.0,27.0,16.0,0.0,0,6.0,7.0,2.0,0.0,6.0,48.0,1970-01-02 08:00:00,64.0,10.0,119.0,2025-11-14 07:03:00,0.0,2025-11-14 09:02:00,19.0,92.0,-1.0,1970-01-01 16:00,147fe0a8-9102-4220-bcb6-244d54e43572,119.0,63060051,63060070,2025-11-14 09:02,26.0,31.0,60000,16.0,gwtLszhLm4,1.0,1.0,62.0,3.0,34.0,18.0,0.0,6.0,6.0,1380000.0,com.sec.android.app.shealth,32400000,2.0,22.0,93.0,4,1.9833333333333334
2025-11-08 08:38:00,14.0,34.0,11.0,25.0,0.0,0,6.0,9.0,2.0,0.0,11.0,7.0,1970-01-02 08:00:00,75.0,10.0,75.0,2025-11-08 07:23:00,11.0,2025-11-08 08:38:00,0.0,86.0,-1.0,1970-01-01 16:00,1b454dfc-7ac6-4539-bf10-fa0a09a77358,75.0,63060051,63051050,2025-11-08 08:38,23.0,11.0,60000,16.0,gwtLszhLm4,0.0,4.0,55.0,0.0,34.0,15.0,0.0,9.0,12.0,1380000.0,com.sec.android.app.shealth,32400000,2.0,1.0,87.0,5,1.25
2025-11-12 04:55:00,0.0,21.0,5.0,11.0,0.0,0,6.0,2.0,2.0,0.0,12.0,5.0,1970-01-02 08:00:00,37.0,10.0,37.0,2025-11-12 04:18:00,0.0,2025-11-12 05:42:00,0.0,92.0,-1.0,1970-01-01 16:00,589a5575-0b18-4e14-ac86-1911653dd352,37.0,63060051,63051050,2025-11-12 04:55,23.0,0.0,60000,16.0,gwtLszhLm4,0.0,5.0,35.0,0.0,34.0,15.0,0.0,2.0,12.0,1380000.0,com.sec.android.app.shealth,32400000,2.0,1.0,94.0,2,0.6166666666666667
2025-11-08 11:39:00,9.0,29.0,22.0,6.0,0.0,0,6.0,2.0,1.0,0.0,12.0,7.0,1970-01-02 08:00:00,83.0,10.0,83.0,2025-11-08 10:16:00,30.0,2025-11-08 11:39:00,0.0,52.0,-1.0,1970-01-01 16:00,f9425132-e1c1-47f9-aadd-e851441f5e2d,83.0,63060051,63051050,2025-11-08 11:39,23.0,30.0,4140000,16.0,gwtLszhLm4,0.0,0.0,51.0,0.0,34.0,15.0,0.0,2.0,12.0,900000.0,com.sec.android.app.shealth,32400000,2.0,1.0,98.0,5,1.3833333333333333
2025-11-14 04:55:00,0.0,18.0,5.0,13.0,0.0,0,12.0,1.0,0.0,0.0,6.0,5.0,1970-01-02 08:00:00,23.0,10.0,23.0,2025-11-14 04:32:00,0.0,2025-11-14 09:02:00,0.0,31.0,-1.0,1970-01-01 16:00,b6800c21-3d84-43eb-a731-d4048c19984a,23.0,63060051,63060070,2025-11-14 04:55,26.0,0.0,2700000,16.0,gwtLszhLm4,0.0,4.0,22.0,0.0,34.0,18.0,0.0,1.0,6.0,780000.0,com.sec.android.app.shealth,32400000,2.0,0.0,97.0,4,0.38333333333333336
2025-11-10 01:26:00,14.0,45.0,9.0,12.0,0.0,0,16.0,4.0,2.0,0.0,12.0,6.0,1970-01-02 08:00:00,65.0,10.0,65.0,2025-11-10 00:21:00,8.0,2025-11-10 04:49:00,0.0,80.0,-1.0,1970-01-01 16:00,ac81604f-165b-4f8c-88d8-b88bf34be361,65.0,63060051,63051050,2025-11-10 01:26,23.0,8.0,660000,16.0,gwtLszhLm4,0.0,3.0,53.0,0.0,34.0,15.0,0.0,4.0,12.0,780000.0,com.sec.android.app.shealth,32400000,2.0,1.0,94.0,0,1.0833333333333333
2025-11-11 07:06:00,12.0,57.0,26.0,9.0,0.0,0,6.0,11.0,4.0,0.0,12.0,84.0,1970-01-02 08:00:00,100.0,10.0,220.0,2025-11-11 03:26:00,4.0,2025-11-11 07:06:00,59.0,94.0,-1.0,1970-01-01 16:00,5714c2e6-54b0-45bb-bb73-f61ff8136976,220.0,63060051,63051050,2025-11-11 07:06,23.0,15.0,60000,16.0,gwtLszhLm4,2.0,0.0,135.0,2.0,34.0,15.0,0.0,4.0,12.0,1380000.0,com.sec.android.app.shealth,32400000,2.0,23.0,95.0,1,3.6666666666666665
2025-11-15 02:08:00,1.0,16.0,5.0,12.0,0.0,0,6.0,2.0,2.0,0.0,6.0,5.0,1970-01-02 08:00:00,33.0,10.0,33.0,2025-11-15 01:35:00,0.0,2025-11-15 07:20:00,0.0,91.0,-1.0,1970-01-01 16:00,6cde77c1-7abc-4d72-9592-91e7346f98a8,33.0,63060051,63060070,2025-11-15 02:08,26.0,0.0,60000,16.0,gwtLszhLm4,0.0,5.0,31.0,0.0,34.0,18.0,0.0,2.0,6.0,1380000.0,com.sec.android.app.shealth,32400000,2.0,1.0,94.0,5,0.55
2025-11-15 04:20:00,6.0,34.0,11.0,23.0,0.0,0,6.0,15.0,2.0,0.0,5.0,32.0,1970-01-02 08:00:00,127.0,10.0,132.0,2025-11-15 02:08:00,5.0,2025-11-15 07:20:00,15.0,87.0,-1.0,1970-01-01 16:00,32cdb741-f7fc-42c2-bf09-ad69d704913c,132.0,63060051,63060070,2025-11-15 04:20,26.0,5.0,60000,16.0,gwtLszhLm4,2.0,1.0,97.0,1.0,34.0,18.0,3.0,12.0,6.0,1380000.0,com.sec.android.app.shealth,32400000,2.0,15.0,88.0,5,2.2
2025-11-09 16:49:00,14.0,39.0,12.0,12.0,0.0,0,9.0,6.0,2.0,0.0,12.0,8.0,1970-01-02 08:00:00,108.0,10.0,108.0,2025-11-09 15:01:00,9.0,2025-11-09 16:49:00,1.0,92.0,-1.0,1970-01-01 16:00,d8487be9-0db9-475a-9835-416d38b3d0a9,108.0,63060051,63051050,2025-11-09 16:49,23.0,9.0,120000,16.0,gwtLszhLm4,0.0,1.0,92.0,0.0,34.0,15.0,0.0,6.0,12.0,1320000.0,com.sec.android.app.shealth,32400000,2.0,2.0,94.0,6,1.8
2025-11-13 08:14:00,15.0,84.0,77.0,17.0,0.0,0,16.0,42.0,25.0,0.0,6.0,83.0,1970-01-02 08:00:00,76.0,10.0,427.0,2025-11-13 01:07:00,17.0,2025-11-13 08:15:00,78.0,85.0,-1.0,1970-01-01 16:00,4a14d96b-7879-4c6f-8171-bc24341ceac1,427.0,63060051,63060070,2025-11-13 08:14,26.0,43.0,1440000,16.0,gwtLszhLm4,6.0,0.0,264.0,8.0,34.0,18.0,8.0,4.0,6.0,840000.0,com.sec.android.app.shealth,32400000,2.0,22.0,90.0,3,7.116666666666666
2025-11-12 05:42:00,0.0,21.0,6.0,9.0,0.0,0,6.0,2.0,2.0,0.0,12.0,6.0,1970-01-02 08:00:00,46.0,10.0,46.0,2025-11-12 04:56:00,0.0,2025-11-12 05:42:00,0.0,93.0,-1.0,1970-01-01 16:00,ab32a8d3-a0e9-4416-8daa-f08a6ceefe91,46.0,63060051,63051050,2025-11-12 05:42,23.0,0.0,60000,16.0,gwtLszhLm4,0.0,5.0,44.0,0.0,34.0,15.0,0.0,2.0,12.0,1380000.0,com.sec.android.app.shealth,32400000,2.0,1.0,95.0,2,0.7666666666666667
2025-11-16 20:21:00,15.0,30.0,23.0,17.0,0.0,0,6.0,16.0,2.0,0.0,5.0,9.0,1970-01-02 08:00:00,24.0,10.0,131.0,2025-11-16 18:10:00,0.0,2025-11-16 20:21:00,2.0,86.0,2.0,1970-01-01 16:00,29f24803-0bca-40c4-92ee-7a91d52588df,131.0,63060051,63060070,2025-11-16 20:21,26.0,25.0,60000,16.0,gwtLszhLm4,2.0,0.0,88.0,0.0,34.0,18.0,0.0,1.0,6.0,1380000.0,com.sec.android.app.shealth,32400000,2.0,2.0,87.0,6,2.183333333333333
2025-11-15 07:20:00,15.0,52.0,26.0,27.0,0.0,0,16.0,20.0,2.0,0.0,5.0,35.0,1970-01-02 08:00:00,88.0,10.0,172.0,2025-11-15 04:28:00,25.0,2025-11-15 07:20:00,19.0,84.0,-1.0,1970-01-01 16:00,4ece3443-af45-46fd-b9b7-78aaf0c9b511,172.0,63060051,63060070,2025-11-15 07:20,26.0,26.0,480000,16.0,gwtLszhLm4,3.0,0.0,107.0,0.0,34.0,18.0,12.0,7.0,6.0,960000.0,com.sec.android.app.shealth,32400000,2.0,14.0,88.0,5,2.8666666666666667
2025-11-17 08:30:00,16.0,61.0,50.0,11.0,0.0,0,6.0,20.0,9.0,0.0,6.0,82.0,1970-01-02 08:00:00,25.0,10.0,300.0,2025-11-17 03:30:00,0.0,2025-11-17 21:08:00,67.0,93.0,2.0,1970-01-01 16:00,b91e210e-dcf5-4227-ba14-ec1448fe6253,300.0,63060051,63060070,2025-11-17 08:30,26.0,29.0,60000,16.0,gwtLszhLm4,4.0,0.0,184.0,5.0,34.0,18.0,0.0,1.0,6.0,1380000.0,com.sec.android.app.shealth,32400000,2.0,24.0,93.0,0,5.0
2025-11-19 07:32:00,8.0,39.0,11.0,13.0,0.0,0,12.0,8.0,1.0,0.0,6.0,34.0,1970-01-02 08:00:00,78.0,10.0,114.0,2025-11-19 05:38:00,6.0,2025-11-19 07:32:00,14.0,67.0,2.0,1970-01-01 16:00,473512f7-1e8d-4ae3-9649-5f624631a02e,114.0,63060051,63060070,2025-11-19 07:32,26.0,6.0,2520000,16.0,gwtLszhLm4,1.0,0.0,86.0,0.0,34.0,18.0,0.0,4.0,6.0,1440000.0,com.sec.android.app.shealth,32400000,2.0,12.0,94.0,2,1.9
2025-11-16 09:02:00,16.0,41.0,12.0,8.0,0.0,0,16.0,3.0,2.0,0.0,6.0,7.0,1970-01-02 08:00:00,75.0,10.0,75.0,2025-11-16 07:47:00,13.0,2025-11-16 09:02:00,0.0,88.0,2.0,1970-01-01 16:00,d81fd804-ab40-4fbb-81ea-2fb42331576d,75.0,63060051,63060070,2025-11-16 09:02,26.0,13.0,360000,16.0,gwtLszhLm4,1.0,3.0,59.0,0.0,34.0,18.0,0.0,3.0,6.0,840000.0,com.sec.android.app.shealth,32400000,2.0,1.0,96.0,6,1.25
2025-11-12 03:16:00,14.0,58.0,45.0,22.0,0.0,0,16.0,28.0,4.0,0.0,11.0,40.0,1970-01-02 08:00:00,136.0,10.0,241.0,2025-11-11 23:15:00,4.0,2025-11-12 05:42:00,25.0,82.0,-1.0,1970-01-01 16:00,ca204654-db9e-41c0-9381-92a63e5f5747,241.0,63060051,63051050,2025-11-12 03:16,23.0,35.0,1020000,16.0,gwtLszhLm4,2.0,0.0,153.0,2.0,34.0,15.0,6.0,10.0,12.0,1200000.0,com.sec.android.app.shealth,32400000,2.0,13.0,89.0,1,4.016666666666667
2025-11-17 21:08:00,11.0,31.0,12.0,6.0,0.0,0,12.0,2.0,1.0,0.0,6.0,10.0,1970-01-02 08:00:00,80.0,10.0,81.0,2025-11-17 19:47:00,13.0,2025-11-17 21:08:00,2.0,63.0,2.0,1970-01-01 16:00,1ef1a476-d9f8-4b0b-abd1-bf143ccf4bdb,81.0,63060051,63060070,2025-11-17 21:08,26.0,13.0,2520000,16.0,gwtLszhLm4,1.0,0.0,64.0,0.0,34.0,18.0,0.0,2.0,6.0,600000.0,com.sec.android.app.shealth,32400000,2.0,1.0,97.0,0,1.35
2025-11-16 17:30:00,1.0,25.0,6.0,9.0,0.0,0,16.0,3.0,1.0,0.0,6.0,6.0,1970-01-02 08:00:00,65.0,10.0,65.0,2025-11-16 16:25:00,0.0,2025-11-16 17:30:00,1.0,71.0,2.0,1970-01-01 16:00,b32ded3e-c837-454c-99e6-fe1630e26f57,65.0,63060051,63060070,2025-11-16 17:30,26.0,0.0,1320000,16.0,gwtLszhLm4,0.0,2.0,61.0,0.0,34.0,18.0,0.0,3.0,6.0,660000.0,com.sec.android.app.shealth,32400000,2.0,1.0,96.0,6,1.0833333333333333
2025-11-15 01:35:00,15.0,40.0,13.0,9.0,0.0,0,16.0,4.0,2.0,0.0,6.0,7.0,1970-01-02 08:00:00,89.0,10.0,89.0,2025-11-15 00:06:00,14.0,2025-11-15 07:20:00,1.0,86.0,-1.0,1970-01-01 16:00,a6b7c323-3397-4b3a-b343-5dd8cc3f06aa,89.0,63060051,63060070,2025-11-15 01:35,26.0,14.0,540000,16.0,gwtLszhLm4,1.0,2.0,70.0,0.0,34.0,18.0,0.0,4.0,6.0,840000.0,com.sec.android.app.shealth,32400000,2.0,1.0,95.0,5,1.4833333333333334
2025-11-19 04:38:00,16.0,53.0,58.0,17.0,0.0,0,6.0,21.0,7.0,0.0,6.0,59.0,1970-01-02 08:00:00,130.0,10.0,284.0,2025-11-18 23:54:00,24.0,2025-11-19 07:32:00,38.0,92.0,2.0,1970-01-01 16:00,af9b3907-1ab7-4162-ae39-b0deb0f98143,284.0,63060051,63060070,2025-11-19 04:38,26.0,40.0,60000,16.0,gwtLszhLm4,3.0,0.0,185.0,2.0,34.0,18.0,3.0,10.0,6.0,1440000.0,com.sec.android.app.shealth,32400000,2.0,18.0,92.0,1,4.733333333333333
2025-11-20 07:00:00,8.0,65.0,52.0,15.0,0.0,0,6.0,37.0,22.0,0.0,6.0,84.0,1970-01-02 08:00:00,90.0,10.0,395.0,2025-11-20 00:25:00,5.0,2025-11-20 07:00:00,78.0,90.0,2.0,1970-01-01 16:00,dffad098-a874-44f7-ae02-6551a4c3a2ef,395.0,63060051,63060070,2025-11-20 07:00,26.0,18.0,60000,16.0,gwtLszhLm4,5.0,0.0,262.0,4.0,34.0,18.0,3.0,4.0,6.0,900000.0,com.sec.android.app.shealth,32400000,2.0,23.0,90.0,3,6.583333333333333
2025-11-18 13:27:00,14.0,38.0,8.0,10.0,0.0,0,16.0,3.0,1.0,0.0,6.0,6.0,1970-01-02 08:00:00,61.0,10.0,61.0,2025-11-18 12:26:00,7.0,2025-11-18 13:27:00,0.0,82.0,2.0,1970-01-01 16:00,2f322354-aac3-4b73-959b-59cbfb046c96,61.0,63060051,63060070,2025-11-18 13:27,26.0,7.0,540000,16.0,gwtLszhLm4,0.0,4.0,51.0,0.0,34.0,18.0,0.0,3.0,6.0,780000.0,com.sec.android.app.shealth,32400000,2.0,1.0,95.0,1,1.0166666666666666
2025-11-14 07:03:00,16.0,37.0,15.0,22.0,0.0,0,6.0,13.0,2.0,0.0,5.0,22.0,1970-01-02 08:00:00,76.0,10.0,127.0,2025-11-14 04:56:00,0.0,2025-11-14 09:02:00,10.0,89.0,-1.0,1970-01-01 16:00,d60fba07-ad61-476e-bb12-34ba8f5cc1c5,127.0,63060051,63060070,2025-11-14 07:03,26.0,15.0,60000,16.0,gwtLszhLm4,2.0,1.0,89.0,2.0,34.0,18.0,5.0,6.0,6.0,1380000.0,com.sec.android.app.shealth,32400000,2.0,8.0,89.0,4,2.1166666666666667
2025-11-20 07:27:00,1.0,16.0,5.0,7.0,0.0,0,6.0,1.0,2.0,0.0,6.0,5.0,1970-01-02 08:00:00,27.0,10.0,27.0,2025-11-20 07:00:00,0.0,2025-11-20 07:27:00,0.0,92.0,2.0,1970-01-01 16:00,757735ed-73d4-402b-acc1-af0529dfc3cb,27.0,63060051,63060070,2025-11-20 07:27,26.0,0.0,60000,16.0,gwtLszhLm4,0.0,5.0,26.0,0.0,34.0,18.0,0.0,1.0,6.0,1380000.0,com.sec.android.app.shealth,32400000,2.0,1.0,96.0,3,0.45
2025-11-17 11:02:00,1.0,46.0,10.0,21.0,0.0,0,16.0,13.0,2.0,0.0,6.0,63.0,1970-01-02 08:00:00,88.0,10.0,137.0,2025-11-17 08:45:00,1.0,2025-11-17 11:02:00,29.0,81.0,2.0,1970-01-01 16:00,92c236e2-d584-4a93-9140-6ac263570ba0,137.0,63060051,63060070,2025-11-17 11:02,26.0,1.0,900000,16.0,gwtLszhLm4,1.0,0.0,94.0,1.0,34.0,18.0,4.0,7.0,6.0,840000.0,com.sec.android.app.shealth,32400000,2.0,21.0,91.0,0,2.283333333333333
2025-11-23 07:32:00,15.0,74.0,64.0,18.0,0.0,0,15.0,31.0,17.0,0.0,6.0,79.0,1970-01-02 08:00:00,134.0,10.0,370.0,2025-11-23 01:22:00,22.0,2025-11-23 07:32:00,66.0,84.0,3.0,1970-01-01 16:00,372fd460-fb2d-4e6c-b308-7d0f371ad6fd,370.0,63060051,63060070,2025-11-23 07:32,26.0,34.0,1860000,16.0,gwtLszhLm4,3.0,0.0,239.0,2.0,34.0,18.0,3.0,12.0,6.0,960000.0,com.sec.android.app.shealth,32400000,2.0,21.0,92.0,6,6.166666666666667
2025-11-17 03:29:00,15.0,47.0,35.0,14.0,0.0,0,16.0,13.0,2.0,0.0,6.0,28.0,1970-01-02 08:00:00,86.0,10.0,173.0,2025-11-17 00:36:00,20.0,2025-11-17 21:08:00,14.0,85.0,2.0,1970-01-01 16:00,7ddb148c-ef80-4b0b-ac11-715a00680e69,173.0,63060051,63060070,2025-11-17 03:29,26.0,32.0,900000,16.0,gwtLszhLm4,2.0,0.0,114.0,0.0,34.0,18.0,0.0,6.0,6.0,1320000.0,com.sec.android.app.shealth,32400000,2.0,8.0,93.0,0,2.8833333333333333
2025-11-18 07:18:00,15.0,62.0,61.0,22.0,0.0,0,16.0,38.0,8.0,0.0,5.0,61.0,1970-01-02 08:00:00,113.0,10.0,321.0,2025-11-18 01:57:00,19.0,2025-11-18 07:18:00,44.0,84.0,2.0,1970-01-01 16:00,5862a80d-2a56-4055-967c-b36ed348a069,321.0,63060051,63060070,2025-11-18 07:18,26.0,42.0,780000,16.0,gwtLszhLm4,5.0,0.0,197.0,4.0,34.0,18.0,13.0,7.0,6.0,960000.0,com.sec.android.app.shealth,32400000,2.0,18.0,88.0,1,5.35
2025-11-20 08:32:00,0.0,26.0,6.0,7.0,0.0,0,16.0,2.0,2.0,0.0,6.0,6.0,1970-01-02 08:00:00,60.0,10.0,60.0,2025-11-20 07:32:00,0.0,2025-11-20 08:32:00,1.0,87.0,2.0,1970-01-01 16:00,9f15502f-a3a8-461c-b459-99adb70dd9e9,60.0,63060051,63060070,2025-11-20 08:32,26.0,0.0,360000,16.0,gwtLszhLm4,1.0,4.0,57.0,0.0,34.0,18.0,0.0,2.0,6.0,1080000.0,com.sec.android.app.shealth,32400000,2.0,2.0,96.0,3,1.0
2025-11-21 07:36:00,10.0,67.0,50.0,20.0,0.0,0,16.0,35.0,17.0,0.0,6.0,67.0,1970-01-02 08:00:00,197.0,10.0,367.0,2025-11-21 01:29:00,17.0,2025-11-21 07:36:00,49.0,89.0,2.0,1970-01-01 16:00,5e4999a5-670e-496f-bc87-4cb3427eb9f9,367.0,63060051,63060070,2025-11-21 07:36,26.0,19.0,360000,16.0,gwtLszhLm4,3.0,0.0,264.0,1.0,34.0,18.0,0.0,20.0,6.0,720000.0,com.sec.android.app.shealth,32400000,2.0,18.0,90.0,4,6.116666666666666
2025-11-24 23:48:00,14.0,39.0,45.0,19.0,0.0,0,16.0,16.0,2.0,0.0,6.0,12.0,1970-01-02 08:00:00,174.0,10.0,174.0,2025-11-24 20:54:00,42.0,2025-11-25 07:16:00,0.0,85.0,3.0,1970-01-01 16:00,16000030-75c5-4dec-b875-2806ec9746c3,174.0,63060051,63060070,2025-11-24 23:48,26.0,42.0,660000,16.0,gwtLszhLm4,1.0,0.0,116.0,0.0,34.0,18.0,0.0,16.0,6.0,780000.0,com.sec.android.app.shealth,32400000,2.0,1.0,91.0,0,2.9
2025-11-22 14:27:00,15.0,84.0,98.0,17.0,0.0,0,16.0,64.0,25.0,0.0,6.0,98.0,1970-01-02 08:00:00,87.0,10.0,659.0,2025-11-22 03:28:00,18.0,2025-11-22 14:27:00,182.0,87.0,2.0,1970-01-01 16:00,b3879b05-6d79-42d0-82c5-986347c1af03,659.0,63060051,63060070,2025-11-22 14:27,26.0,86.0,1080000,16.0,gwtLszhLm4,7.0,0.0,327.0,16.0,34.0,18.0,8.0,5.0,6.0,1020000.0,com.sec.android.app.shealth,32400000,2.0,22.0,90.0,5,10.983333333333333
2025-11-30 11:46:00,16.0,82.0,87.0,19.0,0.0,0,6.0,39.0,31.0,0.0,6.0,94.0,1970-01-02 08:00:00,173.0,10.0,494.0,2025-11-30 03:32:00,34.0,2025-11-30 11:46:00,125.0,91.0,2.0,1970-01-01 16:00,4023b06e-f5e5-4620-91a0-8e6abc0369d3,494.0,63060051,63060070,2025-11-30 11:46,26.0,51.0,60000,16.0,gwtLszhLm4,4.0,0.0,279.0,6.0,34.0,18.0,8.0,15.0,6.0,1380000.0,com.sec.android.app.shealth,32400000,2.0,23.0,92.0,6,8.233333333333333
2025-11-24 02:35:00,16.0,57.0,18.0,10.0,0.0,0,9.0,7.0,2.0,300000.0,6.0,61.0,1970-01-02 08:00:00,64.0,10.0,128.0,2025-11-24 00:22:00,0.0,2025-11-24 07:16:00,26.0,93.0,3.0,1970-01-01 16:00,ec6e5166-4453-445d-839e-32f91aa8eded,128.0,63060051,63060070,2025-11-24 02:30,26.0,17.0,120000,16.0,gwtLszhLm4,1.0,1.0,78.0,0.0,34.0,18.0,0.0,3.0,6.0,1320000.0,com.sec.android.app.shealth,32400000,2.0,24.0,94.0,0,2.216666666666667
2025-11-25 07:16:00,1.0,17.0,5.0,7.0,0.0,0,6.0,1.0,2.0,0.0,6.0,5.0,1970-01-02 08:00:00,41.0,10.0,41.0,2025-11-25 06:35:00,0.0,2025-11-25 07:16:00,0.0,94.0,3.0,1970-01-01 16:00,ac259f9b-0adb-43e3-af66-341b9f7dc68d,41.0,63060051,63060070,2025-11-25 07:16,26.0,0.0,60000,16.0,gwtLszhLm4,1.0,5.0,40.0,0.0,34.0,18.0,0.0,1.0,6.0,1440000.0,com.sec.android.app.shealth,32400000,2.0,2.0,96.0,1,0.6833333333333333
2025-11-27 01:56:00,15.0,35.0,18.0,21.0,0.0,0,12.0,13.0,2.0,0.0,5.0,9.0,1970-01-02 08:00:00,129.0,10.0,129.0,2025-11-26 23:47:00,17.0,2025-11-27 09:43:00,1.0,87.0,3.0,1970-01-01 16:00,b3fc73d9-4638-446d-a30c-75ea100e4fa1,129.0,63060051,63060070,2025-11-27 01:56,26.0,17.0,180000,16.0,gwtLszhLm4,1.0,1.0,98.0,0.0,34.0,18.0,0.0,13.0,6.0,960000.0,com.sec.android.app.shealth,32400000,2.0,1.0,89.0,2,2.15
2025-11-25 06:36:00,1.0,25.0,6.0,13.0,0.0,0,16.0,3.0,1.0,0.0,6.0,6.0,1970-01-02 08:00:00,55.0,10.0,55.0,2025-11-25 05:41:00,0.0,2025-11-25 07:16:00,0.0,76.0,3.0,1970-01-01 16:00,b321fdb5-2f7c-4f55-87b4-2ed9e410efe5,55.0,63060051,63060070,2025-11-25 06:36,26.0,0.0,720000,16.0,gwtLszhLm4,0.0,4.0,52.0,0.0,34.0,18.0,0.0,3.0,6.0,720000.0,com.sec.android.app.shealth,32400000,2.0,1.0,94.0,1,0.9166666666666666
2025-11-23 13:14:00,11.0,32.0,16.0,15.0,0.0,0,6.0,14.0,2.0,0.0,6.0,22.0,1970-01-02 08:00:00,44.0,10.0,163.0,2025-11-23 10:31:00,0.0,2025-11-23 13:14:00,11.0,90.0,3.0,1970-01-01 16:00,0c6267c0-587b-4b12-919e-c0d620afd5d1,163.0,63060051,63060070,2025-11-23 13:14,26.0,9.0,60000,16.0,gwtLszhLm4,2.0,0.0,129.0,2.0,34.0,18.0,0.0,3.0,6.0,1380000.0,com.sec.android.app.shealth,32400000,2.0,7.0,91.0,6,2.716666666666667
2025-11-27 07:23:00,12.0,66.0,42.0,17.0,0.0,0,16.0,24.0,10.0,0.0,6.0,72.0,1970-01-02 08:00:00,118.0,10.0,317.0,2025-11-27 02:06:00,9.0,2025-11-27 09:43:00,53.0,89.0,3.0,1970-01-01 16:00,0dd59aa2-1260-405d-8d58-715b2e9d2043,317.0,63060051,63060070,2025-11-27 07:23,26.0,19.0,540000,16.0,gwtLszhLm4,3.0,0.0,221.0,2.0,34.0,18.0,3.0,9.0,6.0,240000.0,com.sec.android.app.shealth,32400000,2.0,22.0,92.0,3,5.283333333333333
2025-11-25 07:16:00,0.0,25.0,8.0,77.0,0.0,0,16.0,39.0,1.0,,0.0,14.0,1970-01-02 08:00:00,20.0,10.0,95.0,2025-11-25 05:41:00,0.0,2025-11-25 07:16:00,7.0,51.0,3.0,1970-01-01 16:00,6767c1de-bbde-4691-b133-d8ba257887ed,95.0,63060070,63060070,2025-11-25 07:16,26.0,0.0,720000,16.0,S/po1T0A5u,1.0,2.0,49.0,0.0,34.0,18.0,31.0,0.0,6.0,,com.sec.android.app.shealth,32400000,2.0,8.0,63.0,1,1.5833333333333333
2025-11-25 05:29:00,0.0,23.0,5.0,15.0,0.0,0,16.0,2.0,1.0,0.0,6.0,5.0,1970-01-02 08:00:00,27.0,10.0,27.0,2025-11-25 05:02:00,0.0,2025-11-25 07:16:00,0.0,52.0,3.0,1970-01-01 16:00,26bb1eb9-21b8-464a-a390-cf2227e2279f,27.0,63060051,63060070,2025-11-25 05:29,26.0,0.0,1260000,16.0,gwtLszhLm4,0.0,5.0,25.0,0.0,34.0,18.0,0.0,2.0,6.0,780000.0,com.sec.android.app.shealth,32400000,2.0,0.0,95.0,1,0.45
2025-11-24 04:48:00,0.0,13.0,7.0,21.0,0.0,0,7.0,8.0,1.0,0.0,5.0,7.0,1970-01-02 08:00:00,75.0,10.0,75.0,2025-11-24 03:33:00,0.0,2025-11-24 07:16:00,0.0,48.0,3.0,1970-01-01 16:00,09b9bfcf-dc34-4d65-9fc1-62d1e17951ce,75.0,63060051,63060070,2025-11-24 04:48,26.0,0.0,3780000,16.0,gwtLszhLm4,0.0,0.0,67.0,0.0,34.0,18.0,0.0,8.0,6.0,1020000.0,com.sec.android.app.shealth,32400000,2.0,0.0,94.0,0,1.25
2025-11-30 03:31:00,14.0,38.0,9.0,11.0,0.0,0,16.0,3.0,1.0,0.0,6.0,6.0,1970-01-02 08:00:00,64.0,10.0,64.0,2025-11-30 02:27:00,8.0,2025-11-30 11:46:00,0.0,79.0,2.0,1970-01-01 16:00,8076af23-101a-4ced-886e-652d9be7342c,64.0,63060051,63060070,2025-11-30 03:31,26.0,8.0,720000,16.0,gwtLszhLm4,0.0,4.0,53.0,0.0,34.0,18.0,0.0,3.0,6.0,600000.0,com.sec.android.app.shealth,32400000,2.0,1.0,95.0,6,1.0666666666666667
2025-11-26 07:12:00,2.0,55.0,28.0,16.0,0.0,0,14.0,28.0,11.0,0.0,6.0,74.0,1970-01-02 08:00:00,83.0,10.0,325.0,2025-11-26 01:47:00,1.0,2025-11-26 07:12:00,57.0,90.0,3.0,1970-01-01 16:00,63ef9cf0-4e21-4f3e-b753-ddb8b85c4dcf,325.0,63060051,63060070,2025-11-26 07:12,26.0,4.0,240000,16.0,gwtLszhLm4,4.0,0.0,236.0,4.0,34.0,18.0,3.0,5.0,6.0,1020000.0,com.sec.android.app.shealth,32400000,2.0,22.0,91.0,2,5.416666666666667
2025-12-06 11:52:00,1.0,30.0,8.0,16.0,0.0,0,6.0,7.0,2.0,0.0,6.0,30.0,1970-01-02 08:00:00,56.0,10.0,93.0,2025-12-06 10:19:00,0.0,2025-12-06 11:52:00,11.0,90.0,3.0,1970-01-01 16:00,663ec9c8-ac26-4284-811d-91f9ff784ede,93.0,63060051,63060070,2025-12-06 11:52,26.0,0.0,60000,16.0,gwtLszhLm4,2.0,2.0,75.0,0.0,34.0,18.0,0.0,4.0,6.0,1380000.0,com.sec.android.app.shealth,32400000,2.0,15.0,92.0,5,1.55
2025-11-24 07:16:00,9.0,32.0,7.0,27.0,0.0,0,16.0,6.0,1.0,0.0,5.0,6.0,1970-01-02 08:00:00,55.0,10.0,55.0,2025-11-24 06:21:00,3.0,2025-11-24 07:16:00,0.0,68.0,3.0,1970-01-01 16:00,fe909782-fe04-4d4f-9f26-718cc7b70147,55.0,63060051,63060070,2025-11-24 07:16,26.0,3.0,1020000,16.0,gwtLszhLm4,0.0,4.0,46.0,0.0,34.0,18.0,3.0,6.0,6.0,840000.0,com.sec.android.app.shealth,32400000,2.0,1.0,91.0,0,0.9166666666666666
2025-11-27 09:43:00,1.0,30.0,10.0,17.0,0.0,0,6.0,11.0,2.0,0.0,6.0,34.0,1970-01-02 08:00:00,94.0,10.0,139.0,2025-11-27 07:24:00,0.0,2025-11-27 09:43:00,16.0,91.0,3.0,1970-01-01 16:00,71975fe4-e42e-4426-8239-e0a4d07bbb49,139.0,63060051,63060070,2025-11-27 09:43,26.0,1.0,60000,16.0,gwtLszhLm4,2.0,0.0,111.0,1.0,34.0,18.0,3.0,7.0,6.0,1380000.0,com.sec.android.app.shealth,32400000,2.0,15.0,92.0,3,2.316666666666667
2025-12-02 06:51:00,15.0,71.0,68.0,24.0,0.0,0,16.0,37.0,16.0,0.0,5.0,70.0,1970-01-02 08:00:00,257.0,10.0,369.0,2025-12-02 00:42:00,41.0,2025-12-02 06:51:00,54.0,87.0,3.0,1970-01-01 16:00,1fb66c66-3c97-4243-b9d7-aa4d40d03bcb,369.0,63060051,63060070,2025-12-02 06:51,26.0,41.0,600000,16.0,gwtLszhLm4,2.0,0.0,237.0,3.0,34.0,18.0,9.0,28.0,6.0,960000.0,com.sec.android.app.shealth,32400000,2.0,19.0,90.0,1,6.15
2025-11-25 04:41:00,14.0,46.0,35.0,16.0,0.0,0,15.0,15.0,2.0,0.0,6.0,32.0,1970-01-02 08:00:00,187.0,10.0,187.0,2025-11-25 01:34:00,30.0,2025-11-25 07:16:00,17.0,78.0,3.0,1970-01-01 16:00,d035c5a2-74d0-49a6-aee2-62e4cf204809,187.0,63060051,63060070,2025-11-25 04:41,26.0,30.0,1980000,16.0,gwtLszhLm4,1.0,0.0,125.0,1.0,34.0,18.0,0.0,15.0,6.0,1200000.0,com.sec.android.app.shealth,32400000,2.0,9.0,93.0,1,3.1166666666666667
2025-11-28 08:12:00,15.0,78.0,73.0,16.0,0.0,0,6.0,37.0,28.0,0.0,6.0,83.0,1970-01-02 08:00:00,142.0,10.0,435.0,2025-11-28 00:57:00,23.0,2025-11-28 08:13:00,76.0,91.0,3.0,1970-01-01 16:00,2daf1623-27fd-44de-9d5d-d2fb124fa183,435.0,63060051,63060070,2025-11-28 08:12,26.0,33.0,60000,16.0,gwtLszhLm4,4.0,0.0,289.0,6.0,34.0,18.0,0.0,11.0,6.0,960000.0,com.sec.android.app.shealth,32400000,2.0,23.0,91.0,4,7.25
2025-11-29 15:21:00,16.0,92.0,97.0,14.0,0.0,0,16.0,32.0,31.0,0.0,6.0,96.0,1970-01-02 08:00:00,170.0,10.0,513.0,2025-11-29 06:48:00,42.0,2025-11-29 15:21:00,152.0,91.0,2.0,1970-01-01 16:00,c224c3e4-e62a-4c71-8410-74fc1823b2c9,513.0,63060051,63060070,2025-11-29 15:21,26.0,100.0,780000,16.0,gwtLszhLm4,5.0,0.0,229.0,9.0,34.0,18.0,6.0,10.0,6.0,720000.0,com.sec.android.app.shealth,32400000,2.0,23.0,93.0,5,8.55
2025-12-04 09:15:00,15.0,87.0,87.0,21.0,0.0,0,16.0,43.0,28.0,0.0,6.0,88.0,1970-01-02 08:00:00,70.0,10.0,456.0,2025-12-04 01:39:00,6.0,2025-12-04 09:15:00,91.0,84.0,3.0,1970-01-01 16:00,f3fd5866-4453-40c7-a0e1-319da7d025ef,456.0,63060051,63060070,2025-12-04 09:15,26.0,55.0,1800000,16.0,gwtLszhLm4,6.0,0.0,267.0,7.0,34.0,18.0,4.0,7.0,6.0,960000.0,com.sec.android.app.shealth,32400000,2.0,22.0,91.0,3,7.6
2025-12-05 07:35:00,14.0,53.0,68.0,19.0,0.0,0,12.0,26.0,6.0,0.0,6.0,56.0,1970-01-02 08:00:00,95.0,10.0,290.0,2025-12-05 02:45:00,27.0,2025-12-05 07:35:00,37.0,79.0,3.0,1970-01-01 16:00,fa9ce69a-b4fa-4960-a2e7-b0c47426755a,290.0,63060051,63060070,2025-12-05 07:35,26.0,52.0,2520000,16.0,gwtLszhLm4,3.0,0.0,175.0,4.0,34.0,18.0,7.0,7.0,6.0,960000.0,com.sec.android.app.shealth,32400000,2.0,15.0,92.0,4,4.833333333333333
2025-12-07 12:56:00,1.0,16.0,8.0,11.0,0.0,0,6.0,5.0,2.0,0.0,6.0,8.0,1970-01-02 08:00:00,93.0,10.0,93.0,2025-12-07 11:23:00,0.0,2025-12-07 12:56:00,0.0,93.0,3.0,1970-01-01 16:00,0bd832a5-776b-4988-b694-fc935fa75c86,93.0,63060051,63060070,2025-12-07 12:56,26.0,0.0,60000,16.0,gwtLszhLm4,0.0,2.0,88.0,0.0,34.0,18.0,0.0,5.0,6.0,1380000.0,com.sec.android.app.shealth,32400000,2.0,1.0,94.0,6,1.55
2025-12-06 10:18:00,16.0,54.0,33.0,12.0,0.0,0,6.0,20.0,3.0,0.0,6.0,66.0,1970-01-02 08:00:00,67.0,10.0,217.0,2025-12-06 06:41:00,22.0,2025-12-06 10:18:00,41.0,90.0,3.0,1970-01-01 16:00,9c1d4912-f45a-46c7-b1fd-fdd60e5c7935,217.0,63060051,63060070,2025-12-06 10:18,26.0,23.0,60000,16.0,gwtLszhLm4,4.0,0.0,133.0,3.0,34.0,18.0,0.0,2.0,6.0,780000.0,com.sec.android.app.shealth,32400000,2.0,23.0,90.0,5,3.6166666666666667
2025-12-08 05:13:00,0.0,22.0,5.0,10.0,0.0,0,14.0,1.0,1.0,0.0,6.0,5.0,1970-01-02 08:00:00,20.0,10.0,20.0,2025-12-08 04:53:00,0.0,2025-12-08 05:13:00,0.0,79.0,3.0,1970-01-01 16:00,ef5963fe-10ff-46ed-8ab1-7598983fad06,20.0,63060051,63060070,2025-12-08 05:13,26.0,0.0,240000,16.0,gwtLszhLm4,0.0,5.0,19.0,0.0,34.0,18.0,0.0,1.0,6.0,900000.0,com.sec.android.app.shealth,32400000,2.0,1.0,95.0,0,0.3333333333333333
2025-12-03 08:34:00,16.0,85.0,84.0,13.0,0.0,0,12.0,27.0,27.0,0.0,6.0,90.0,1970-01-02 08:00:00,95.0,10.0,417.0,2025-12-03 01:37:00,24.0,2025-12-03 08:34:00,96.0,92.0,3.0,1970-01-01 16:00,66cc62ce-c127-4746-a8de-f97ae5c276cc,417.0,63060051,63060070,2025-12-03 08:34,26.0,54.0,180000,16.0,gwtLszhLm4,4.0,0.0,240.0,2.0,34.0,18.0,0.0,6.0,6.0,960000.0,com.sec.android.app.shealth,32400000,2.0,24.0,93.0,2,6.95
2025-12-06 14:58:00,13.0,40.0,20.0,17.0,0.0,0,9.0,20.0,2.0,0.0,5.0,31.0,1970-01-02 08:00:00,49.0,10.0,185.0,2025-12-06 11:53:00,0.0,2025-12-06 14:58:00,17.0,87.0,3.0,1970-01-01 16:00,08e3d99d-97b2-44e3-94c1-5c127850fba2,185.0,63060051,63060070,2025-12-06 14:58,26.0,12.0,120000,16.0,gwtLszhLm4,3.0,0.0,136.0,2.0,34.0,18.0,0.0,3.0,6.0,1320000.0,com.sec.android.app.shealth,32400000,2.0,11.0,89.0,5,3.0833333333333335
2025-12-09 06:55:00,16.0,86.0,88.0,14.0,0.0,0,16.0,25.0,25.0,0.0,6.0,88.0,1970-01-02 08:00:00,104.0,10.0,403.0,2025-12-09 00:12:00,25.0,2025-12-09 06:55:00,88.0,91.0,3.0,1970-01-01 16:00,5111d333-84a9-41ff-a23f-36829c65dd25,403.0,63060051,63060070,2025-12-09 06:55,26.0,68.0,480000,16.0,gwtLszhLm4,4.0,0.0,222.0,4.0,34.0,18.0,6.0,6.0,6.0,1080000.0,com.sec.android.app.shealth,32400000,2.0,23.0,93.0,1,6.716666666666667
2025-12-12 08:11:00,16.0,79.0,70.0,8.0,0.0,0,16.0,16.0,18.0,0.0,6.0,89.0,1970-01-02 08:00:00,146.0,10.0,356.0,2025-12-12 02:15:00,22.0,2025-12-12 08:11:00,84.0,91.0,3.0,1970-01-01 16:00,5ffbdf63-bfe7-4b48-a722-25bf77c56763,356.0,63060051,63060070,2025-12-12 08:11,26.0,42.0,1020000,16.0,gwtLszhLm4,3.0,0.0,214.0,1.0,34.0,18.0,0.0,5.0,6.0,900000.0,com.sec.android.app.shealth,32400000,2.0,23.0,95.0,4,5.933333333333334
2025-12-07 11:22:00,6.0,71.0,51.0,15.0,0.0,0,15.0,34.0,22.0,0.0,6.0,89.0,1970-01-02 08:00:00,106.0,10.0,401.0,2025-12-07 04:41:00,7.0,2025-12-07 12:56:00,95.0,84.0,3.0,1970-01-01 16:00,df0a4018-9843-4ff2-bdca-e4c3426baf2f,401.0,63060051,63060070,2025-12-07 11:22,26.0,15.0,1920000,16.0,gwtLszhLm4,4.0,0.0,257.0,5.0,34.0,18.0,0.0,6.0,6.0,900000.0,com.sec.android.app.shealth,32400000,2.0,22.0,92.0,6,6.683333333333334
2025-12-09 07:34:00,0.0,24.0,5.0,6.0,0.0,0,16.0,1.0,1.0,0.0,6.0,5.0,1970-01-02 08:00:00,34.0,10.0,34.0,2025-12-09 07:00:00,0.0,2025-12-09 07:34:00,0.0,82.0,3.0,1970-01-01 16:00,701ec8c8-d2e0-491b-9f30-d72f411c96fe,34.0,63060051,63060070,2025-12-09 07:34,26.0,0.0,360000,16.0,gwtLszhLm4,0.0,5.0,33.0,0.0,34.0,18.0,0.0,1.0,6.0,1080000.0,com.sec.android.app.shealth,32400000,2.0,1.0,97.0,1,0.5666666666666667
2025-12-10 04:33:00,12.0,41.0,36.0,14.0,0.0,0,7.0,12.0,2.0,0.0,6.0,49.0,1970-01-02 08:00:00,106.0,10.0,185.0,2025-12-10 01:28:00,21.0,2025-12-10 08:41:00,26.0,68.0,3.0,1970-01-01 16:00,416b8ae2-1cb2-406f-abc2-df67983aa708,185.0,63060051,63060070,2025-12-10 04:33,26.0,32.0,4080000,16.0,gwtLszhLm4,2.0,0.0,115.0,0.0,34.0,18.0,0.0,7.0,6.0,780000.0,com.sec.android.app.shealth,32400000,2.0,14.0,95.0,2,3.0833333333333335
2025-12-07 04:09:00,12.0,30.0,22.0,28.0,0.0,0,11.0,22.0,1.0,0.0,5.0,12.0,1970-01-02 08:00:00,176.0,10.0,176.0,2025-12-07 01:13:00,18.0,2025-12-07 12:56:00,0.0,68.0,3.0,1970-01-01 16:00,62affff2-8f6a-4d7c-8ea1-c16015a5a7f5,176.0,63060051,63060070,2025-12-07 04:09,26.0,18.0,2880000,16.0,gwtLszhLm4,0.0,0.0,136.0,0.0,34.0,18.0,4.0,22.0,6.0,600000.0,com.sec.android.app.shealth,32400000,2.0,1.0,89.0,6,2.933333333333333
2025-12-13 08:45:00,15.0,61.0,23.0,16.0,0.0,0,16.0,11.0,2.0,0.0,6.0,66.0,1970-01-02 08:00:00,94.0,10.0,134.0,2025-12-13 06:31:00,23.0,2025-12-13 08:45:00,30.0,87.0,3.0,1970-01-01 16:00,4681416d-7397-44ec-bf35-1b409fb18eb0,134.0,63060051,63060070,2025-12-13 08:45,26.0,23.0,360000,16.0,gwtLszhLm4,3.0,0.0,70.0,1.0,34.0,18.0,0.0,7.0,6.0,960000.0,com.sec.android.app.shealth,32400000,2.0,22.0,92.0,5,2.2333333333333334
2025-12-11 10:44:00,11.0,34.0,10.0,21.0,0.0,0,16.0,7.0,1.0,0.0,5.0,7.0,1970-01-02 08:00:00,72.0,10.0,72.0,2025-12-11 09:32:00,10.0,2025-12-11 10:44:00,0.0,64.0,3.0,1970-01-01 16:00,15a916fa-9780-45b3-ab1b-93fe0f601b88,72.0,63060051,63060070,2025-12-11 10:44,26.0,10.0,1680000,16.0,gwtLszhLm4,0.0,2.0,55.0,0.0,34.0,18.0,0.0,7.0,6.0,60000.0,com.sec.android.app.shealth,32400000,2.0,1.0,92.0,3,1.2
2025-12-13 14:28:00,14.0,38.0,9.0,11.0,0.0,0,16.0,3.0,1.0,0.0,6.0,6.0,1970-01-02 08:00:00,65.0,10.0,65.0,2025-12-13 13:23:00,8.0,2025-12-13 14:28:00,0.0,78.0,3.0,1970-01-01 16:00,f8e1d90b-d62f-45b0-b85f-934ef756339c,65.0,63060051,63060070,2025-12-13 14:28,26.0,8.0,780000,16.0,gwtLszhLm4,0.0,3.0,54.0,0.0,34.0,18.0,0.0,3.0,6.0,660000.0,com.sec.android.app.shealth,32400000,2.0,1.0,95.0,5,1.0833333333333333
2025-12-08 04:28:00,14.0,56.0,41.0,21.0,0.0,0,16.0,35.0,5.0,0.0,5.0,51.0,1970-01-02 08:00:00,112.0,10.0,285.0,2025-12-07 23:43:00,11.0,2025-12-08 05:13:00,35.0,83.0,3.0,1970-01-01 16:00,b365fccf-ffbc-43d1-ba35-a5222b89c237,285.0,63060051,63060070,2025-12-08 04:28,26.0,24.0,840000,16.0,gwtLszhLm4,2.0,0.0,191.0,1.0,34.0,18.0,4.0,8.0,6.0,720000.0,com.sec.android.app.shealth,32400000,2.0,16.0,88.0,6,4.75
2025-12-14 16:10:00,1.0,16.0,6.0,11.0,0.0,0,6.0,3.0,2.0,0.0,6.0,6.0,1970-01-02 08:00:00,64.0,10.0,64.0,2025-12-14 15:06:00,0.0,2025-12-14 16:10:00,0.0,93.0,3.0,1970-01-01 16:00,4f80f4c3-7131-45c3-98dc-b8f3080e0abb,64.0,63060051,63060070,2025-12-14 16:10,26.0,0.0,60000,16.0,gwtLszhLm4,0.0,4.0,61.0,0.0,34.0,18.0,0.0,3.0,6.0,1380000.0,com.sec.android.app.shealth,32400000,2.0,1.0,94.0,6,1.0666666666666667
2025-12-11 09:05:00,11.0,67.0,58.0,22.0,0.0,0,10.0,40.0,20.0,0.0,6.0,82.0,1970-01-02 08:00:00,130.0,10.0,406.0,2025-12-11 02:19:00,18.0,2025-12-11 09:05:00,74.0,79.0,3.0,1970-01-01 16:00,165dcc0d-538f-4420-8506-ef53f03ac381,406.0,63060051,63060070,2025-12-11 09:05,26.0,25.0,3120000,16.0,gwtLszhLm4,5.0,0.0,267.0,5.0,34.0,18.0,9.0,12.0,6.0,780000.0,com.sec.android.app.shealth,32400000,2.0,20.0,91.0,3,6.766666666666667
2025-12-20 12:09:00,16.0,55.0,32.0,9.0,0.0,0,6.0,10.0,3.0,0.0,6.0,69.0,1970-01-02 08:00:00,62.0,10.0,191.0,2025-12-20 08:58:00,0.0,2025-12-20 12:09:00,39.0,94.0,2.0,1970-01-01 16:00,2e1e0bdb-bba7-40bd-964a-853db127ba79,191.0,63060051,63070030,2025-12-20 12:09,26.0,26.0,60000,16.0,gwtLszhLm4,1.0,0.0,116.0,3.0,34.0,18.0,0.0,2.0,6.0,1380000.0,com.sec.android.app.shealth,32400000,2.0,24.0,94.0,5,3.183333333333333
2025-12-13 11:38:00,16.0,49.0,16.0,13.0,0.0,0,6.0,10.0,2.0,0.0,6.0,43.0,1970-01-02 08:00:00,56.0,10.0,134.0,2025-12-13 09:24:00,0.0,2025-12-13 11:38:00,19.0,91.0,3.0,1970-01-01 16:00,eb6a4c4e-7374-41a3-82cf-7afbc6f7952f,134.0,63060051,63060070,2025-12-13 11:38,26.0,13.0,60000,16.0,gwtLszhLm4,3.0,0.0,92.0,1.0,34.0,18.0,0.0,3.0,6.0,1380000.0,com.sec.android.app.shealth,32400000,2.0,19.0,92.0,5,2.2333333333333334
2025-12-13 13:11:00,16.0,34.0,10.0,10.0,0.0,0,9.0,4.0,2.0,0.0,6.0,7.0,1970-01-02 08:00:00,92.0,10.0,92.0,2025-12-13 11:39:00,8.0,2025-12-13 13:11:00,1.0,93.0,3.0,1970-01-01 16:00,07774355-9fbe-463f-9b3f-109722716714,92.0,63060051,63060070,2025-12-13 13:11,26.0,8.0,120000,16.0,gwtLszhLm4,1.0,2.0,79.0,0.0,34.0,18.0,0.0,4.0,6.0,1320000.0,com.sec.android.app.shealth,32400000,2.0,1.0,95.0,5,1.5333333333333334
2025-12-17 02:13:00,13.0,28.0,7.0,3.0,0.0,0,6.0,1.0,2.0,0.0,6.0,6.0,1970-01-02 08:00:00,59.0,10.0,59.0,2025-12-17 01:14:00,4.0,2025-12-17 07:00:00,0.0,96.0,2.0,1970-01-01 16:00,f7a24a9f-4114-4e69-b9a0-4a018c2ecb50,59.0,63060051,63070030,2025-12-17 02:13,26.0,4.0,60000,16.0,gwtLszhLm4,0.0,4.0,54.0,0.0,34.0,18.0,0.0,1.0,6.0,1380000.0,com.sec.android.app.shealth,32400000,2.0,1.0,98.0,2,0.9833333333333333
2025-12-14 15:06:00,15.0,41.0,18.0,17.0,0.0,0,16.0,10.0,2.0,0.0,6.0,9.0,1970-01-02 08:00:00,123.0,10.0,123.0,2025-12-14 13:03:00,18.0,2025-12-14 15:06:00,2.0,85.0,3.0,1970-01-01 16:00,969afc98-c301-42ff-b80b-f77ce4dddd5f,123.0,63060051,63060070,2025-12-14 15:06,26.0,18.0,540000,16.0,gwtLszhLm4,1.0,1.0,93.0,0.0,34.0,18.0,0.0,10.0,6.0,900000.0,com.sec.android.app.shealth,32400000,2.0,2.0,92.0,6,2.05
2025-12-10 08:41:00,16.0,65.0,56.0,9.0,0.0,0,16.0,13.0,4.0,0.0,6.0,85.0,1970-01-02 08:00:00,108.0,10.0,230.0,2025-12-10 04:51:00,39.0,2025-12-10 08:41:00,63.0,91.0,3.0,1970-01-01 16:00,635be6f8-dd90-4b3b-ac6b-f8ec360b4f26,230.0,63060051,63060070,2025-12-10 08:41,26.0,45.0,420000,16.0,gwtLszhLm4,2.0,0.0,109.0,3.0,34.0,18.0,0.0,3.0,6.0,780000.0,com.sec.android.app.shealth,32400000,2.0,23.0,94.0,2,3.8333333333333335
2025-12-17 01:14:00,11.0,35.0,20.0,6.0,0.0,0,16.0,2.0,1.0,0.0,6.0,7.0,1970-01-02 08:00:00,72.0,10.0,72.0,2025-12-17 00:02:00,29.0,2025-12-17 07:00:00,0.0,76.0,2.0,1970-01-01 16:00,b0d8d7f9-9556-4b9a-9f13-fb92ae735434,72.0,63060051,63070030,2025-12-17 01:14,26.0,29.0,1200000,16.0,gwtLszhLm4,0.0,2.0,41.0,0.0,34.0,18.0,0.0,2.0,6.0,600000.0,com.sec.android.app.shealth,32400000,2.0,1.0,97.0,2,1.2
2025-12-19 08:13:00,14.0,68.0,91.0,10.0,0.0,0,5.0,18.0,23.0,,6.0,93.0,1970-01-02 08:00:00,86.0,10.0,399.0,2025-12-19 01:29:00,18.0,2025-12-19 08:13:00,107.0,80.0,2.0,1970-01-01 16:00,1bef857a-5484-455c-88cb-9acfa7a2bf25,399.0,63070030,63070030,2025-12-19 08:08,26.0,76.0,4560000,16.0,S/po1T0A5u,5.0,0.0,198.0,4.0,34.0,18.0,0.0,5.0,6.0,,com.sec.android.app.shealth,32400000,2.0,20.0,96.0,4,6.733333333333333
2025-12-15 21:11:00,13.0,55.0,14.0,11.0,0.0,0,16.0,7.0,1.0,0.0,6.0,54.0,1970-01-02 08:00:00,93.0,10.0,125.0,2025-12-15 19:06:00,5.0,2025-12-15 21:11:00,22.0,76.0,2.0,1970-01-01 16:00,3ba65e69-8068-432e-b17e-de9db2363055,125.0,63060051,63060070,2025-12-15 21:11,26.0,11.0,1680000,16.0,gwtLszhLm4,1.0,0.0,85.0,0.0,34.0,18.0,0.0,5.0,6.0,780000.0,com.sec.android.app.shealth,32400000,2.0,19.0,95.0,0,2.0833333333333335
2025-12-14 12:55:00,15.0,80.0,82.0,17.0,0.0,0,16.0,27.0,21.0,0.0,6.0,91.0,1970-01-02 08:00:00,190.0,10.0,384.0,2025-12-14 06:31:00,42.0,2025-12-14 12:55:00,99.0,87.0,3.0,1970-01-01 16:00,5b96e09a-2b25-4687-a8b0-47df575b03d7,384.0,63060051,63060070,2025-12-14 12:55,26.0,57.0,1320000,16.0,gwtLszhLm4,4.0,0.0,201.0,5.0,34.0,18.0,5.0,16.0,6.0,1140000.0,com.sec.android.app.shealth,32400000,2.0,22.0,93.0,6,6.4
2025-12-17 05:24:00,16.0,55.0,32.0,12.0,0.0,0,6.0,12.0,3.0,0.0,6.0,72.0,1970-01-02 08:00:00,104.0,10.0,191.0,2025-12-17 02:13:00,27.0,2025-12-17 07:00:00,42.0,92.0,2.0,1970-01-01 16:00,a2a21302-2218-4b4f-a06b-a9b51960dbb7,191.0,63060051,63070030,2025-12-17 05:24,26.0,27.0,60000,16.0,gwtLszhLm4,2.0,0.0,110.0,3.0,34.0,18.0,0.0,6.0,6.0,1380000.0,com.sec.android.app.shealth,32400000,2.0,24.0,93.0,2,3.183333333333333
2025-12-15 23:12:00,13.0,29.0,11.0,21.0,0.0,0,6.0,10.0,2.0,0.0,6.0,9.0,1970-01-02 08:00:00,121.0,10.0,121.0,2025-12-15 21:11:00,8.0,2025-12-15 23:12:00,2.0,90.0,2.0,1970-01-01 16:00,78d60c1e-696d-4cc9-a958-b92e01061860,121.0,63060051,63060070,2025-12-15 23:12,26.0,8.0,60000,16.0,gwtLszhLm4,1.0,0.0,101.0,0.0,34.0,18.0,5.0,10.0,6.0,1380000.0,com.sec.android.app.shealth,32400000,2.0,2.0,91.0,0,2.0166666666666666
2025-12-19 05:00:00,12.0,42.0,33.0,14.0,0.0,0,5.0,15.0,2.0,0.0,6.0,71.0,1970-01-02 08:00:00,82.0,10.0,211.0,2025-12-19 01:29:00,2.0,2025-12-19 08:13:00,44.0,68.0,2.0,1970-01-01 16:00,bd1f30b5-2e26-49f1-a780-b7c2b59756c1,211.0,63060051,63070030,2025-12-19 05:00,26.0,24.0,4560000,16.0,gwtLszhLm4,3.0,0.0,128.0,2.0,34.0,18.0,0.0,6.0,6.0,1200000.0,com.sec.android.app.shealth,32400000,2.0,17.0,94.0,4,3.5166666666666666
2025-12-24 09:42:00,16.0,50.0,18.0,20.0,0.0,0,6.0,11.0,2.0,0.0,6.0,43.0,1970-01-02 08:00:00,111.0,10.0,126.0,2025-12-24 07:36:00,19.0,2025-12-24 09:42:00,19.0,90.0,2.0,1970-01-01 16:00,740494e0-f8e0-4a97-82d3-278ff7a217d2,126.0,63070031,63070030,2025-12-24 09:42,26.0,19.0,60000,16.0,gwtLszhLm4,2.0,1.0,77.0,0.0,34.0,18.0,3.0,9.0,6.0,1380000.0,com.sec.android.app.shealth,32400000,2.0,20.0,91.0,2,2.1
2025-12-20 05:00:00,15.0,41.0,29.0,10.0,0.0,0,14.0,5.0,2.0,0.0,6.0,14.0,1970-01-02 08:00:00,84.0,10.0,115.0,2025-12-20 03:05:00,34.0,2025-12-20 12:09:00,5.0,92.0,2.0,1970-01-01 16:00,9e9c4cb9-d4f3-4ae0-81e8-21255b83bda7,115.0,63060051,63070030,2025-12-20 05:00,26.0,34.0,240000,16.0,gwtLszhLm4,1.0,1.0,71.0,1.0,34.0,18.0,0.0,4.0,6.0,900000.0,com.sec.android.app.shealth,32400000,2.0,4.0,95.0,5,1.9166666666666667
2025-12-19 08:13:00,16.0,48.0,41.0,20.0,0.0,0,6.0,18.0,2.0,300000.0,6.0,44.0,1970-01-02 08:00:00,79.0,10.0,189.0,2025-12-19 04:59:00,0.0,2025-12-19 08:13:00,25.0,89.0,2.0,1970-01-01 16:00,e4fc9f7a-8191-45d4-9cda-c99afd27813a,189.0,63060051,63070030,2025-12-19 08:08,26.0,37.0,60000,16.0,gwtLszhLm4,2.0,0.0,109.0,2.0,34.0,18.0,3.0,7.0,6.0,1440000.0,com.sec.android.app.shealth,32400000,2.0,18.0,90.0,4,3.2333333333333334
2025-12-24 11:12:00,15.0,38.0,11.0,21.0,0.0,0,6.0,9.0,2.0,0.0,5.0,21.0,1970-01-02 08:00:00,90.0,10.0,90.0,2025-12-24 09:42:00,9.0,2025-12-24 11:12:00,8.0,88.0,2.0,1970-01-01 16:00,54dd2766-3976-4d6f-81d8-0786a275c485,90.0,63070031,63070030,2025-12-24 11:12,26.0,9.0,60000,16.0,gwtLszhLm4,0.0,2.0,64.0,1.0,34.0,18.0,0.0,9.0,6.0,1380000.0,com.sec.android.app.shealth,32400000,2.0,10.0,89.0,2,1.5
2025-12-15 07:52:00,15.0,84.0,87.0,22.0,0.0,0,16.0,53.0,27.0,0.0,5.0,83.0,1970-01-02 08:00:00,155.0,10.0,461.0,2025-12-15 00:11:00,23.0,2025-12-15 07:52:00,76.0,85.0,2.0,1970-01-01 16:00,9f3cb897-cbf5-426c-8b1b-9638f3469614,461.0,63060051,63060070,2025-12-15 07:52,26.0,58.0,900000,16.0,gwtLszhLm4,5.0,0.0,274.0,7.0,34.0,18.0,11.0,13.0,6.0,1080000.0,com.sec.android.app.shealth,32400000,2.0,21.0,88.0,0,7.683333333333334
2025-12-18 18:45:00,15.0,45.0,43.0,9.0,0.0,0,16.0,6.0,2.0,0.0,6.0,23.0,1970-01-02 08:00:00,91.0,10.0,157.0,2025-12-18 16:08:00,25.0,2025-12-18 18:45:00,10.0,92.0,2.0,1970-01-01 16:00,b2de7244-f7aa-41c3-b1fe-e05b156aa409,157.0,63060051,63070030,2025-12-18 18:45,26.0,43.0,360000,16.0,gwtLszhLm4,2.0,0.0,98.0,0.0,34.0,18.0,0.0,4.0,6.0,1020000.0,com.sec.android.app.shealth,32400000,2.0,6.0,96.0,3,2.6166666666666667
2025-12-17 07:00:00,15.0,48.0,12.0,8.0,0.0,0,16.0,5.0,1.0,0.0,6.0,23.0,1970-01-02 08:00:00,56.0,10.0,86.0,2025-12-17 05:34:00,13.0,2025-12-17 07:00:00,8.0,84.0,2.0,1970-01-01 16:00,8d39a15b-d5b6-42ee-bef2-23b23f820d8d,86.0,63060051,63070030,2025-12-17 07:00,26.0,13.0,600000,16.0,gwtLszhLm4,1.0,2.0,60.0,1.0,34.0,18.0,0.0,1.0,6.0,840000.0,com.sec.android.app.shealth,32400000,2.0,10.0,94.0,2,1.4333333333333333
2025-12-26 20:34:00,13.0,60.0,23.0,12.0,0.0,0,16.0,17.0,3.0,1380000.0,6.0,61.0,1970-01-02 08:00:00,110.0,10.0,204.0,2025-12-26 16:47:00,14.0,2025-12-26 20:34:00,36.0,88.0,2.0,1970-01-01 16:00,c1508066-cb30-4c56-a568-e51c96404546,204.0,63070031,63070030,2025-12-26 20:11,26.0,14.0,480000,16.0,gwtLszhLm4,1.0,0.0,137.0,0.0,34.0,18.0,0.0,4.0,6.0,960000.0,com.sec.android.app.shealth,32400000,2.0,22.0,91.0,4,3.783333333333333
2025-12-18 21:50:00,15.0,56.0,35.0,18.0,0.0,0,16.0,11.0,2.0,0.0,6.0,46.0,1970-01-02 08:00:00,100.0,10.0,175.0,2025-12-18 18:55:00,30.0,2025-12-18 21:50:00,24.0,88.0,2.0,1970-01-01 16:00,54cf9126-9ff4-4f25-b6ec-feb06a08135e,175.0,63060051,63070030,2025-12-18 21:50,26.0,34.0,660000,16.0,gwtLszhLm4,2.0,0.0,106.0,0.0,34.0,18.0,6.0,8.0,6.0,780000.0,com.sec.android.app.shealth,32400000,2.0,17.0,94.0,3,2.9166666666666665
2025-12-26 14:58:00,15.0,88.0,93.0,13.0,0.0,0,16.0,42.0,29.0,0.0,6.0,95.0,1970-01-02 08:00:00,125.0,10.0,522.0,2025-12-26 06:09:00,33.0,2025-12-26 20:34:00,132.0,87.0,2.0,1970-01-01 16:00,d7011827-8ec1-45f2-a6cf-878aaf212ab1,522.0,63070031,63070030,2025-12-26 14:51,26.0,61.0,1440000,16.0,gwtLszhLm4,6.0,0.0,287.0,9.0,34.0,18.0,0.0,6.0,6.0,780000.0,com.sec.android.app.shealth,32400000,2.0,22.0,92.0,4,8.816666666666666
2025-12-25 07:13:00,15.0,64.0,56.0,14.0,0.0,0,16.0,25.0,6.0,0.0,6.0,68.0,1970-01-02 08:00:00,89.0,10.0,287.0,2025-12-25 02:26:00,26.0,2025-12-25 07:13:00,48.0,85.0,2.0,1970-01-01 16:00,b9be66e7-2929-4440-b931-59140b46e261,287.0,63070031,63070030,2025-12-25 07:13,26.0,37.0,1200000,16.0,gwtLszhLm4,3.0,0.0,177.0,4.0,34.0,18.0,3.0,4.0,6.0,900000.0,com.sec.android.app.shealth,32400000,2.0,21.0,91.0,3,4.783333333333333
2025-12-27 13:23:00,15.0,78.0,73.0,19.0,0.0,0,16.0,40.0,21.0,1500000.0,5.0,90.0,1970-01-02 08:00:00,77.0,10.0,405.0,2025-12-27 06:13:00,9.0,2025-12-27 21:32:00,98.0,84.0,2.0,1970-01-01 16:00,ffc3a419-e3c0-46ba-8a92-121c8fda7629,405.0,63070031,63070030,2025-12-27 12:58,26.0,42.0,1560000,16.0,gwtLszhLm4,3.0,0.0,225.0,3.0,34.0,18.0,9.0,5.0,6.0,960000.0,com.sec.android.app.shealth,32400000,2.0,21.0,90.0,5,7.166666666666667
2025-12-28 13:28:00,15.0,59.0,60.0,20.0,0.0,0,16.0,33.0,5.0,0.0,5.0,55.0,1970-01-02 08:00:00,80.0,10.0,277.0,2025-12-28 08:51:00,34.0,2025-12-28 13:28:00,38.0,85.0,2.0,1970-01-01 16:00,d52c4e68-48ce-4ac1-8ba0-7f4e4a07ecac,277.0,63070031,63070030,2025-12-28 13:28,26.0,43.0,540000,16.0,gwtLszhLm4,3.0,0.0,163.0,2.0,34.0,18.0,4.0,5.0,6.0,780000.0,com.sec.android.app.shealth,32400000,2.0,18.0,88.0,6,4.616666666666666
2025-12-20 08:57:00,15.0,62.0,34.0,18.0,0.0,0,16.0,17.0,3.0,0.0,6.0,71.0,1970-01-02 08:00:00,72.0,10.0,222.0,2025-12-20 05:15:00,8.0,2025-12-20 12:09:00,45.0,86.0,2.0,1970-01-01 16:00,d1d78593-b5ea-4c60-bd77-69fccb599856,222.0,63060051,63070030,2025-12-20 08:57,26.0,25.0,900000,16.0,gwtLszhLm4,1.0,0.0,135.0,1.0,34.0,18.0,3.0,6.0,6.0,540000.0,com.sec.android.app.shealth,32400000,2.0,22.0,92.0,5,3.7
2025-12-22 09:27:00,15.0,43.0,46.0,18.0,0.0,0,16.0,23.0,2.0,0.0,5.0,21.0,1970-01-02 08:00:00,81.0,10.0,211.0,2025-12-22 05:56:00,24.0,2025-12-22 09:27:00,11.0,86.0,2.0,1970-01-01 16:00,02f12389-28dd-437e-9ec4-37f01325a307,211.0,63060051,63070030,2025-12-22 09:27,26.0,39.0,420000,16.0,gwtLszhLm4,1.0,0.0,138.0,1.0,34.0,18.0,4.0,4.0,6.0,900000.0,com.sec.android.app.shealth,32400000,2.0,5.0,89.0,0,3.5166666666666666
2025-12-27 04:43:00,0.0,19.0,7.0,82.0,0.0,0,16.0,22.0,1.0,1740000.0,2.0,7.0,1970-01-02 08:00:00,75.0,10.0,75.0,2025-12-27 02:59:00,0.0,2025-12-27 21:32:00,0.0,57.0,2.0,1970-01-01 16:00,7f0f5e48-4171-4652-b5a5-3be8cf5601b9,75.0,63070031,63070030,2025-12-27 04:14,26.0,0.0,960000,16.0,gwtLszhLm4,0.0,3.0,53.0,0.0,34.0,18.0,16.0,22.0,6.0,900000.0,com.sec.android.app.shealth,32400000,2.0,0.0,75.0,5,1.7333333333333334
2025-12-29 17:23:00,16.0,59.0,71.0,11.0,0.0,0,6.0,17.0,7.0,0.0,6.0,78.0,1970-01-02 08:00:00,105.0,10.0,278.0,2025-12-29 12:45:00,34.0,2025-12-29 17:23:00,57.0,93.0,2.0,1970-01-01 16:00,ec327931-7e9b-42b7-ab6c-fdfefb4b5866,278.0,63070031,63070030,2025-12-29 17:23,26.0,55.0,60000,16.0,gwtLszhLm4,3.0,0.0,149.0,2.0,34.0,18.0,0.0,5.0,6.0,1380000.0,com.sec.android.app.shealth,32400000,2.0,24.0,93.0,0,4.633333333333334
2025-12-24 14:33:00,1.0,44.0,7.0,14.0,0.0,0,16.0,6.0,1.0,0.0,6.0,45.0,1970-01-02 08:00:00,30.0,10.0,82.0,2025-12-24 13:11:00,0.0,2025-12-24 14:33:00,14.0,81.0,2.0,1970-01-01 16:00,8312c448-6c0f-487d-9528-80ad30712fe5,82.0,63070031,63070030,2025-12-24 14:33,26.0,1.0,660000,16.0,gwtLszhLm4,1.0,2.0,61.0,1.0,34.0,18.0,0.0,2.0,6.0,780000.0,com.sec.android.app.shealth,32400000,2.0,20.0,93.0,2,1.3666666666666667
2025-12-26 06:11:00,14.0,40.0,23.0,34.0,0.0,0,16.0,30.0,2.0,1620000.0,5.0,15.0,1970-01-02 08:00:00,172.0,10.0,183.0,2025-12-26 02:41:00,18.0,2025-12-26 20:34:00,7.0,78.0,2.0,1970-01-01 16:00,eab5797b-141c-44be-8ca6-f91b0b8986dc,183.0,63070031,63070030,2025-12-26 05:44,26.0,18.0,660000,16.0,gwtLszhLm4,1.0,0.0,128.0,2.0,34.0,18.0,3.0,27.0,6.0,780000.0,com.sec.android.app.shealth,32400000,2.0,3.0,84.0,4,3.5
2025-12-28 17:50:00,1.0,28.0,7.0,8.0,0.0,0,6.0,3.0,2.0,0.0,6.0,26.0,1970-01-02 08:00:00,75.0,10.0,75.0,2025-12-28 16:35:00,0.0,2025-12-28 17:50:00,8.0,94.0,2.0,1970-01-01 16:00,058fb5bc-dca2-4d27-97c5-0a27a14fad0e,75.0,63070031,63070030,2025-12-28 17:50,26.0,0.0,60000,16.0,gwtLszhLm4,0.0,2.0,64.0,0.0,34.0,18.0,0.0,3.0,6.0,1380000.0,com.sec.android.app.shealth,32400000,2.0,13.0,96.0,6,1.25
2025-12-27 21:32:00,14.0,46.0,34.0,27.0,0.0,0,16.0,29.0,3.0,0.0,5.0,32.0,1970-01-02 08:00:00,160.0,10.0,239.0,2025-12-27 17:33:00,15.0,2025-12-27 21:32:00,19.0,79.0,2.0,1970-01-01 16:00,90a1af92-59c9-4823-a3b4-701cae32da2d,239.0,63070031,63070030,2025-12-27 21:32,26.0,24.0,1440000,16.0,gwtLszhLm4,2.0,0.0,167.0,0.0,34.0,18.0,5.0,19.0,6.0,780000.0,com.sec.android.app.shealth,32400000,2.0,8.0,88.0,5,3.9833333333333334
2026-01-02 17:48:00,10.0,53.0,41.0,13.0,0.0,0,9.0,19.0,8.0,0.0,6.0,89.0,1970-01-02 08:00:00,59.0,10.0,307.0,2026-01-02 12:41:00,4.0,2026-01-02 17:48:00,83.0,79.0,2.0,1970-01-01 16:00,148a153d-7298-49f4-9ed7-a3bc34fa3d20,307.0,63070031,63070030,2026-01-02 17:48,26.0,19.0,3240000,16.0,gwtLszhLm4,5.0,0.0,186.0,3.0,34.0,18.0,0.0,4.0,6.0,1200000.0,com.sec.android.app.shealth,32400000,2.0,20.0,94.0,4,5.116666666666666
2025-12-24 07:35:00,16.0,45.0,46.0,11.0,0.0,0,14.0,11.0,2.0,0.0,6.0,26.0,1970-01-02 08:00:00,111.0,10.0,185.0,2025-12-24 04:30:00,36.0,2025-12-24 07:35:00,13.0,92.0,2.0,1970-01-01 16:00,d3829d97-1bb1-448d-882b-40b08765188a,185.0,63070031,63070030,2025-12-24 07:35,26.0,42.0,240000,16.0,gwtLszhLm4,1.0,0.0,119.0,0.0,34.0,18.0,0.0,5.0,6.0,960000.0,com.sec.android.app.shealth,32400000,2.0,7.0,94.0,2,3.0833333333333335
2025-12-29 19:48:00,16.0,44.0,21.0,13.0,0.0,0,9.0,11.0,2.0,0.0,6.0,29.0,1970-01-02 08:00:00,88.0,10.0,144.0,2025-12-29 17:24:00,20.0,2025-12-29 19:48:00,14.0,90.0,2.0,1970-01-01 16:00,ea4a43cf-4ab6-487a-a1b8-7e90ccc961ba,144.0,63070031,63070030,2025-12-29 19:48,26.0,20.0,120000,16.0,gwtLszhLm4,2.0,0.0,99.0,0.0,34.0,18.0,0.0,4.0,6.0,1320000.0,com.sec.android.app.shealth,32400000,2.0,11.0,92.0,0,2.4
2026-01-07 16:44:00,16.0,91.0,97.0,17.0,0.0,0,16.0,40.0,30.0,0.0,6.0,95.0,1970-01-02 08:00:00,121.0,10.0,538.0,2026-01-07 07:46:00,52.0,2026-01-07 16:44:00,127.0,91.0,2.0,1970-01-01 16:00,14eeb74e-753c-418e-b061-7bd8a32c7377,538.0,63070031,63070030,2026-01-07 16:44,26.0,91.0,480000,16.0,gwtLszhLm4,6.0,0.0,280.0,6.0,34.0,18.0,4.0,11.0,6.0,840000.0,com.sec.android.app.shealth,32400000,2.0,23.0,92.0,2,8.966666666666667
2025-12-31 05:02:00,5.0,59.0,40.0,17.0,0.0,0,15.0,33.0,12.0,0.0,6.0,81.0,1970-01-02 08:00:00,140.0,10.0,344.0,2025-12-30 23:18:00,12.0,2025-12-31 14:49:00,70.0,82.0,2.0,1970-01-01 16:00,194e19ef-a73c-4844-a843-b6dfc45b4d3f,344.0,63070031,63070030,2025-12-31 05:02,26.0,12.0,1980000,16.0,gwtLszhLm4,2.0,0.0,229.0,5.0,34.0,18.0,0.0,11.0,6.0,600000.0,com.sec.android.app.shealth,32400000,2.0,21.0,91.0,1,5.733333333333333
2026-01-05 11:13:00,13.0,37.0,43.0,35.0,0.0,0,16.0,28.0,2.0,0.0,5.0,13.0,1970-01-02 08:00:00,184.0,10.0,184.0,2026-01-05 08:09:00,42.0,2026-01-05 11:13:00,1.0,79.0,2.0,1970-01-01 16:00,57d8fce7-9956-4d8f-9d01-092b3dd89a0f,184.0,63070031,63070030,2026-01-05 11:13,26.0,42.0,660000,16.0,gwtLszhLm4,1.0,0.0,113.0,1.0,34.0,18.0,8.0,28.0,6.0,660000.0,com.sec.android.app.shealth,32400000,2.0,1.0,85.0,0,3.066666666666667
2026-01-02 07:32:00,7.0,14.0,34.0,19.0,0.0,0,0.0,10.0,1.0,0.0,6.0,9.0,1970-01-02 08:00:00,129.0,10.0,129.0,2026-01-02 05:23:00,38.0,2026-01-02 07:32:00,0.0,43.0,2.0,1970-01-01 16:00,e3506df6-825d-401a-bb56-9a4b6daa21c7,129.0,63070031,63070030,2026-01-02 07:32,26.0,38.0,8580000,16.0,gwtLszhLm4,0.0,0.0,81.0,0.0,34.0,18.0,3.0,10.0,6.0,1140000.0,com.sec.android.app.shealth,32400000,2.0,0.0,96.0,4,2.15
2026-01-11 06:34:00,14.0,69.0,84.0,11.0,0.0,0,9.0,27.0,19.0,0.0,6.0,89.0,1970-01-02 08:00:00,102.0,10.0,382.0,2026-01-11 00:12:00,16.0,2026-01-11 06:34:00,92.0,80.0,-1.0,1970-01-01 16:00,f51e1e21-fe44-4cd1-9737-e0a72c709bda,382.0,63070031,63070030,2026-01-11 06:34,26.0,59.0,3420000,16.0,gwtLszhLm4,4.0,0.0,204.0,6.0,34.0,18.0,0.0,4.0,6.0,840000.0,com.sec.android.app.shealth,32400000,2.0,21.0,93.0,6,6.366666666666666
2026-01-05 16:30:00,15.0,30.0,30.0,14.0,0.0,0,6.0,8.0,2.0,0.0,6.0,9.0,1970-01-02 08:00:00,121.0,10.0,121.0,2026-01-05 14:29:00,35.0,2026-01-05 16:30:00,0.0,92.0,2.0,1970-01-01 16:00,6dbf33d8-42d7-4035-b6f6-a1893490bbb5,121.0,63070031,63070030,2026-01-05 16:30,26.0,35.0,60000,16.0,gwtLszhLm4,1.0,1.0,78.0,0.0,34.0,18.0,0.0,8.0,6.0,1380000.0,com.sec.android.app.shealth,32400000,2.0,1.0,93.0,0,2.0166666666666666
2026-01-02 11:47:00,15.0,49.0,49.0,41.0,0.0,0,6.0,29.0,4.0,0.0,5.0,55.0,1970-01-02 08:00:00,42.0,10.0,255.0,2026-01-02 07:32:00,0.0,2026-01-02 11:47:00,36.0,88.0,2.0,1970-01-01 16:00,e4fa0fdf-8d0f-4e37-b07c-8dd492e478dc,255.0,63070031,63070030,2026-01-02 11:47,26.0,36.0,60000,16.0,gwtLszhLm4,3.0,0.0,154.0,3.0,34.0,18.0,6.0,11.0,6.0,1380000.0,com.sec.android.app.shealth,32400000,2.0,19.0,88.0,4,4.25
2026-01-01 15:17:00,13.0,61.0,93.0,23.0,0.0,0,1.0,60.0,24.0,0.0,5.0,92.0,1970-01-02 08:00:00,133.0,10.0,545.0,2026-01-01 06:12:00,31.0,2026-01-02 07:32:00,111.0,72.0,2.0,1970-01-01 16:00,b884f337-42e6-42f0-a585-c9b7fe562da6,545.0,63070031,63070030,2026-01-01 15:17,26.0,63.0,7380000,16.0,gwtLszhLm4,5.0,0.0,311.0,6.0,34.0,18.0,5.0,15.0,6.0,840000.0,com.sec.android.app.shealth,32400000,2.0,18.0,91.0,3,9.083333333333334
2026-01-03 18:39:00,13.0,64.0,73.0,24.0,0.0,0,10.0,49.0,16.0,0.0,5.0,80.0,1970-01-02 08:00:00,117.0,10.0,393.0,2026-01-03 12:06:00,13.0,2026-01-03 18:39:00,71.0,77.0,2.0,1970-01-01 16:00,4d0a2652-a26b-42c9-bffe-01cbc9def78b,393.0,63070031,63070030,2026-01-03 18:39,26.0,41.0,3120000,16.0,gwtLszhLm4,7.0,0.0,232.0,6.0,34.0,18.0,4.0,12.0,6.0,780000.0,com.sec.android.app.shealth,32400000,2.0,20.0,88.0,5,6.55
2026-01-07 18:04:00,1.0,16.0,7.0,9.0,0.0,0,6.0,3.0,2.0,0.0,6.0,7.0,1970-01-02 08:00:00,79.0,10.0,79.0,2026-01-07 16:45:00,0.0,2026-01-07 18:04:00,0.0,94.0,2.0,1970-01-01 16:00,f36ea728-9e6e-4d28-8ad3-3fded9e223fa,79.0,63070031,63070030,2026-01-07 18:04,26.0,0.0,60000,16.0,gwtLszhLm4,1.0,2.0,76.0,0.0,34.0,18.0,0.0,3.0,6.0,1380000.0,com.sec.android.app.shealth,32400000,2.0,1.0,95.0,2,1.3166666666666667
2026-01-13 01:39:00,16.0,37.0,15.0,16.0,0.0,0,12.0,10.0,2.0,0.0,6.0,9.0,1970-01-02 08:00:00,131.0,10.0,131.0,2026-01-12 23:28:00,12.0,2026-01-13 05:35:00,0.0,89.0,-1.0,1970-01-01 16:00,560df126-2dea-4b0b-8753-211d43e2ee0b,131.0,63070031,63070030,2026-01-13 01:39,26.0,12.0,180000,16.0,gwtLszhLm4,1.0,0.0,109.0,0.0,34.0,18.0,0.0,10.0,6.0,1020000.0,com.sec.android.app.shealth,32400000,2.0,1.0,92.0,0,2.183333333333333
2026-01-06 17:55:00,15.0,54.0,12.0,15.0,0.0,0,12.0,7.0,2.0,0.0,6.0,42.0,1970-01-02 08:00:00,68.0,10.0,116.0,2026-01-06 15:59:00,0.0,2026-01-06 17:55:00,17.0,91.0,2.0,1970-01-01 16:00,bcab427c-3f87-4b59-819f-b853cd09b0e8,116.0,63070031,63070030,2026-01-06 17:55,26.0,9.0,180000,16.0,gwtLszhLm4,1.0,1.0,83.0,0.0,34.0,18.0,0.0,6.0,6.0,960000.0,com.sec.android.app.shealth,32400000,2.0,19.0,93.0,1,1.9333333333333333
2025-12-31 14:49:00,13.0,65.0,89.0,13.0,0.0,0,2.0,38.0,25.0,0.0,6.0,93.0,1970-01-02 08:00:00,70.0,10.0,486.0,2025-12-31 06:43:00,16.0,2025-12-31 14:49:00,113.0,76.0,2.0,1970-01-01 16:00,671b7195-3943-4ef8-8899-f27a7326545f,486.0,63070031,63070030,2025-12-31 14:49,26.0,55.0,6060000,16.0,gwtLszhLm4,4.0,0.0,280.0,9.0,34.0,18.0,0.0,4.0,6.0,1380000.0,com.sec.android.app.shealth,32400000,2.0,19.0,93.0,2,8.1
2026-01-13 05:35:00,15.0,34.0,33.0,29.0,0.0,0,6.0,26.0,2.0,0.0,5.0,19.0,1970-01-02 08:00:00,50.0,10.0,181.0,2026-01-13 02:34:00,0.0,2026-01-13 05:35:00,10.0,85.0,-1.0,1970-01-01 16:00,0ec96599-0fc8-4ec9-adb5-4a39fc60c42a,181.0,63070031,63070030,2026-01-13 05:35,26.0,30.0,60000,16.0,gwtLszhLm4,3.0,0.0,115.0,1.0,34.0,18.0,4.0,6.0,6.0,1380000.0,com.sec.android.app.shealth,32400000,2.0,6.0,85.0,1,3.0166666666666666
2026-01-04 02:35:00,13.0,51.0,28.0,11.0,0.0,0,11.0,13.0,2.0,0.0,6.0,66.0,1970-01-02 08:00:00,90.0,10.0,210.0,2026-01-03 23:05:00,5.0,2026-01-04 02:36:00,39.0,76.0,2.0,1970-01-01 16:00,662144bb-73db-48a4-98d8-cd451e45248d,210.0,63070031,63070030,2026-01-04 02:35,26.0,19.0,2820000,16.0,gwtLszhLm4,2.0,0.0,139.0,0.0,34.0,18.0,0.0,4.0,6.0,780000.0,com.sec.android.app.shealth,32400000,2.0,19.0,94.0,5,3.5
2026-01-13 02:34:00,4.0,19.0,6.0,7.0,0.0,0,6.0,2.0,2.0,0.0,6.0,6.0,1970-01-02 08:00:00,54.0,10.0,54.0,2026-01-13 01:40:00,1.0,2026-01-13 05:35:00,0.0,94.0,-1.0,1970-01-01 16:00,e8d6fbd1-688f-4f7b-9253-6835560bb43c,54.0,63070031,63070030,2026-01-13 02:34,26.0,1.0,60000,16.0,gwtLszhLm4,0.0,4.0,51.0,0.0,34.0,18.0,0.0,2.0,6.0,1380000.0,com.sec.android.app.shealth,32400000,2.0,1.0,96.0,1,0.9
2026-01-05 14:28:00,16.0,55.0,32.0,13.0,0.0,0,6.0,13.0,3.0,0.0,6.0,82.0,1970-01-02 08:00:00,71.0,10.0,195.0,2026-01-05 11:13:00,0.0,2026-01-05 14:28:00,53.0,92.0,2.0,1970-01-01 16:00,06ff1738-6779-4221-b565-15df108df268,195.0,63070031,63070030,2026-01-05 14:28,26.0,25.0,60000,16.0,gwtLszhLm4,2.0,0.0,104.0,2.0,34.0,18.0,0.0,4.0,6.0,1380000.0,com.sec.android.app.shealth,32400000,2.0,24.0,93.0,0,3.25
2026-01-12 00:18:00,12.0,57.0,94.0,16.0,0.0,0,0.0,35.0,22.0,0.0,6.0,86.0,1970-01-02 08:00:00,252.0,10.0,456.0,2026-01-11 16:42:00,61.0,2026-01-12 00:18:00,83.0,67.0,-1.0,1970-01-01 16:00,4e768be7-72a4-4b43-bd90-814a02b49a14,456.0,63070031,63070030,2026-01-12 00:18,26.0,82.0,10080000,16.0,gwtLszhLm4,4.0,0.0,256.0,6.0,34.0,18.0,4.0,18.0,6.0,780000.0,com.sec.android.app.shealth,32400000,2.0,17.0,94.0,6,7.6
2026-01-08 04:25:00,10.0,28.0,27.0,20.0,0.0,0,3.0,16.0,1.0,0.0,5.0,32.0,1970-01-02 08:00:00,77.0,10.0,149.0,2026-01-08 01:56:00,13.0,2026-01-08 04:25:00,16.0,55.0,2.0,1970-01-01 16:00,f52b5fba-6c0b-49c1-9588-77985cb773eb,149.0,63070031,63070030,2026-01-08 04:25,26.0,27.0,5340000,16.0,gwtLszhLm4,1.0,0.0,90.0,2.0,34.0,18.0,0.0,7.0,6.0,780000.0,com.sec.android.app.shealth,32400000,2.0,9.0,93.0,3,2.4833333333333334
2026-01-10 20:43:00,16.0,74.0,73.0,19.0,0.0,0,16.0,16.0,13.0,0.0,6.0,88.0,1970-01-02 08:00:00,26.0,10.0,328.0,2026-01-10 15:15:00,0.0,2026-01-10 20:43:00,81.0,89.0,2.0,1970-01-01 16:00,76daf273-ff1b-407f-bd6d-707a2dfeb716,328.0,63070031,63070030,2026-01-10 20:43,26.0,51.0,1140000,16.0,gwtLszhLm4,4.0,0.0,180.0,2.0,34.0,18.0,3.0,3.0,6.0,600000.0,com.sec.android.app.shealth,32400000,2.0,23.0,95.0,5,5.466666666666667
2026-01-14 09:41:00,15.0,81.0,83.0,19.0,0.0,0,16.0,41.0,23.0,0.0,5.0,86.0,1970-01-02 08:00:00,84.0,10.0,407.0,2026-01-14 02:54:00,27.0,2026-01-14 09:42:00,84.0,88.0,3.0,1970-01-01 16:00,8222c089-93ac-48b6-a051-0426027e97fe,407.0,63070031,63070030,2026-01-14 09:41,26.0,59.0,420000,16.0,gwtLszhLm4,3.0,0.0,223.0,5.0,34.0,18.0,17.0,4.0,6.0,840000.0,com.sec.android.app.shealth,32400000,2.0,22.0,90.0,2,6.783333333333333
2026-01-19 05:32:00,15.0,63.0,62.0,15.0,0.0,0,16.0,18.0,4.0,0.0,6.0,74.0,1970-01-02 08:00:00,126.0,10.0,242.0,2026-01-19 01:30:00,14.0,2026-01-19 08:06:00,51.0,84.0,3.0,1970-01-01 16:00,bffc5209-302a-4967-a7d4-55cc72756d0f,242.0,63070031,63070030,2026-01-19 05:32,26.0,50.0,1320000,16.0,gwtLszhLm4,4.0,0.0,123.0,2.0,34.0,18.0,0.0,9.0,6.0,900000.0,com.sec.android.app.shealth,32400000,2.0,22.0,92.0,0,4.033333333333333
2026-01-15 08:19:00,8.0,53.0,19.0,16.0,0.0,0,16.0,15.0,2.0,0.0,6.0,81.0,1970-01-02 08:00:00,57.0,10.0,194.0,2026-01-15 05:05:00,0.0,2026-01-15 08:19:00,52.0,84.0,3.0,1970-01-01 16:00,8648de6a-a4ab-4620-aac4-e35f19aa8601,194.0,63070031,63070030,2026-01-15 08:19,26.0,9.0,1080000,16.0,gwtLszhLm4,4.0,0.0,118.0,1.0,34.0,18.0,0.0,4.0,6.0,1020000.0,com.sec.android.app.shealth,32400000,2.0,21.0,92.0,3,3.2333333333333334
2026-01-16 05:22:00,15.0,85.0,84.0,19.0,0.0,0,16.0,41.0,26.0,0.0,6.0,90.0,1970-01-02 08:00:00,177.0,10.0,436.0,2026-01-15 22:06:00,17.0,2026-01-16 05:22:00,100.0,84.0,3.0,1970-01-01 16:00,221d5648-485d-41ab-a595-1319530cb82d,436.0,63070031,63070030,2026-01-16 05:22,26.0,52.0,1740000,16.0,gwtLszhLm4,5.0,0.0,243.0,4.0,34.0,18.0,6.0,13.0,6.0,1320000.0,com.sec.android.app.shealth,32400000,2.0,22.0,91.0,3,7.266666666666667
2026-01-22 11:50:00,15.0,61.0,22.0,6.0,0.0,0,16.0,7.0,2.0,0.0,6.0,71.0,1970-01-02 08:00:00,36.0,10.0,150.0,2026-01-22 09:20:00,0.0,2026-01-22 11:50:00,35.0,86.0,3.0,1970-01-01 16:00,6733d8dd-8104-46eb-a76b-eb5cec12b327,150.0,63070031,63070030,2026-01-22 11:50,26.0,20.0,840000,16.0,gwtLszhLm4,2.0,0.0,88.0,1.0,34.0,18.0,0.0,0.0,6.0,600000.0,com.sec.android.app.shealth,32400000,2.0,22.0,95.0,3,2.5
2026-01-23 12:44:00,14.0,69.0,98.0,22.0,0.0,0,6.0,67.0,24.0,0.0,5.0,97.0,1970-01-02 08:00:00,160.0,10.0,650.0,2026-01-23 01:54:00,34.0,2026-01-23 12:44:00,167.0,80.0,3.0,1970-01-01 16:00,72a0da8a-b14c-4fde-8b8d-121676ecb991,650.0,63070031,63070030,2026-01-23 12:44,26.0,92.0,4320000,16.0,gwtLszhLm4,8.0,0.0,324.0,21.0,34.0,18.0,16.0,15.0,6.0,540000.0,com.sec.android.app.shealth,32400000,2.0,20.0,90.0,4,10.833333333333334
2026-01-16 10:28:00,8.0,19.0,27.0,27.0,0.0,0,0.0,20.0,1.0,0.0,5.0,26.0,1970-01-02 08:00:00,104.0,10.0,170.0,2026-01-16 07:38:00,26.0,2026-01-16 10:28:00,14.0,48.0,3.0,1970-01-01 16:00,45b73abc-4e9c-40a9-9b05-7985c5f076c2,170.0,63070031,63070030,2026-01-16 10:28,26.0,26.0,8160000,16.0,gwtLszhLm4,2.0,0.0,110.0,1.0,34.0,18.0,6.0,11.0,6.0,780000.0,com.sec.android.app.shealth,32400000,2.0,5.0,93.0,4,2.8333333333333335
2026-01-24 12:19:00,13.0,37.0,13.0,7.0,0.0,0,16.0,2.0,1.0,0.0,6.0,6.0,1970-01-02 08:00:00,61.0,10.0,61.0,2026-01-24 11:18:00,18.0,2026-01-24 12:19:00,0.0,79.0,3.0,1970-01-01 16:00,4526d188-7647-4393-97fb-31ac3cf24bf3,61.0,63070031,63070030,2026-01-24 12:19,26.0,18.0,780000,16.0,gwtLszhLm4,0.0,3.0,41.0,0.0,34.0,18.0,0.0,2.0,6.0,780000.0,com.sec.android.app.shealth,32400000,2.0,1.0,97.0,5,1.0166666666666666
2026-01-17 00:27:00,15.0,59.0,69.0,14.0,0.0,0,16.0,22.0,7.0,0.0,6.0,57.0,1970-01-02 08:00:00,103.0,10.0,297.0,2026-01-16 19:30:00,30.0,2026-01-17 00:27:00,37.0,86.0,3.0,1970-01-01 16:00,37e0f8c5-a5b3-4589-aa16-c8c8a3fd1550,297.0,63070031,63070030,2026-01-17 00:27,26.0,49.0,1320000,16.0,gwtLszhLm4,3.0,0.0,189.0,1.0,34.0,18.0,0.0,6.0,6.0,900000.0,com.sec.android.app.shealth,32400000,2.0,15.0,92.0,4,4.95
2026-01-17 10:04:00,11.0,30.0,38.0,11.0,0.0,0,3.0,11.0,1.0,0.0,6.0,38.0,1970-01-02 08:00:00,99.0,10.0,183.0,2026-01-17 07:01:00,27.0,2026-01-17 10:04:00,20.0,62.0,3.0,1970-01-01 16:00,422bfc00-2a34-4400-855a-22b56d14e82f,183.0,63070031,63070030,2026-01-17 10:04,26.0,35.0,5400000,16.0,gwtLszhLm4,2.0,0.0,117.0,0.0,34.0,18.0,3.0,3.0,6.0,1080000.0,com.sec.android.app.shealth,32400000,2.0,9.0,95.0,5,3.05
2026-01-28 23:25:00,16.0,91.0,88.0,17.0,0.0,0,16.0,36.0,30.0,0.0,6.0,92.0,1970-01-02 08:00:00,125.0,10.0,490.0,2026-01-28 15:15:00,26.0,2026-01-28 23:25:00,110.0,90.0,-1.0,1970-01-01 16:00,b3393586-8253-4cda-917f-2feddab6b422,490.0,63070031,63070030,2026-01-28 23:25,26.0,53.0,600000,16.0,gwtLszhLm4,4.0,0.0,291.0,5.0,34.0,18.0,4.0,11.0,6.0,1020000.0,com.sec.android.app.shealth,32400000,2.0,23.0,92.0,2,8.166666666666666
2026-01-19 08:06:00,9.0,47.0,14.0,13.0,0.0,0,6.0,10.0,2.0,0.0,6.0,61.0,1970-01-02 08:00:00,75.0,10.0,153.0,2026-01-19 05:33:00,6.0,2026-01-19 08:06:00,29.0,92.0,3.0,1970-01-01 16:00,2704cea2-2b6a-4730-840d-9257c99d2013,153.0,63070031,63070030,2026-01-19 08:06,26.0,7.0,60000,16.0,gwtLszhLm4,2.0,0.0,107.0,2.0,34.0,18.0,0.0,5.0,6.0,1380000.0,com.sec.android.app.shealth,32400000,2.0,24.0,93.0,0,2.55
2026-01-24 13:30:00,13.0,34.0,19.0,10.0,0.0,0,12.0,3.0,2.0,0.0,6.0,7.0,1970-01-02 08:00:00,69.0,10.0,69.0,2026-01-24 12:21:00,27.0,2026-01-24 13:30:00,0.0,90.0,3.0,1970-01-01 16:00,17ed31c4-59af-475d-9461-80b7a27008ef,69.0,63070031,63070030,2026-01-24 13:30,26.0,27.0,180000,16.0,gwtLszhLm4,0.0,4.0,39.0,0.0,34.0,18.0,0.0,3.0,6.0,1260000.0,com.sec.android.app.shealth,32400000,2.0,1.0,95.0,5,1.15
2026-01-22 09:06:00,15.0,50.0,39.0,9.0,0.0,0,16.0,7.0,2.0,0.0,6.0,32.0,1970-01-02 08:00:00,101.0,10.0,159.0,2026-01-22 06:27:00,38.0,2026-01-22 09:06:00,15.0,90.0,3.0,1970-01-01 16:00,b95fc5bc-e2b2-4ab4-8da4-69875a711077,159.0,63070031,63070030,2026-01-22 09:06,26.0,38.0,540000,16.0,gwtLszhLm4,2.0,0.0,99.0,0.0,34.0,18.0,0.0,4.0,6.0,660000.0,com.sec.android.app.shealth,32400000,2.0,11.0,95.0,3,2.65
2026-01-28 03:07:00,12.0,46.0,19.0,11.0,0.0,0,10.0,9.0,1.0,0.0,6.0,60.0,1970-01-02 08:00:00,133.0,10.0,136.0,2026-01-28 00:51:00,18.0,2026-01-28 03:07:00,27.0,67.0,-1.0,1970-01-01 16:00,ced9cb58-3c8a-4bbc-b5dc-ce001dfa7bf7,136.0,63070031,63070030,2026-01-28 03:07,26.0,18.0,3060000,16.0,gwtLszhLm4,1.0,0.0,82.0,0.0,34.0,18.0,0.0,6.0,6.0,1140000.0,com.sec.android.app.shealth,32400000,2.0,17.0,95.0,2,2.2666666666666666
2026-01-20 14:48:00,16.0,39.0,29.0,12.0,0.0,0,6.0,6.0,2.0,0.0,6.0,25.0,1970-01-02 08:00:00,59.0,10.0,123.0,2026-01-20 12:45:00,5.0,2026-01-20 14:49:00,10.0,94.0,3.0,1970-01-01 16:00,74bfcb31-724d-45ab-8113-2dd1a44b5c81,123.0,63070031,63070030,2026-01-20 14:48,26.0,32.0,60000,16.0,gwtLszhLm4,1.0,1.0,75.0,1.0,34.0,18.0,0.0,4.0,6.0,1440000.0,com.sec.android.app.shealth,32400000,2.0,9.0,95.0,1,2.05
2026-01-25 10:58:00,13.0,38.0,34.0,11.0,0.0,0,16.0,5.0,2.0,0.0,6.0,8.0,1970-01-02 08:00:00,104.0,10.0,104.0,2026-01-25 09:14:00,42.0,2026-01-25 10:58:00,0.0,88.0,3.0,1970-01-01 16:00,7477f8bb-4cda-411c-bf6e-ceab71c053d7,104.0,63070031,63070030,2026-01-25 10:58,26.0,42.0,420000,16.0,gwtLszhLm4,1.0,1.0,57.0,0.0,34.0,18.0,0.0,5.0,6.0,720000.0,com.sec.android.app.shealth,32400000,2.0,1.0,95.0,6,1.7333333333333334
2026-01-29 15:34:00,0.0,23.0,6.0,29.0,0.0,0,16.0,7.0,1.0,0.0,5.0,6.0,1970-01-02 08:00:00,65.0,10.0,65.0,2026-01-29 14:29:00,0.0,2026-01-29 15:34:00,0.0,74.0,-1.0,1970-01-01 16:00,9759830f-0246-4b27-9b6b-68b146afe70a,65.0,63070031,63070030,2026-01-29 15:34,26.0,0.0,720000,16.0,gwtLszhLm4,0.0,3.0,58.0,0.0,34.0,18.0,4.0,7.0,6.0,720000.0,com.sec.android.app.shealth,32400000,2.0,1.0,90.0,3,1.0833333333333333
2026-01-31 20:51:00,15.0,50.0,18.0,8.0,0.0,0,16.0,5.0,2.0,0.0,6.0,27.0,1970-01-02 08:00:00,66.0,10.0,111.0,2026-01-31 19:00:00,20.0,2026-01-31 20:51:00,11.0,86.0,-1.0,1970-01-01 16:00,d53c3414-6dda-46f7-804a-b074c29e054d,111.0,63070031,63070030,2026-01-31 20:51,26.0,20.0,660000,16.0,gwtLszhLm4,2.0,0.0,75.0,0.0,34.0,18.0,0.0,2.0,6.0,780000.0,com.sec.android.app.shealth,32400000,2.0,11.0,95.0,5,1.85
2026-01-24 17:20:00,16.0,52.0,46.0,13.0,0.0,0,9.0,17.0,3.0,0.0,6.0,52.0,1970-01-02 08:00:00,117.0,10.0,229.0,2026-01-24 13:31:00,20.0,2026-01-24 17:20:00,31.0,91.0,3.0,1970-01-01 16:00,4780393d-100d-464f-a230-7d630804764b,229.0,63070031,63070030,2026-01-24 17:20,26.0,36.0,120000,16.0,gwtLszhLm4,2.0,0.0,145.0,0.0,34.0,18.0,3.0,5.0,6.0,1320000.0,com.sec.android.app.shealth,32400000,2.0,18.0,92.0,5,3.816666666666667
2026-01-29 21:13:00,5.0,53.0,36.0,14.0,0.0,0,6.0,27.0,13.0,0.0,6.0,88.0,1970-01-02 08:00:00,90.0,10.0,339.0,2026-01-29 15:34:00,11.0,2026-01-29 21:13:00,84.0,91.0,-1.0,1970-01-01 16:00,cc266445-3bac-4fc8-ab4c-4e589bbc2d1d,339.0,63070031,63070030,2026-01-29 21:13,26.0,11.0,60000,16.0,gwtLszhLm4,4.0,0.0,217.0,3.0,34.0,18.0,3.0,4.0,6.0,1380000.0,com.sec.android.app.shealth,32400000,2.0,23.0,91.0,3,5.65
2026-02-03 02:45:00,15.0,50.0,32.0,15.0,0.0,0,16.0,17.0,2.0,0.0,6.0,33.0,1970-01-02 08:00:00,16.0,10.0,189.0,2026-02-02 23:36:00,0.0,2026-02-03 05:54:00,18.0,86.0,-1.0,1970-01-01 16:00,01797fb7-ff26-4f2a-b810-0ee4f91d1beb,189.0,63070031,63070030,2026-02-03 02:45,26.0,26.0,540000,16.0,gwtLszhLm4,3.0,0.0,128.0,3.0,34.0,18.0,0.0,1.0,6.0,900000.0,com.sec.android.app.shealth,32400000,2.0,11.0,91.0,0,3.15
2026-01-25 18:20:00,14.0,60.0,44.0,20.0,0.0,0,6.0,19.0,10.0,0.0,6.0,83.0,1970-01-02 08:00:00,49.0,10.0,307.0,2026-01-25 13:13:00,0.0,2026-01-25 18:21:00,69.0,93.0,3.0,1970-01-01 16:00,780fc373-75cf-4fc3-b94f-3a56300663fe,307.0,63070031,63070030,2026-01-25 18:20,26.0,22.0,60000,16.0,gwtLszhLm4,3.0,0.0,197.0,4.0,34.0,18.0,0.0,7.0,6.0,1380000.0,com.sec.android.app.shealth,32400000,2.0,24.0,93.0,6,5.116666666666666
2026-01-30 16:14:00,15.0,43.0,18.0,10.0,0.0,0,16.0,4.0,2.0,0.0,6.0,15.0,1970-01-02 08:00:00,79.0,10.0,94.0,2026-01-30 14:40:00,22.0,2026-01-30 16:14:00,5.0,87.0,-1.0,1970-01-01 16:00,a62e987a-6e9e-46bb-97a7-ebefd2f1bb05,94.0,63070031,63070030,2026-01-30 16:14,26.0,22.0,480000,16.0,gwtLszhLm4,2.0,2.0,63.0,0.0,34.0,18.0,0.0,4.0,6.0,900000.0,com.sec.android.app.shealth,32400000,2.0,4.0,95.0,4,1.5666666666666667
2026-01-25 13:13:00,16.0,35.0,27.0,14.0,0.0,0,6.0,10.0,2.0,0.0,6.0,18.0,1970-01-02 08:00:00,81.0,10.0,134.0,2026-01-25 10:59:00,21.0,2026-01-25 13:13:00,7.0,91.0,3.0,1970-01-01 16:00,761b5fc3-5acd-4219-aef9-71a75edc6a1e,134.0,63070031,63070030,2026-01-25 13:13,26.0,29.0,60000,16.0,gwtLszhLm4,1.0,0.0,88.0,1.0,34.0,18.0,0.0,5.0,6.0,1380000.0,com.sec.android.app.shealth,32400000,2.0,5.0,92.0,6,2.2333333333333334
2026-01-29 13:29:00,16.0,46.0,14.0,9.0,0.0,0,6.0,5.0,2.0,0.0,6.0,34.0,1970-01-02 08:00:00,106.0,10.0,106.0,2026-01-29 11:43:00,13.0,2026-01-29 13:29:00,13.0,94.0,-1.0,1970-01-01 16:00,989b26af-97af-42d7-b744-ab8b8f44f0aa,106.0,63070031,63070030,2026-01-29 13:29,26.0,13.0,60000,16.0,gwtLszhLm4,1.0,1.0,75.0,1.0,34.0,18.0,0.0,5.0,6.0,1380000.0,com.sec.android.app.shealth,32400000,2.0,16.0,95.0,3,1.7666666666666666
2026-02-01 17:08:00,1.0,14.0,8.0,26.0,0.0,0,7.0,10.0,1.0,0.0,5.0,7.0,1970-01-02 08:00:00,89.0,10.0,89.0,2026-02-01 15:39:00,2.0,2026-02-01 17:08:00,0.0,50.0,-1.0,1970-01-01 16:00,c0a6ede1-ec54-43ff-8d78-4cecc2ffc78b,89.0,63070031,63070030,2026-02-01 17:08,26.0,2.0,4080000,16.0,gwtLszhLm4,1.0,0.0,77.0,0.0,34.0,18.0,3.0,10.0,6.0,600000.0,com.sec.android.app.shealth,32400000,2.0,0.0,93.0,6,1.4833333333333334
2026-02-01 20:11:00,16.0,56.0,41.0,10.0,0.0,0,14.0,11.0,2.0,0.0,6.0,46.0,1970-01-02 08:00:00,116.0,10.0,180.0,2026-02-01 17:11:00,27.0,2026-02-01 20:11:00,24.0,91.0,-1.0,1970-01-01 16:00,860a7429-5677-4663-9f4b-5475e189a375,180.0,63070031,63070030,2026-02-01 20:11,26.0,38.0,240000,16.0,gwtLszhLm4,2.0,0.0,107.0,0.0,34.0,18.0,0.0,4.0,6.0,1200000.0,com.sec.android.app.shealth,32400000,2.0,18.0,93.0,6,3.0
2026-01-31 23:37:00,16.0,51.0,19.0,13.0,0.0,0,6.0,12.0,2.0,0.0,6.0,52.0,1970-01-02 08:00:00,81.0,10.0,165.0,2026-01-31 20:52:00,4.0,2026-01-31 23:37:00,26.0,92.0,-1.0,1970-01-01 16:00,3f096e1a-cff9-4559-a768-2a5d488b2827,165.0,63070031,63070030,2026-01-31 23:37,26.0,14.0,60000,16.0,gwtLszhLm4,3.0,0.0,113.0,0.0,34.0,18.0,0.0,4.0,6.0,1380000.0,com.sec.android.app.shealth,32400000,2.0,21.0,92.0,5,2.75
2026-02-03 05:46:00,16.0,57.0,35.0,11.0,0.0,0,12.0,13.0,2.0,0.0,6.0,53.0,1970-01-02 08:00:00,91.0,10.0,179.0,2026-02-03 02:47:00,24.0,2026-02-03 05:54:00,28.0,91.0,-1.0,1970-01-01 16:00,2a5dec4f-0b7d-4e0a-90b6-23cdb1ebbefa,179.0,63070031,63070030,2026-02-03 05:46,26.0,32.0,180000,16.0,gwtLszhLm4,3.0,0.0,106.0,0.0,34.0,18.0,0.0,3.0,6.0,1260000.0,com.sec.android.app.shealth,32400000,2.0,21.0,92.0,1,2.9833333333333334
2026-02-04 03:28:00,14.0,76.0,89.0,9.0,0.0,0,9.0,27.0,26.0,0.0,6.0,93.0,1970-01-02 08:00:00,93.0,10.0,426.0,2026-02-03 20:22:00,28.0,2026-02-04 03:28:00,111.0,82.0,-1.0,1970-01-01 16:00,17719f02-c058-42f5-9202-0100e2f6d15b,426.0,63070031,63070030,2026-02-04 03:28,26.0,63.0,3300000,16.0,gwtLszhLm4,5.0,0.0,225.0,7.0,34.0,18.0,0.0,2.0,6.0,1020000.0,com.sec.android.app.shealth,32400000,2.0,21.0,94.0,1,7.1
2026-02-05 05:09:00,15.0,88.0,93.0,13.0,0.0,0,16.0,39.0,29.0,0.0,6.0,91.0,1970-01-02 08:00:00,111.0,10.0,479.0,2026-02-04 21:10:00,37.0,2026-02-05 05:09:00,105.0,88.0,-1.0,1970-01-01 16:00,4c727503-7f3f-47ff-bd8e-37129381f30c,479.0,63070031,63070030,2026-02-05 05:09,26.0,70.0,1200000,16.0,gwtLszhLm4,4.0,0.0,265.0,11.0,34.0,18.0,0.0,5.0,6.0,720000.0,com.sec.android.app.shealth,32400000,2.0,22.0,92.0,2,7.983333333333333
2026-02-08 03:40:00,14.0,56.0,25.0,12.0,0.0,0,16.0,7.0,2.0,0.0,6.0,43.0,1970-01-02 08:00:00,95.0,10.0,112.0,2026-02-08 01:48:00,29.0,2026-02-08 10:42:00,17.0,84.0,-1.0,1970-01-01 16:00,42b65105-8aaa-4627-8360-bc36b38a27de,112.0,63070031,63070030,2026-02-08 03:40,26.0,29.0,780000,16.0,gwtLszhLm4,1.0,1.0,59.0,1.0,34.0,18.0,0.0,5.0,6.0,720000.0,com.sec.android.app.shealth,32400000,2.0,18.0,94.0,6,1.8666666666666667
2026-02-08 10:42:00,15.0,71.0,71.0,22.0,0.0,0,6.0,51.0,23.0,0.0,5.0,90.0,1970-01-02 08:00:00,73.0,10.0,422.0,2026-02-08 03:40:00,0.0,2026-02-08 10:42:00,103.0,87.0,3.0,1970-01-01 16:00,79f5a07a-0746-43c6-abd9-6af6990e3da6,422.0,63070031,63070030,2026-02-08 10:42,26.0,38.0,60000,16.0,gwtLszhLm4,4.0,0.0,230.0,7.0,34.0,18.0,14.0,5.0,6.0,1380000.0,com.sec.android.app.shealth,32400000,2.0,22.0,87.0,6,7.033333333333333
2026-02-09 13:56:00,13.0,64.0,89.0,11.0,0.0,0,1.0,23.0,25.0,1380000.0,6.0,96.0,1970-01-02 08:00:00,115.0,10.0,452.0,2026-02-09 06:01:00,16.0,2026-02-09 13:58:00,134.0,75.0,3.0,1970-01-01 16:00,eeddafc2-d975-4c61-9a03-590ab5e111ff,452.0,63070031,63070030,2026-02-09 13:33,26.0,60.0,6780000,16.0,gwtLszhLm4,5.0,0.0,235.0,3.0,34.0,18.0,3.0,6.0,6.0,1200000.0,com.sec.android.app.shealth,32400000,2.0,19.0,95.0,0,7.916666666666667
2026-02-10 15:26:00,16.0,90.0,87.0,20.0,0.0,0,16.0,35.0,30.0,0.0,6.0,85.0,1970-01-02 08:00:00,127.0,10.0,452.0,2026-02-10 07:54:00,29.0,2026-02-10 15:26:00,80.0,90.0,-1.0,1970-01-01 16:00,9e39f27c-e3f5-4bd0-85e9-14ebae33642c,452.0,63070031,63070030,2026-02-10 15:26,26.0,57.0,600000,16.0,gwtLszhLm4,4.0,0.0,280.0,5.0,34.0,18.0,6.0,14.0,6.0,1140000.0,com.sec.android.app.shealth,32400000,2.0,22.0,92.0,1,7.533333333333333
2026-02-12 06:28:00,16.0,89.0,89.0,15.0,0.0,0,15.0,19.0,28.0,-1.0,6.0,90.0,1970-01-02 08:00:00,86.0,10.0,406.0,2026-02-11 21:39:00,31.0,2026-02-13 06:21:00,93.0,94.0,-1.0,1970-01-01 16:00,43ad580b-cc2c-4777-a9c0-af50137a443e,406.0,63070031,63070030,2026-02-12 04:25,26.0,70.0,300000,16.0,gwtLszhLm4,4.0,0.0,224.0,4.0,34.0,18.0,4.0,8.0,6.0,900000.0,com.sec.android.app.shealth,32400000,2.0,24.0,95.0,2,8.816666666666666
2026-02-20 15:47:00,14.0,45.0,24.0,34.0,0.0,0,16.0,17.0,1.0,0.0,5.0,23.0,1970-01-02 08:00:00,87.0,10.0,133.0,2026-02-20 13:34:00,9.0,2026-02-20 15:47:00,11.0,79.0,-1.0,1970-01-01 16:00,4cdb6393-85c1-49a3-8607-bd4c90590abc,133.0,63070031,63070030,2026-02-20 15:47,26.0,27.0,780000,16.0,gwtLszhLm4,1.0,0.0,78.0,0.0,34.0,18.0,6.0,14.0,6.0,1080000.0,com.sec.android.app.shealth,32400000,2.0,9.0,88.0,4,2.216666666666667
2026-02-13 15:11:00,16.0,84.0,99.0,19.0,0.0,0,16.0,57.0,23.0,1320000.0,6.0,98.0,1970-01-02 08:00:00,124.0,10.0,684.0,2026-02-13 02:58:00,42.0,2026-02-13 15:12:00,177.0,90.0,-1.0,1970-01-01 16:00,53911b17-7941-464d-bfad-b9b0948f522e,684.0,63070031,63070030,2026-02-13 14:22,26.0,105.0,600000,16.0,gwtLszhLm4,7.0,0.0,345.0,16.0,34.0,18.0,14.0,10.0,6.0,1140000.0,com.sec.android.app.shealth,32400000,2.0,23.0,91.0,4,12.216666666666667
2026-02-15 14:05:00,14.0,60.0,65.0,15.0,0.0,0,11.0,26.0,9.0,0.0,6.0,88.0,1970-01-02 08:00:00,75.0,10.0,316.0,2026-02-15 08:49:00,17.0,2026-02-15 14:05:00,83.0,80.0,-1.0,1970-01-01 16:00,74e4d80e-1c4f-491e-a535-683cf49f77d0,316.0,63070031,63070030,2026-02-15 14:05,26.0,43.0,2760000,16.0,gwtLszhLm4,3.0,0.0,164.0,3.0,34.0,18.0,4.0,4.0,6.0,780000.0,com.sec.android.app.shealth,32400000,2.0,20.0,92.0,6,5.266666666666667
2026-02-21 19:05:00,14.0,52.0,28.0,25.0,0.0,0,16.0,22.0,2.0,0.0,5.0,38.0,1970-01-02 08:00:00,151.0,10.0,179.0,2026-02-21 16:06:00,23.0,2026-02-21 19:05:00,21.0,81.0,-1.0,1970-01-01 16:00,4cd12b63-a15b-4b3d-80b0-a748987d6db6,179.0,63070031,63070030,2026-02-21 19:05,26.0,23.0,780000,16.0,gwtLszhLm4,1.0,0.0,113.0,2.0,34.0,18.0,0.0,19.0,6.0,660000.0,com.sec.android.app.shealth,32400000,2.0,15.0,88.0,5,2.9833333333333334
2026-02-19 10:06:00,15.0,40.0,23.0,12.0,0.0,0,16.0,7.0,2.0,0.0,6.0,9.0,1970-01-02 08:00:00,117.0,10.0,117.0,2026-02-19 08:09:00,27.0,2026-02-19 10:06:00,0.0,87.0,-1.0,1970-01-01 16:00,2efac37f-c573-445f-9d1c-146a7d36fff5,117.0,63070031,63070030,2026-02-19 10:06,26.0,27.0,540000,16.0,gwtLszhLm4,0.0,1.0,83.0,0.0,34.0,18.0,0.0,7.0,6.0,720000.0,com.sec.android.app.shealth,32400000,2.0,1.0,94.0,3,1.95
2026-02-19 14:36:00,14.0,60.0,33.0,22.0,0.0,0,15.0,31.0,4.0,0.0,5.0,80.0,1970-01-02 08:00:00,103.0,10.0,261.0,2026-02-19 10:15:00,4.0,2026-02-20 15:47:00,63.0,86.0,-1.0,1970-01-01 16:00,258da34c-db9a-48e7-98f0-83bde1a3329d,261.0,63070031,63070030,2026-02-19 14:36,26.0,20.0,300000,16.0,gwtLszhLm4,2.0,0.0,147.0,7.0,34.0,18.0,8.0,7.0,6.0,1140000.0,com.sec.android.app.shealth,32400000,2.0,22.0,88.0,3,4.35
2026-03-02 05:30:00,15.0,80.0,98.0,12.0,0.0,0,15.0,37.0,29.0,0.0,6.0,81.0,1970-01-02 08:00:00,322.0,10.0,521.0,2026-03-01 20:49:00,101.0,2026-03-02 05:31:00,64.0,87.0,2.0,1970-01-01 16:00,c264ed15-e6f8-4866-9fa6-6dc13d31fb40,521.0,63070031,63070030,2026-03-02 05:30,26.0,120.0,1860000,16.0,gwtLszhLm4,3.0,0.0,300.0,8.0,34.0,18.0,0.0,16.0,6.0,720000.0,com.sec.android.app.shealth,32400000,2.0,15.0,93.0,6,8.683333333333334
2026-02-18 19:03:00,16.0,79.0,69.0,14.0,0.0,0,16.0,26.0,18.0,1500000.0,6.0,88.0,1970-01-02 08:00:00,218.0,10.0,363.0,2026-02-18 12:28:00,29.0,2026-02-18 22:34:00,85.0,90.0,-1.0,1970-01-01 16:00,d7b55573-9cf2-4438-94ca-3bcc9e83e81d,363.0,63070031,63070030,2026-02-18 18:31,26.0,40.0,600000,16.0,gwtLszhLm4,2.0,0.0,212.0,5.0,34.0,18.0,3.0,13.0,6.0,960000.0,com.sec.android.app.shealth,32400000,2.0,23.0,93.0,2,6.583333333333333
2026-02-24 10:08:00,15.0,67.0,51.0,16.0,0.0,0,16.0,26.0,9.0,0.0,6.0,70.0,1970-01-02 08:00:00,106.0,10.0,314.0,2026-02-24 04:54:00,10.0,2026-02-24 10:09:00,51.0,88.0,-1.0,1970-01-01 16:00,bbd83deb-1cd8-4db5-905d-eaa81f582724,314.0,63070031,63070030,2026-02-24 10:08,26.0,27.0,660000,16.0,gwtLszhLm4,3.0,0.0,210.0,7.0,34.0,18.0,0.0,8.0,6.0,720000.0,com.sec.android.app.shealth,32400000,2.0,21.0,91.0,1,5.233333333333333
2026-02-17 16:03:00,16.0,82.0,99.0,19.0,0.0,0,15.0,61.0,22.0,0.0,6.0,98.0,1970-01-02 08:00:00,75.0,10.0,694.0,2026-02-17 04:29:00,17.0,2026-02-17 16:03:00,179.0,90.0,-1.0,1970-01-01 16:00,aa6d713a-2083-4896-907f-2c867ae8f9f1,694.0,63070031,63070030,2026-02-17 16:03,26.0,106.0,300000,16.0,gwtLszhLm4,6.0,0.0,348.0,11.0,34.0,18.0,8.0,6.0,6.0,660000.0,com.sec.android.app.shealth,32400000,2.0,23.0,91.0,1,11.566666666666666
2026-03-06 09:18:00,16.0,75.0,93.0,13.0,0.0,0,6.0,40.0,26.0,0.0,6.0,79.0,1970-01-02 08:00:00,76.0,10.0,424.0,2026-03-06 02:14:00,25.0,2026-03-06 09:18:00,68.0,90.0,2.0,1970-01-01 16:00,ed00203f-55fc-47d8-9b93-1495e8c3029c,424.0,63070031,63110130,2026-03-06 09:18,26.0,82.0,60000,16.0,gwtLszhLm4,5.0,0.0,234.0,6.0,34.0,18.0,5.0,2.0,6.0,660000.0,com.sec.android.app.shealth,32400000,2.0,21.0,90.0,4,7.066666666666666
2026-02-21 20:22:00,0.0,26.0,7.0,10.0,0.0,0,16.0,3.0,1.0,0.0,6.0,12.0,1970-01-02 08:00:00,69.0,10.0,69.0,2026-02-21 19:13:00,0.0,2026-02-21 20:22:00,3.0,85.0,-1.0,1970-01-01 16:00,deaa44a1-fb31-431e-aecd-82fdce7df55b,69.0,63070031,63070030,2026-02-21 20:22,26.0,0.0,480000,16.0,gwtLszhLm4,1.0,2.0,63.0,0.0,34.0,18.0,0.0,3.0,6.0,960000.0,com.sec.android.app.shealth,32400000,2.0,3.0,95.0,5,1.15
2026-02-24 16:48:00,0.0,33.0,6.0,5.0,0.0,0,13.0,1.0,1.0,0.0,6.0,89.0,1970-01-02 08:00:00,39.0,10.0,62.0,2026-02-24 15:46:00,0.0,2026-02-24 16:48:00,27.0,60.0,-1.0,1970-01-01 16:00,f3987d0e-7ad1-4503-8c54-06e2e90ebe24,62.0,63070031,63070030,2026-02-24 16:48,26.0,0.0,2280000,16.0,gwtLszhLm4,2.0,1.0,34.0,1.0,34.0,18.0,0.0,1.0,6.0,660000.0,com.sec.android.app.shealth,32400000,2.0,13.0,98.0,1,1.0333333333333334
2026-03-04 04:26:00,11.0,52.0,26.0,23.0,0.0,0,16.0,29.0,3.0,0.0,5.0,52.0,1970-01-02 08:00:00,71.0,10.0,238.0,2026-03-04 00:28:00,0.0,2026-03-04 05:55:00,33.0,78.0,2.0,1970-01-01 16:00,2c14c988-9f80-48fc-87a4-87d7303f5e7c,238.0,63070031,63110130,2026-03-04 04:26,26.0,14.0,1740000,16.0,gwtLszhLm4,4.0,0.0,162.0,0.0,34.0,18.0,5.0,6.0,6.0,600000.0,com.sec.android.app.shealth,32400000,2.0,17.0,89.0,2,3.966666666666667
2026-02-21 15:54:00,16.0,56.0,65.0,19.0,0.0,0,6.0,26.0,5.0,0.0,6.0,83.0,1970-01-02 08:00:00,159.0,10.0,274.0,2026-02-21 11:20:00,37.0,2026-02-21 15:54:00,69.0,90.0,-1.0,1970-01-01 16:00,47ec8bf8-d076-492c-8b20-c8d8c3baac9b,274.0,63070031,63070030,2026-02-21 15:54,26.0,49.0,60000,16.0,gwtLszhLm4,4.0,0.0,130.0,5.0,34.0,18.0,0.0,15.0,6.0,1380000.0,com.sec.android.app.shealth,32400000,2.0,23.0,90.0,5,4.566666666666666
2026-02-28 11:35:00,15.0,87.0,88.0,13.0,0.0,0,16.0,35.0,29.0,0.0,6.0,84.0,1970-01-02 08:00:00,101.0,10.0,448.0,2026-02-28 04:07:00,14.0,2026-02-28 11:36:00,78.0,87.0,-1.0,1970-01-01 16:00,be64ec43-1f2f-4da5-87e2-efb82ef3191a,448.0,63070031,63070030,2026-02-28 11:35,26.0,58.0,1560000,16.0,gwtLszhLm4,5.0,0.0,277.0,4.0,34.0,18.0,0.0,5.0,6.0,780000.0,com.sec.android.app.shealth,32400000,2.0,21.0,92.0,5,7.466666666666667
2026-03-02 12:40:00,2.0,25.0,7.0,36.0,0.0,0,16.0,14.0,1.0,0.0,5.0,7.0,1970-01-02 08:00:00,87.0,10.0,87.0,2026-03-02 11:13:00,1.0,2026-03-02 12:40:00,0.0,73.0,2.0,1970-01-01 16:00,bbd76705-f064-4281-a51f-6a226644831a,87.0,63070031,63070030,2026-03-02 12:40,26.0,1.0,780000,16.0,gwtLszhLm4,0.0,2.0,72.0,0.0,34.0,18.0,3.0,14.0,6.0,660000.0,com.sec.android.app.shealth,32400000,2.0,1.0,86.0,0,1.45
2026-02-22 18:00:00,2.0,28.0,11.0,17.0,0.0,0,9.0,12.0,2.0,0.0,6.0,23.0,1970-01-02 08:00:00,94.0,10.0,135.0,2026-02-22 15:45:00,2.0,2026-02-22 18:00:00,11.0,89.0,-1.0,1970-01-01 16:00,010a1a73-4906-413f-a839-1ccc190435f6,135.0,63070031,63070030,2026-02-22 18:00,26.0,2.0,120000,16.0,gwtLszhLm4,1.0,0.0,110.0,0.0,34.0,18.0,0.0,7.0,6.0,1320000.0,com.sec.android.app.shealth,32400000,2.0,9.0,91.0,6,2.25
2026-03-04 05:55:00,0.0,22.0,6.0,20.0,0.0,0,16.0,4.0,1.0,1320000.0,5.0,6.0,1970-01-02 08:00:00,44.0,10.0,44.0,2026-03-04 04:49:00,0.0,2026-03-04 05:55:00,0.0,58.0,2.0,1970-01-01 16:00,eb1755a6-fb7b-4ee0-92a5-609ebb4f4349,44.0,63070031,63110130,2026-03-04 05:33,26.0,0.0,1440000,16.0,gwtLszhLm4,0.0,4.0,40.0,0.0,34.0,18.0,0.0,4.0,6.0,300000.0,com.sec.android.app.shealth,32400000,2.0,0.0,93.0,2,1.1
2026-03-05 07:03:00,14.0,77.0,98.0,35.0,0.0,0,13.0,88.0,24.0,0.0,5.0,96.0,1970-01-02 08:00:00,92.0,10.0,679.0,2026-03-04 19:44:00,33.0,2026-03-05 07:03:00,145.0,82.0,2.0,1970-01-01 16:00,f37ae9db-7943-4960-9a40-f37fa5dd65c0,679.0,63070031,63110130,2026-03-05 07:03,26.0,92.0,2460000,16.0,gwtLszhLm4,6.0,0.0,354.0,9.0,34.0,18.0,40.0,14.0,6.0,780000.0,com.sec.android.app.shealth,32400000,2.0,21.0,87.0,2,11.316666666666666
2026-02-22 15:43:00,13.0,64.0,82.0,13.0,0.0,0,3.0,28.0,23.0,0.0,6.0,92.0,1970-01-02 08:00:00,76.0,10.0,419.0,2026-02-22 08:44:00,22.0,2026-02-22 15:44:00,103.0,76.0,-1.0,1970-01-01 16:00,48206cdd-f8e1-4a82-a4d6-cf205769a358,419.0,63070031,63070030,2026-02-22 15:43,26.0,49.0,5520000,16.0,gwtLszhLm4,5.0,0.0,239.0,7.0,34.0,18.0,0.0,5.0,6.0,780000.0,com.sec.android.app.shealth,32400000,2.0,19.0,94.0,6,6.983333333333333
2026-03-08 07:34:00,15.0,90.0,94.0,11.0,0.0,0,16.0,35.0,30.0,0.0,6.0,95.0,1970-01-02 08:00:00,90.0,10.0,553.0,2026-03-07 22:21:00,18.0,2026-03-08 07:34:00,126.0,88.0,3.0,1970-01-01 16:00,5121364e-e41e-423a-89ca-80361ce0a8e2,553.0,63070071,63110130,2026-03-08 07:34,26.0,61.0,1800000,16.0,gwtLszhLm4,6.0,0.0,331.0,4.0,34.0,18.0,0.0,4.0,6.0,1020000.0,com.sec.android.app.shealth,32400000,2.0,23.0,93.0,5,9.216666666666667
2026-03-03 07:39:00,15.0,74.0,86.0,15.0,0.0,0,14.0,31.0,20.0,0.0,6.0,75.0,1970-01-02 08:00:00,192.0,10.0,388.0,2026-03-03 01:11:00,55.0,2026-03-03 07:40:00,60.0,84.0,2.0,1970-01-01 16:00,c721b988-d121-4c3d-b4e1-00c039421a65,388.0,63070031,63070030,2026-03-03 07:39,26.0,62.0,2220000,16.0,gwtLszhLm4,3.0,0.0,235.0,4.0,34.0,18.0,0.0,13.0,6.0,660000.0,com.sec.android.app.shealth,32400000,2.0,19.0,92.0,1,6.466666666666667
2026-02-28 19:26:00,13.0,44.0,17.0,16.0,0.0,0,16.0,7.0,1.0,0.0,6.0,23.0,1970-01-02 08:00:00,54.0,10.0,108.0,2026-02-28 17:38:00,7.0,2026-02-28 19:26:00,9.0,74.0,-1.0,1970-01-01 16:00,1c2dc29e-33ab-41bd-9402-daa23cf72b04,108.0,63070031,63070030,2026-02-28 19:26,26.0,19.0,1620000,16.0,gwtLszhLm4,2.0,0.0,73.0,1.0,34.0,18.0,0.0,5.0,6.0,660000.0,com.sec.android.app.shealth,32400000,2.0,8.0,94.0,5,1.8
2026-03-03 23:59:00,15.0,49.0,34.0,20.0,0.0,0,15.0,24.0,3.0,0.0,5.0,36.0,1970-01-02 08:00:00,87.0,10.0,231.0,2026-03-03 20:02:00,19.0,2026-03-04 05:55:00,22.0,87.0,2.0,1970-01-01 16:00,fa9a86a4-2ae5-4df2-8245-7e335d168ae7,231.0,63070031,63110130,2026-03-03 23:53,26.0,24.0,300000,16.0,gwtLszhLm4,3.0,0.0,161.0,4.0,34.0,18.0,4.0,7.0,6.0,1080000.0,com.sec.android.app.shealth,32400000,2.0,11.0,89.0,1,3.95
2026-03-09 08:00:00,15.0,69.0,82.0,30.0,0.0,0,12.0,51.0,20.0,0.0,5.0,68.0,1970-01-02 08:00:00,177.0,10.0,407.0,2026-03-09 01:13:00,28.0,2026-03-09 08:00:00,52.0,86.0,3.0,1970-01-01 16:00,cdd467bb-0ff5-4d45-ae82-76d179884ca5,407.0,63070071,63110130,2026-03-09 08:00,26.0,54.0,180000,16.0,gwtLszhLm4,4.0,0.0,250.0,5.0,34.0,18.0,9.0,27.0,6.0,780000.0,com.sec.android.app.shealth,32400000,2.0,17.0,87.0,0,6.783333333333333
2026-03-10 03:06:00,14.0,42.0,74.0,11.0,0.0,0,16.0,12.0,4.0,0.0,6.0,19.0,1970-01-02 08:00:00,238.0,10.0,238.0,2026-03-09 23:08:00,68.0,2026-03-10 08:43:00,5.0,87.0,3.0,1970-01-01 16:00,d6c90c0f-3388-42b0-8241-1deb25eddcab,238.0,63100571,63110130,2026-03-10 03:06,26.0,68.0,1260000,16.0,gwtLszhLm4,1.0,0.0,153.0,1.0,34.0,18.0,3.0,12.0,6.0,840000.0,com.sec.android.app.shealth,32400000,2.0,2.0,95.0,0,3.966666666666667
2026-03-10 08:43:00,14.0,53.0,82.0,30.0,0.0,0,6.0,56.0,8.0,0.0,5.0,67.0,1970-01-02 08:00:00,125.0,10.0,337.0,2026-03-10 03:06:00,56.0,2026-03-10 08:43:00,53.0,82.0,3.0,1970-01-01 16:00,593e9cc5-fbc8-4a94-b739-26deade6abe6,337.0,63100571,63110130,2026-03-10 08:43,26.0,73.0,60000,16.0,gwtLszhLm4,3.0,0.0,155.0,7.0,34.0,18.0,24.0,7.0,6.0,1380000.0,com.sec.android.app.shealth,32400000,2.0,20.0,83.0,1,5.616666666666666
2026-03-05 20:10:00,6.0,12.0,31.0,84.0,0.0,0,0.0,63.0,1.0,540000.0,2.0,19.0,1970-01-02 08:00:00,203.0,10.0,206.0,2026-03-05 16:35:00,36.0,2026-03-05 20:10:00,12.0,39.0,2.0,1970-01-01 16:00,9e5feb9c-4491-4460-874b-4b427fa805bf,206.0,63070031,63110130,2026-03-05 20:01,26.0,36.0,9420000,16.0,gwtLszhLm4,1.0,0.0,95.0,4.0,34.0,18.0,49.0,60.0,6.0,1080000.0,com.sec.android.app.shealth,32400000,2.0,3.0,82.0,3,3.5833333333333335
2026-03-11 10:15:00,16.0,87.0,90.0,14.0,0.0,0,12.0,47.0,30.0,0.0,6.0,92.0,1970-01-02 08:00:00,108.0,10.0,542.0,2026-03-11 01:13:00,40.0,2026-03-11 10:15:00,107.0,90.0,3.0,1970-01-01 16:00,c7ed4dc8-64df-4152-aa21-fdb6779f9cf6,542.0,63100571,63110130,2026-03-11 10:15,26.0,52.0,180000,16.0,gwtLszhLm4,6.0,0.0,336.0,8.0,34.0,18.0,10.0,4.0,6.0,1020000.0,com.sec.android.app.shealth,32400000,2.0,23.0,91.0,2,9.033333333333333
2026-03-12 07:49:00,15.0,90.0,78.0,11.0,0.0,0,15.0,34.0,31.0,0.0,6.0,89.0,1970-01-02 08:00:00,85.0,10.0,462.0,2026-03-12 00:07:00,28.0,2026-03-12 07:49:00,94.0,91.0,3.0,1970-01-01 16:00,af0fa48f-e50a-4dde-ab21-00a741a67bd0,462.0,63100571,63110130,2026-03-12 07:49,26.0,36.0,300000,16.0,gwtLszhLm4,5.0,0.0,298.0,9.0,34.0,18.0,0.0,3.0,6.0,1080000.0,com.sec.android.app.shealth,32400000,2.0,23.0,92.0,3,7.7
2026-03-14 12:15:00,15.0,58.0,43.0,24.0,0.0,0,16.0,28.0,3.0,0.0,5.0,54.0,1970-01-02 08:00:00,79.0,10.0,247.0,2026-03-14 08:08:00,11.0,2026-03-14 12:15:00,35.0,85.0,3.0,1970-01-01 16:00,fbac725d-bb16-4924-8952-078752bac5fd,247.0,63100571,63110130,2026-03-14 12:15,26.0,35.0,480000,16.0,gwtLszhLm4,3.0,0.0,149.0,1.0,34.0,18.0,13.0,5.0,6.0,840000.0,com.sec.android.app.shealth,32400000,2.0,19.0,89.0,5,4.116666666666666
2026-03-14 15:54:00,14.0,38.0,11.0,8.0,0.0,0,16.0,3.0,1.0,0.0,6.0,7.0,1970-01-02 08:00:00,78.0,10.0,78.0,2026-03-14 14:36:00,11.0,2026-03-14 15:54:00,1.0,82.0,3.0,1970-01-01 16:00,10000b69-9ea5-45ba-9777-ce14bf1735b9,78.0,63100571,63110130,2026-03-14 15:54,26.0,11.0,780000,16.0,gwtLszhLm4,1.0,2.0,63.0,0.0,34.0,18.0,0.0,3.0,6.0,660000.0,com.sec.android.app.shealth,32400000,2.0,1.0,96.0,5,1.3
2026-03-07 05:55:00,15.0,44.0,27.0,17.0,0.0,0,16.0,12.0,2.0,0.0,6.0,18.0,1970-01-02 08:00:00,63.0,10.0,136.0,2026-03-07 03:39:00,17.0,2026-03-07 07:27:00,8.0,86.0,2.0,1970-01-01 16:00,4cf65d85-0a75-4e1b-8499-301223e354f6,136.0,63070071,63110130,2026-03-07 05:55,26.0,29.0,420000,16.0,gwtLszhLm4,2.0,0.0,87.0,1.0,34.0,18.0,0.0,5.0,6.0,780000.0,com.sec.android.app.shealth,32400000,2.0,5.0,91.0,5,2.2666666666666666
2026-03-15 06:16:00,14.0,42.0,29.0,24.0,0.0,0,16.0,23.0,2.0,0.0,5.0,19.0,1970-01-02 08:00:00,127.0,10.0,180.0,2026-03-15 03:16:00,26.0,2026-03-15 09:33:00,10.0,78.0,3.0,1970-01-01 16:00,abac607f-7dba-43f5-bea6-e8bcd4c85a1f,180.0,63100571,63110130,2026-03-15 06:16,26.0,26.0,1260000,16.0,gwtLszhLm4,3.0,0.0,121.0,2.0,34.0,18.0,5.0,11.0,6.0,780000.0,com.sec.android.app.shealth,32400000,2.0,5.0,88.0,6,3.0
2026-03-07 07:27:00,5.0,20.0,8.0,12.0,0.0,0,6.0,4.0,2.0,0.0,6.0,7.0,1970-01-02 08:00:00,92.0,10.0,92.0,2026-03-07 05:55:00,3.0,2026-03-07 07:27:00,0.0,94.0,2.0,1970-01-01 16:00,b77a17ba-6fd6-4b3d-b681-52292e35ad87,92.0,63070071,63110130,2026-03-07 07:27,26.0,3.0,60000,16.0,gwtLszhLm4,0.0,2.0,85.0,0.0,34.0,18.0,3.0,4.0,6.0,1380000.0,com.sec.android.app.shealth,32400000,2.0,1.0,95.0,5,1.5333333333333334
2026-03-13 11:46:00,10.0,52.0,38.0,18.0,0.0,0,6.0,31.0,8.0,0.0,5.0,76.0,1970-01-02 08:00:00,62.0,10.0,305.0,2026-03-13 06:41:00,2.0,2026-03-13 11:46:00,60.0,89.0,3.0,1970-01-01 16:00,f15419cd-b527-4806-af68-5d048ea62deb,305.0,63100571,63110130,2026-03-13 11:46,26.0,16.0,60000,16.0,gwtLszhLm4,6.0,0.0,198.0,6.0,34.0,18.0,0.0,5.0,6.0,1380000.0,com.sec.android.app.shealth,32400000,2.0,23.0,89.0,4,5.083333333333333
2026-03-16 20:29:00,12.0,35.0,14.0,11.0,0.0,0,15.0,4.0,1.0,0.0,6.0,7.0,1970-01-02 08:00:00,84.0,10.0,84.0,2026-03-16 19:05:00,16.0,2026-03-16 20:29:00,0.0,69.0,3.0,1970-01-01 16:00,a383421b-3475-4457-9010-a0343d6a598a,84.0,63100571,63110130,2026-03-16 20:29,26.0,16.0,1860000,16.0,gwtLszhLm4,0.0,0.0,64.0,0.0,34.0,18.0,0.0,4.0,6.0,600000.0,com.sec.android.app.shealth,32400000,2.0,1.0,96.0,0,1.4
2026-03-14 14:24:00,5.0,35.0,11.0,13.0,0.0,0,9.0,8.0,2.0,0.0,6.0,30.0,1970-01-02 08:00:00,29.0,10.0,128.0,2026-03-14 12:16:00,0.0,2026-03-14 14:24:00,13.0,92.0,3.0,1970-01-01 16:00,d6348c09-c9a7-40fc-be56-94ec309efa65,128.0,63100571,63110130,2026-03-14 14:24,26.0,4.0,120000,16.0,gwtLszhLm4,2.0,1.0,103.0,1.0,34.0,18.0,0.0,2.0,6.0,1320000.0,com.sec.android.app.shealth,32400000,2.0,13.0,93.0,5,2.1333333333333333
2026-03-18 08:49:00,14.0,63.0,55.0,26.0,0.0,0,16.0,48.0,8.0,0.0,5.0,70.0,1970-01-02 08:00:00,82.0,10.0,336.0,2026-03-18 03:13:00,21.0,2026-03-18 08:49:00,55.0,79.0,3.0,1970-01-01 16:00,1f820c20-64dc-4c44-b614-b5dc87f326f7,336.0,63100571,63110130,2026-03-18 08:49,26.0,37.0,1440000,16.0,gwtLszhLm4,3.0,0.0,196.0,3.0,34.0,18.0,26.0,3.0,6.0,840000.0,com.sec.android.app.shealth,32400000,2.0,20.0,86.0,2,5.6
2026-03-13 06:41:00,15.0,53.0,30.0,22.0,0.0,0,16.0,22.0,2.0,0.0,5.0,41.0,1970-01-02 08:00:00,207.0,10.0,208.0,2026-03-13 03:13:00,23.0,2026-03-13 11:46:00,24.0,84.0,3.0,1970-01-01 16:00,2f26b5af-67bd-4ac6-a7f9-be25acd07de7,208.0,63100571,63110130,2026-03-13 06:41,26.0,23.0,660000,16.0,gwtLszhLm4,1.0,0.0,139.0,3.0,34.0,18.0,3.0,21.0,6.0,840000.0,com.sec.android.app.shealth,32400000,2.0,15.0,89.0,4,3.466666666666667
2026-03-14 17:18:00,16.0,37.0,13.0,7.0,0.0,0,12.0,3.0,2.0,0.0,6.0,7.0,1970-01-02 08:00:00,81.0,10.0,81.0,2026-03-14 15:57:00,16.0,2026-03-14 17:18:00,0.0,92.0,3.0,1970-01-01 16:00,eb80b096-b5cb-493c-91b1-ce5d1f1ab9d9,81.0,63100571,63110130,2026-03-14 17:18,26.0,16.0,180000,16.0,gwtLszhLm4,0.0,2.0,62.0,0.0,34.0,18.0,0.0,3.0,6.0,1260000.0,com.sec.android.app.shealth,32400000,2.0,1.0,96.0,5,1.35
2026-03-15 09:33:00,1.0,17.0,7.0,11.0,0.0,0,6.0,4.0,2.0,0.0,6.0,9.0,1970-01-02 08:00:00,85.0,10.0,85.0,2026-03-15 08:08:00,0.0,2026-03-15 09:33:00,2.0,93.0,3.0,1970-01-01 16:00,3d58c922-e28e-474d-80a3-64f837523fd4,85.0,63100571,63110130,2026-03-15 09:33,26.0,0.0,60000,16.0,gwtLszhLm4,1.0,3.0,79.0,0.0,34.0,18.0,0.0,4.0,6.0,1380000.0,com.sec.android.app.shealth,32400000,2.0,2.0,94.0,6,1.4166666666666667
2026-03-16 14:00:00,11.0,48.0,10.0,8.0,0.0,0,16.0,2.0,1.0,0.0,6.0,37.0,1970-01-02 08:00:00,63.0,10.0,63.0,2026-03-16 12:57:00,11.0,2026-03-16 14:00:00,9.0,65.0,3.0,1970-01-01 16:00,b5c3ad7f-3428-4dc7-9003-b12e5cfa69b2,63.0,63100571,63110130,2026-03-16 14:00,26.0,11.0,1740000,16.0,gwtLszhLm4,1.0,2.0,41.0,0.0,34.0,18.0,0.0,2.0,6.0,900000.0,com.sec.android.app.shealth,32400000,2.0,14.0,97.0,0,1.05
2026-03-15 08:08:00,3.0,18.0,9.0,14.0,0.0,0,6.0,8.0,2.0,0.0,6.0,8.0,1970-01-02 08:00:00,112.0,10.0,112.0,2026-03-15 06:16:00,2.0,2026-03-15 09:33:00,0.0,92.0,3.0,1970-01-01 16:00,87a0eb1b-05a0-438b-9b0a-a2635c34b1ba,112.0,63100571,63110130,2026-03-15 08:08,26.0,2.0,60000,16.0,gwtLszhLm4,1.0,1.0,102.0,0.0,34.0,18.0,0.0,8.0,6.0,1440000.0,com.sec.android.app.shealth,32400000,2.0,1.0,92.0,6,1.8666666666666667
2026-03-16 22:45:00,17.0,55.0,20.0,8.0,0.0,0,6.0,6.0,2.0,0.0,6.0,57.0,1970-01-02 08:00:00,74.0,10.0,135.0,2026-03-16 20:30:00,0.0,2026-03-16 22:45:00,25.0,94.0,3.0,1970-01-01 16:00,37688e3b-3fbc-4fba-8e5a-50c0fa2a35c9,135.0,63100571,63110130,2026-03-16 22:45,26.0,19.0,60000,16.0,gwtLszhLm4,2.0,0.0,85.0,0.0,34.0,18.0,0.0,3.0,6.0,1380000.0,com.sec.android.app.shealth,32400000,2.0,24.0,95.0,0,2.25
2026-03-18 02:38:00,13.0,47.0,22.0,32.0,0.0,0,16.0,19.0,1.0,0.0,5.0,26.0,1970-01-02 08:00:00,120.0,10.0,130.0,2026-03-18 00:28:00,27.0,2026-03-18 08:49:00,13.0,79.0,3.0,1970-01-01 16:00,7587a1f6-917d-47b2-8597-8053fe880dfc,130.0,63100571,63110130,2026-03-18 02:38,26.0,27.0,540000,16.0,gwtLszhLm4,2.0,0.0,71.0,1.0,34.0,18.0,10.0,11.0,6.0,780000.0,com.sec.android.app.shealth,32400000,2.0,12.0,85.0,2,2.1666666666666665
2026-03-20 07:46:00,15.0,69.0,59.0,17.0,0.0,0,16.0,22.0,10.0,0.0,6.0,82.0,1970-01-02 08:00:00,163.0,10.0,314.0,2026-03-20 02:32:00,33.0,2026-03-20 07:46:00,68.0,87.0,3.0,1970-01-01 16:00,ad2a1dd8-cee9-41bc-9d63-15c18f937d12,314.0,63100571,63110130,2026-03-20 07:46,26.0,37.0,1200000,16.0,gwtLszhLm4,2.0,0.0,187.0,2.0,34.0,18.0,3.0,14.0,6.0,840000.0,com.sec.android.app.shealth,32400000,2.0,22.0,93.0,4,5.233333333333333
2026-03-21 05:01:00,15.0,35.0,37.0,20.0,0.0,0,9.0,15.0,2.0,0.0,6.0,16.0,1970-01-02 08:00:00,106.0,10.0,163.0,2026-03-21 02:18:00,26.0,2026-03-21 13:55:00,6.0,89.0,3.0,1970-01-01 16:00,578d3f2f-1381-4bf5-975e-e656e5f760f2,163.0,63100571,63110130,2026-03-21 05:01,26.0,36.0,120000,16.0,gwtLszhLm4,1.0,0.0,106.0,2.0,34.0,18.0,0.0,11.0,6.0,840000.0,com.sec.android.app.shealth,32400000,2.0,3.0,90.0,5,2.716666666666667
2026-03-17 05:49:00,16.0,64.0,31.0,19.0,0.0,0,16.0,15.0,3.0,0.0,6.0,73.0,1970-01-02 08:00:00,82.0,10.0,201.0,2026-03-17 02:28:00,0.0,2026-03-17 08:28:00,45.0,89.0,3.0,1970-01-01 16:00,d4683f11-8a38-4e43-89c2-87a00fa937c7,201.0,63100571,63110130,2026-03-17 05:49,26.0,26.0,360000,16.0,gwtLszhLm4,3.0,0.0,115.0,0.0,34.0,18.0,4.0,7.0,6.0,720000.0,com.sec.android.app.shealth,32400000,2.0,23.0,92.0,1,3.35
2026-03-21 13:55:00,11.0,41.0,11.0,6.0,0.0,0,13.0,2.0,1.0,0.0,6.0,31.0,1970-01-02 08:00:00,78.0,10.0,78.0,2026-03-21 12:37:00,11.0,2026-03-21 13:55:00,9.0,63.0,3.0,1970-01-01 16:00,ad37b5c0-b6c8-4ad1-abc1-5741e9020681,78.0,63100571,63110130,2026-03-21 13:55,26.0,11.0,2400000,16.0,gwtLszhLm4,1.0,1.0,56.0,0.0,34.0,18.0,0.0,2.0,6.0,660000.0,com.sec.android.app.shealth,32400000,2.0,10.0,97.0,5,1.3
2026-03-17 08:28:00,15.0,33.0,15.0,42.0,0.0,0,9.0,24.0,2.0,0.0,5.0,11.0,1970-01-02 08:00:00,158.0,10.0,158.0,2026-03-17 05:50:00,14.0,2026-03-17 08:28:00,3.0,83.0,3.0,1970-01-01 16:00,73744e4e-cf7a-4155-890a-11d94ce58330,158.0,63100571,63110130,2026-03-17 08:28,26.0,14.0,120000,16.0,gwtLszhLm4,0.0,0.0,117.0,0.0,34.0,18.0,17.0,24.0,6.0,1320000.0,com.sec.android.app.shealth,32400000,2.0,2.0,84.0,1,2.6333333333333333
2026-03-19 07:22:00,16.0,88.0,97.0,13.0,0.0,0,12.0,40.0,31.0,0.0,6.0,90.0,1970-01-02 08:00:00,91.0,10.0,514.0,2026-03-18 22:48:00,41.0,2026-03-19 07:23:00,96.0,91.0,3.0,1970-01-01 16:00,fc581e06-9158-4ce0-848e-9c0c9f7dc99f,514.0,63100571,63110130,2026-03-19 07:22,26.0,100.0,180000,16.0,gwtLszhLm4,6.0,0.0,278.0,9.0,34.0,18.0,3.0,4.0,6.0,840000.0,com.sec.android.app.shealth,32400000,2.0,23.0,92.0,2,8.566666666666666
2026-03-21 06:59:00,1.0,19.0,5.0,0.0,0.0,0,9.0,0.0,2.0,0.0,6.0,5.0,1970-01-02 08:00:00,26.0,10.0,26.0,2026-03-21 06:33:00,0.0,2026-03-21 13:55:00,0.0,92.0,3.0,1970-01-01 16:00,64aa3c42-9d55-4f3a-973e-10cf78684312,26.0,63100571,63110130,2026-03-21 06:59,26.0,0.0,120000,16.0,gwtLszhLm4,0.0,5.0,26.0,0.0,34.0,18.0,0.0,0.0,6.0,1320000.0,com.sec.android.app.shealth,32400000,2.0,1.0,100.0,5,0.43333333333333335
2026-03-21 06:31:00,16.0,51.0,14.0,12.0,0.0,0,6.0,5.0,2.0,0.0,6.0,43.0,1970-01-02 08:00:00,90.0,10.0,90.0,2026-03-21 05:01:00,15.0,2026-03-21 13:55:00,14.0,92.0,3.0,1970-01-01 16:00,8314d496-4aff-4933-a244-929d13fde0ea,90.0,63100571,63110130,2026-03-21 06:31,26.0,15.0,60000,16.0,gwtLszhLm4,1.0,3.0,56.0,3.0,34.0,18.0,0.0,5.0,6.0,1380000.0,com.sec.android.app.shealth,32400000,2.0,21.0,93.0,5,1.5
2026-03-23 08:59:00,14.0,73.0,88.0,15.0,0.0,0,10.0,35.0,22.0,0.0,6.0,84.0,1970-01-02 08:00:00,100.0,10.0,411.0,2026-03-23 02:08:00,43.0,2026-03-23 08:59:00,78.0,81.0,3.0,1970-01-01 16:00,344d5f16-136d-48f8-8830-63f07b3eeafb,411.0,63100571,63110130,2026-03-23 08:59,26.0,69.0,3000000,16.0,gwtLszhLm4,6.0,0.0,229.0,3.0,34.0,18.0,12.0,3.0,6.0,960000.0,com.sec.android.app.shealth,32400000,2.0,21.0,92.0,0,6.85
2026-03-20 13:37:00,15.0,46.0,28.0,23.0,0.0,0,16.0,17.0,2.0,0.0,5.0,23.0,1970-01-02 08:00:00,153.0,10.0,153.0,2026-03-20 11:04:00,28.0,2026-03-20 13:37:00,12.0,85.0,3.0,1970-01-01 16:00,9c168926-6ca9-4cf4-9450-2160308b9f49,153.0,63100571,63110130,2026-03-20 13:37,26.0,28.0,360000,16.0,gwtLszhLm4,0.0,0.0,96.0,2.0,34.0,18.0,0.0,17.0,6.0,780000.0,com.sec.android.app.shealth,32400000,2.0,8.0,88.0,4,2.55
2026-03-24 00:50:00,12.0,33.0,43.0,9.0,0.0,0,13.0,6.0,1.0,0.0,6.0,10.0,1970-01-02 08:00:00,138.0,10.0,138.0,2026-03-23 22:32:00,46.0,2026-03-24 08:44:00,1.0,74.0,3.0,1970-01-01 16:00,71d1f77c-3c74-404a-9faf-1db0b2c2d502,138.0,63100571,63110130,2026-03-24 00:50,26.0,46.0,2280000,16.0,gwtLszhLm4,1.0,0.0,85.0,0.0,34.0,18.0,0.0,6.0,6.0,600000.0,com.sec.android.app.shealth,32400000,2.0,1.0,96.0,0,2.3
2026-03-22 14:55:00,15.0,74.0,84.0,22.0,0.0,0,16.0,39.0,16.0,0.0,5.0,85.0,1970-01-02 08:00:00,158.0,10.0,371.0,2026-03-22 08:44:00,31.0,2026-03-22 14:55:00,81.0,86.0,3.0,1970-01-01 16:00,d650f9d4-807d-40c0-ab0a-37fb2f4d2856,371.0,63100571,63110130,2026-03-22 14:55,26.0,64.0,840000,16.0,gwtLszhLm4,3.0,0.0,187.0,5.0,34.0,18.0,8.0,15.0,6.0,1080000.0,com.sec.android.app.shealth,32400000,2.0,22.0,89.0,6,6.183333333333334
2026-03-24 08:44:00,16.0,82.0,86.0,17.0,0.0,0,6.0,38.0,31.0,0.0,6.0,90.0,1970-01-02 08:00:00,147.0,10.0,474.0,2026-03-24 00:50:00,30.0,2026-03-24 08:44:00,97.0,91.0,3.0,1970-01-01 16:00,a4984564-4769-4b21-a6f6-5e1cb06f14ec,474.0,63100571,63110130,2026-03-24 08:44,26.0,55.0,60000,16.0,gwtLszhLm4,4.0,0.0,284.0,3.0,34.0,18.0,13.0,8.0,6.0,1380000.0,com.sec.android.app.shealth,32400000,2.0,23.0,92.0,1,7.9
2026-03-30 01:24:00,8.0,41.0,11.0,14.0,0.0,0,15.0,9.0,2.0,0.0,6.0,25.0,1970-01-02 08:00:00,118.0,10.0,120.0,2026-03-29 23:24:00,5.0,2026-03-30 09:26:00,11.0,88.0,3.0,1970-01-01 16:00,14e69d74-4785-4d9b-921f-69afe33628de,120.0,63110011,63130130,2026-03-30 01:24,26.0,5.0,300000,16.0,gwtLszhLm4,1.0,1.0,95.0,0.0,34.0,18.0,0.0,7.0,6.0,840000.0,com.sec.android.app.shealth,32400000,2.0,10.0,92.0,6,2.0
2026-03-25 09:04:00,16.0,88.0,90.0,17.0,0.0,0,16.0,38.0,29.0,0.0,6.0,81.0,1970-01-02 08:00:00,183.0,10.0,443.0,2026-03-25 01:41:00,53.0,2026-03-25 09:04:00,69.0,90.0,3.0,1970-01-01 16:00,9deec448-d61b-49b0-b194-13c241e03852,443.0,63100571,63110130,2026-03-25 09:04,26.0,65.0,420000,16.0,gwtLszhLm4,4.0,0.0,271.0,10.0,34.0,18.0,3.0,15.0,6.0,840000.0,com.sec.android.app.shealth,32400000,2.0,21.0,91.0,2,7.383333333333334
2026-03-27 10:55:00,14.0,63.0,72.0,19.0,0.0,0,16.0,32.0,8.0,0.0,5.0,68.0,1970-01-02 08:00:00,110.0,10.0,311.0,2026-03-27 05:44:00,46.0,2026-03-27 10:55:00,50.0,82.0,3.0,1970-01-01 16:00,152ddefb-eb8e-4c8d-8ee1-b55f039c999a,311.0,63110011,63130130,2026-03-27 10:55,26.0,53.0,1500000,16.0,gwtLszhLm4,2.0,0.0,176.0,3.0,34.0,18.0,7.0,6.0,6.0,780000.0,com.sec.android.app.shealth,32400000,2.0,20.0,90.0,4,5.183333333333334
2026-03-30 07:43:00,16.0,37.0,18.0,21.0,0.0,0,9.0,10.0,2.0,0.0,6.0,14.0,1970-01-02 08:00:00,40.0,10.0,124.0,2026-03-30 05:39:00,0.0,2026-03-30 09:26:00,5.0,90.0,3.0,1970-01-01 16:00,41d228ad-c0a7-4fa4-8af0-3d1819ef04ed,124.0,63110011,63130130,2026-03-30 07:43,26.0,18.0,120000,16.0,gwtLszhLm4,2.0,1.0,91.0,1.0,34.0,18.0,0.0,5.0,6.0,1320000.0,com.sec.android.app.shealth,32400000,2.0,4.0,91.0,0,2.066666666666667
2026-03-27 12:46:00,11.0,40.0,11.0,12.0,0.0,0,6.0,7.0,2.0,0.0,6.0,32.0,1970-01-02 08:00:00,45.0,10.0,110.0,2026-03-27 10:56:00,0.0,2026-03-27 12:46:00,13.0,92.0,3.0,1970-01-01 16:00,4b25bfa7-754b-4b1f-9a12-35783cea20d2,110.0,63110011,63130130,2026-03-27 12:46,26.0,6.0,60000,16.0,gwtLszhLm4,2.0,1.0,84.0,0.0,34.0,18.0,0.0,2.0,6.0,1380000.0,com.sec.android.app.shealth,32400000,2.0,15.0,93.0,4,1.8333333333333333
2026-03-28 20:32:00,13.0,36.0,53.0,10.0,0.0,0,12.0,10.0,2.0,0.0,6.0,22.0,1970-01-02 08:00:00,142.0,10.0,199.0,2026-03-28 17:13:00,42.0,2026-03-28 20:32:00,9.0,77.0,3.0,1970-01-01 16:00,469cf1a6-7878-4502-ba2c-c843901d36d0,199.0,63110011,63130130,2026-03-28 20:32,26.0,47.0,2640000,16.0,gwtLszhLm4,2.0,0.0,133.0,0.0,34.0,18.0,0.0,7.0,6.0,840000.0,com.sec.android.app.shealth,32400000,2.0,3.0,95.0,5,3.316666666666667
2026-04-03 05:39:00,12.0,42.0,45.0,34.0,0.0,0,11.0,40.0,2.0,0.0,5.0,38.0,1970-01-02 08:00:00,99.0,10.0,228.0,2026-04-03 01:51:00,41.0,2026-04-03 09:27:00,25.0,67.0,3.0,1970-01-01 16:00,e3de5429-5866-4577-9fdc-b03dbfbc7b69,228.0,63110011,63130130,2026-04-03 05:39,26.0,41.0,2880000,16.0,gwtLszhLm4,3.0,0.0,122.0,3.0,34.0,18.0,18.0,8.0,6.0,780000.0,com.sec.android.app.shealth,32400000,2.0,12.0,85.0,4,3.8
2026-03-30 05:38:00,15.0,57.0,33.0,16.0,0.0,0,16.0,18.0,3.0,0.0,6.0,52.0,1970-01-02 08:00:00,137.0,10.0,232.0,2026-03-30 01:46:00,17.0,2026-03-30 09:26:00,31.0,84.0,3.0,1970-01-01 16:00,7f09fa52-7181-48f4-be9a-fddd86a754df,232.0,63110011,63130130,2026-03-30 05:38,26.0,22.0,1320000,16.0,gwtLszhLm4,3.0,0.0,161.0,1.0,34.0,18.0,0.0,12.0,6.0,120000.0,com.sec.android.app.shealth,32400000,2.0,17.0,92.0,0,3.8666666666666667
2026-04-04 12:22:00,15.0,79.0,84.0,16.0,0.0,0,11.0,29.0,26.0,0.0,6.0,89.0,1970-01-02 08:00:00,103.0,10.0,427.0,2026-04-04 05:15:00,28.0,2026-04-04 12:22:00,93.0,84.0,3.0,1970-01-01 16:00,7b36b1a5-f89d-42df-8827-a18eb641b538,427.0,63110011,63130130,2026-04-04 12:22,26.0,52.0,2760000,16.0,gwtLszhLm4,4.0,0.0,253.0,2.0,34.0,18.0,3.0,8.0,6.0,600000.0,com.sec.android.app.shealth,32400000,2.0,21.0,93.0,5,7.116666666666666
2026-03-29 12:22:00,15.0,86.0,97.0,25.0,0.0,0,16.0,66.0,28.0,300000.0,5.0,97.0,1970-01-02 08:00:00,71.0,10.0,617.0,2026-03-29 02:00:00,17.0,2026-03-29 12:22:00,158.0,85.0,3.0,1970-01-01 16:00,1c2c9fdc-f98c-4a1f-8b12-60505fbfb71d,617.0,63110011,63130130,2026-03-29 12:17,26.0,80.0,1440000,16.0,gwtLszhLm4,8.0,0.0,313.0,10.0,34.0,18.0,17.0,8.0,6.0,720000.0,com.sec.android.app.shealth,32400000,2.0,22.0,89.0,6,10.366666666666667
2026-03-30 09:26:00,13.0,38.0,13.0,13.0,0.0,0,16.0,5.0,1.0,0.0,6.0,10.0,1970-01-02 08:00:00,86.0,10.0,86.0,2026-03-30 08:00:00,15.0,2026-03-30 09:26:00,2.0,77.0,3.0,1970-01-01 16:00,5604eccd-52a2-4a27-a0a7-b7e1cc8120b2,86.0,63110011,63130130,2026-03-30 09:26,26.0,15.0,1080000,16.0,gwtLszhLm4,1.0,2.0,64.0,0.0,34.0,18.0,0.0,5.0,6.0,360000.0,com.sec.android.app.shealth,32400000,2.0,2.0,94.0,0,1.4333333333333333
2026-04-05 13:13:00,16.0,41.0,17.0,13.0,0.0,0,6.0,9.0,2.0,0.0,6.0,26.0,1970-01-02 08:00:00,102.0,10.0,125.0,2026-04-05 11:08:00,17.0,2026-04-05 13:13:00,11.0,91.0,3.0,1970-01-01 16:00,212feb4e-44bf-469a-99b8-b22a5cb1a52e,125.0,63110011,63130130,2026-04-05 13:13,26.0,17.0,60000,16.0,gwtLszhLm4,2.0,1.0,88.0,0.0,34.0,18.0,0.0,5.0,6.0,1380000.0,com.sec.android.app.shealth,32400000,2.0,11.0,92.0,6,2.0833333333333335
2026-04-01 06:59:00,15.0,65.0,90.0,17.0,0.0,0,14.0,34.0,22.0,0.0,6.0,53.0,1970-01-02 08:00:00,293.0,10.0,400.0,2026-04-01 00:19:00,73.0,2026-04-01 06:59:00,31.0,84.0,3.0,1970-01-01 16:00,32796e12-806b-4a10-97d5-a26d593a8c60,400.0,63110011,63130130,2026-04-01 06:59,26.0,75.0,2040000,16.0,gwtLszhLm4,2.0,0.0,260.0,3.0,34.0,18.0,3.0,22.0,6.0,600000.0,com.sec.android.app.shealth,32400000,2.0,8.0,92.0,2,6.666666666666667
2026-04-05 11:07:00,15.0,56.0,21.0,22.0,0.0,0,16.0,18.0,2.0,0.0,5.0,43.0,1970-01-02 08:00:00,170.0,10.0,170.0,2026-04-05 08:17:00,15.0,2026-04-05 11:07:00,23.0,84.0,3.0,1970-01-01 16:00,61a4306d-ddce-4600-90d1-bdfde1290a1f,170.0,63110011,63130130,2026-04-05 11:07,26.0,15.0,540000,16.0,gwtLszhLm4,1.0,0.0,114.0,2.0,34.0,18.0,0.0,18.0,6.0,960000.0,com.sec.android.app.shealth,32400000,2.0,18.0,89.0,6,2.8333333333333335
2026-03-29 16:19:00,0.0,22.0,7.0,47.0,0.0,0,16.0,19.0,1.0,1140000.0,4.0,7.0,1970-01-02 08:00:00,88.0,10.0,88.0,2026-03-29 14:32:00,0.0,2026-03-29 16:19:00,0.0,69.0,3.0,1970-01-01 16:00,7d1ce718-ce53-4feb-9181-17313550e872,88.0,63110011,63130130,2026-03-29 16:00,26.0,0.0,720000,16.0,gwtLszhLm4,0.0,2.0,69.0,0.0,34.0,18.0,3.0,19.0,6.0,1200000.0,com.sec.android.app.shealth,32400000,2.0,1.0,81.0,6,1.7833333333333334
2026-03-31 08:01:00,15.0,88.0,85.0,21.0,0.0,0,16.0,42.0,29.0,0.0,6.0,87.0,1970-01-02 08:00:00,134.0,10.0,476.0,2026-03-31 00:05:00,23.0,2026-03-31 08:02:00,87.0,88.0,3.0,1970-01-01 16:00,396e362c-1071-4b09-8bac-99c626e4a755,476.0,63110011,63130130,2026-03-31 08:01,26.0,51.0,960000,16.0,gwtLszhLm4,4.0,0.0,296.0,5.0,34.0,18.0,10.0,13.0,6.0,1020000.0,com.sec.android.app.shealth,32400000,2.0,22.0,91.0,1,7.933333333333334
2026-04-07 06:54:00,16.0,84.0,92.0,16.0,0.0,0,16.0,34.0,24.0,0.0,6.0,80.0,1970-01-02 08:00:00,86.0,10.0,407.0,2026-04-07 00:07:00,35.0,2026-04-07 06:55:00,69.0,89.0,3.0,1970-01-01 16:00,1b8f900b-cdde-4a8e-ad3e-2b36b606a336,407.0,63110011,63130130,2026-04-07 06:54,26.0,81.0,480000,16.0,gwtLszhLm4,5.0,0.0,223.0,5.0,34.0,18.0,7.0,5.0,6.0,780000.0,com.sec.android.app.shealth,32400000,2.0,22.0,91.0,1,6.783333333333333
2026-04-01 12:25:00,11.0,31.0,20.0,19.0,0.0,0,11.0,12.0,1.0,0.0,6.0,13.0,1970-01-02 08:00:00,120.0,10.0,121.0,2026-04-01 10:24:00,21.0,2026-04-01 12:25:00,4.0,64.0,3.0,1970-01-01 16:00,728b56ab-a86e-47b2-8203-807e806d5252,121.0,63110011,63130130,2026-04-01 12:25,26.0,21.0,2880000,16.0,gwtLszhLm4,1.0,0.0,84.0,0.0,34.0,18.0,0.0,11.0,6.0,660000.0,com.sec.android.app.shealth,32400000,2.0,2.0,92.0,2,2.0166666666666666
2026-04-03 09:27:00,15.0,58.0,28.0,12.0,0.0,0,16.0,15.0,3.0,0.0,6.0,51.0,1970-01-02 08:00:00,168.0,10.0,219.0,2026-04-03 05:48:00,18.0,2026-04-03 09:27:00,30.0,88.0,3.0,1970-01-01 16:00,4dc0f598-d17e-400f-ae9f-b0eccab21177,219.0,63110011,63130130,2026-04-03 09:27,26.0,18.0,600000,16.0,gwtLszhLm4,2.0,0.0,156.0,0.0,34.0,18.0,0.0,9.0,6.0,780000.0,com.sec.android.app.shealth,32400000,2.0,18.0,93.0,4,3.65
2026-04-08 03:47:00,12.0,45.0,22.0,21.0,0.0,0,11.0,16.0,1.0,0.0,5.0,49.0,1970-01-02 08:00:00,137.0,10.0,157.0,2026-04-08 01:10:00,21.0,2026-04-08 09:08:00,25.0,68.0,3.0,1970-01-01 16:00,0d8161af-a8f7-4bdc-8482-4eed8b759a86,157.0,63110011,63130130,2026-04-08 03:47,26.0,21.0,2880000,16.0,gwtLszhLm4,2.0,0.0,95.0,1.0,34.0,18.0,3.0,12.0,6.0,720000.0,com.sec.android.app.shealth,32400000,2.0,16.0,91.0,2,2.6166666666666667
2026-04-02 17:15:00,15.0,60.0,25.0,21.0,3.0,0,16.0,13.0,2.0,0.0,6.0,54.0,1970-01-02 08:00:00,76.0,10.0,166.0,2026-04-02 14:29:00,14.0,2026-04-02 17:15:00,28.0,86.0,3.0,1970-01-01 16:00,b5fc9c2f-ac5b-4148-87f2-84199a743e61,166.0,63110011,63130130,2026-04-02 17:15,26.0,23.0,600000,16.0,gwtLszhLm4,2.0,0.0,102.0,5.0,34.0,18.0,3.0,8.0,6.0,780000.0,com.sec.android.app.shealth,32400000,2.0,21.0,92.0,3,2.7666666666666666
2026-04-02 07:40:00,14.0,65.0,77.0,26.0,0.0,0,16.0,59.0,15.0,0.0,5.0,62.0,1970-01-02 08:00:00,134.0,10.0,392.0,2026-04-02 01:08:00,25.0,2026-04-02 07:40:00,45.0,82.0,3.0,1970-01-01 16:00,cad8a588-f1e2-4676-965d-89e088011223,392.0,63110011,63130130,2026-04-02 07:40,26.0,52.0,780000,16.0,gwtLszhLm4,7.0,0.0,236.0,5.0,34.0,18.0,17.0,9.0,6.0,840000.0,com.sec.android.app.shealth,32400000,2.0,15.0,85.0,3,6.533333333333333
2026-04-06 08:53:00,16.0,44.0,53.0,12.0,0.0,0,16.0,15.0,3.0,0.0,6.0,20.0,1970-01-02 08:00:00,123.0,10.0,224.0,2026-04-06 05:09:00,43.0,2026-04-06 08:53:00,8.0,90.0,3.0,1970-01-01 16:00,49a638fe-6352-4e24-99d2-bf12b1f3ae2c,224.0,63110011,63130130,2026-04-06 08:53,26.0,43.0,360000,16.0,gwtLszhLm4,2.0,0.0,158.0,1.0,34.0,18.0,0.0,6.0,6.0,1140000.0,com.sec.android.app.shealth,32400000,2.0,3.0,93.0,0,3.7333333333333334
2026-04-05 14:19:00,1.0,16.0,6.0,15.0,0.0,0,6.0,5.0,2.0,0.0,6.0,6.0,1970-01-02 08:00:00,66.0,10.0,66.0,2026-04-05 13:13:00,0.0,2026-04-05 14:19:00,0.0,91.0,3.0,1970-01-01 16:00,5cac935e-a3cd-45a0-b463-d8a07f3b34b0,66.0,63110011,63130130,2026-04-05 14:19,26.0,0.0,60000,16.0,gwtLszhLm4,0.0,4.0,61.0,0.0,34.0,18.0,0.0,5.0,6.0,1380000.0,com.sec.android.app.shealth,32400000,2.0,1.0,92.0,6,1.1
2026-04-06 00:45:00,15.0,35.0,24.0,10.0,0.0,0,6.0,6.0,2.0,0.0,6.0,17.0,1970-01-02 08:00:00,30.0,10.0,109.0,2026-04-05 22:56:00,0.0,2026-04-06 08:53:00,6.0,93.0,3.0,1970-01-01 16:00,c1f4f2ae-a7c1-4f08-847c-3e94e9b8e4f3,109.0,63110011,63130130,2026-04-06 00:45,26.0,30.0,60000,16.0,gwtLszhLm4,1.0,1.0,67.0,0.0,34.0,18.0,3.0,0.0,6.0,1380000.0,com.sec.android.app.shealth,32400000,2.0,6.0,94.0,6,1.8166666666666667
2026-04-07 08:15:00,1.0,16.0,7.0,16.0,0.0,0,6.0,6.0,2.0,0.0,6.0,7.0,1970-01-02 08:00:00,81.0,10.0,81.0,2026-04-07 06:54:00,0.0,2026-04-07 08:15:00,0.0,90.0,3.0,1970-01-01 16:00,0423e777-bb7b-4e36-a0dd-9266f9305d84,81.0,63110011,63130130,2026-04-07 08:15,26.0,0.0,60000,16.0,gwtLszhLm4,0.0,3.0,75.0,0.0,34.0,18.0,0.0,6.0,6.0,1440000.0,com.sec.android.app.shealth,32400000,2.0,1.0,92.0,1,1.35
2026-04-05 22:55:00,0.0,22.0,6.0,7.0,0.0,0,14.0,2.0,1.0,0.0,6.0,6.0,1970-01-02 08:00:00,61.0,10.0,61.0,2026-04-05 21:54:00,0.0,2026-04-05 22:55:00,0.0,62.0,3.0,1970-01-01 16:00,f85f79a9-083c-4fcc-ad31-92d3229a2839,61.0,63110011,63130130,2026-04-05 22:55,26.0,0.0,2040000,16.0,gwtLszhLm4,0.0,1.0,59.0,0.0,34.0,18.0,0.0,2.0,6.0,1020000.0,com.sec.android.app.shealth,32400000,2.0,1.0,97.0,6,1.0166666666666666
2026-04-08 09:08:00,15.0,63.0,52.0,20.0,0.0,0,16.0,33.0,6.0,0.0,5.0,67.0,1970-01-02 08:00:00,149.0,10.0,297.0,2026-04-08 04:11:00,32.0,2026-04-08 09:08:00,49.0,84.0,3.0,1970-01-01 16:00,3a7be630-0f30-4105-b22a-4c4f32772eaf,297.0,63110011,63130130,2026-04-08 09:08,26.0,33.0,1020000,16.0,gwtLszhLm4,4.0,0.0,182.0,5.0,34.0,18.0,6.0,9.0,6.0,1200000.0,com.sec.android.app.shealth,32400000,2.0,21.0,89.0,2,4.95
2026-04-06 02:39:00,0.0,8.0,4.0,0.0,0.0,0,2.0,0.0,0.0,0.0,6.0,4.0,1970-01-02 08:00:00,8.0,10.0,8.0,2026-04-06 02:31:00,0.0,2026-04-06 08:53:00,0.0,7.0,3.0,1970-01-01 16:00,a7163b47-ccda-48ef-a5cb-802b32200633,8.0,63110011,63130130,2026-04-06 02:39,26.0,0.0,6360000,16.0,gwtLszhLm4,0.0,1.0,8.0,0.0,34.0,18.0,0.0,0.0,6.0,300000.0,com.sec.android.app.shealth,32400000,2.0,0.0,100.0,0,0.13333333333333333
2026-04-09 07:10:00,16.0,69.0,71.0,16.0,0.0,0,15.0,30.0,17.0,0.0,6.0,62.0,1970-01-02 08:00:00,176.0,10.0,361.0,2026-04-09 01:09:00,40.0,2026-04-09 07:10:00,42.0,90.0,3.0,1970-01-01 16:00,fd665200-0aad-49a7-a2fd-c4acbbd62c0f,361.0,63110011,63130130,2026-04-09 07:10,26.0,42.0,300000,16.0,gwtLszhLm4,3.0,0.0,247.0,4.0,34.0,18.0,0.0,13.0,6.0,1140000.0,com.sec.android.app.shealth,32400000,2.0,15.0,91.0,3,6.016666666666667
2026-04-15 08:20:00,15.0,88.0,96.0,16.0,0.0,0,16.0,42.0,29.0,0.0,6.0,87.0,1970-01-02 08:00:00,183.0,10.0,473.0,2026-04-15 00:27:00,60.0,2026-04-15 08:20:00,87.0,86.0,2.0,1970-01-01 16:00,3fe7c273-fa98-4b18-a0ca-3a846c1d6ae7,473.0,63110011,63130130,2026-04-15 08:20,26.0,89.0,1500000,16.0,gwtLszhLm4,5.0,0.0,255.0,8.0,34.0,18.0,3.0,12.0,6.0,780000.0,com.sec.android.app.shealth,32400000,2.0,22.0,91.0,2,7.883333333333334
2026-04-16 15:55:00,14.0,38.0,11.0,8.0,0.0,0,16.0,4.0,1.0,0.0,6.0,8.0,1970-01-02 08:00:00,95.0,10.0,95.0,2026-04-16 14:20:00,8.0,2026-04-16 15:55:00,1.0,83.0,2.0,1970-01-01 16:00,0580c249-36c0-4b1d-b9d7-c92d74321118,95.0,63110011,63130130,2026-04-16 15:55,26.0,8.0,840000,16.0,gwtLszhLm4,1.0,1.0,82.0,0.0,34.0,18.0,0.0,4.0,6.0,780000.0,com.sec.android.app.shealth,32400000,2.0,1.0,96.0,3,1.5833333333333333
2026-04-16 21:47:00,16.0,63.0,71.0,17.0,0.0,0,9.0,35.0,14.0,0.0,5.0,67.0,1970-01-02 08:00:00,178.0,10.0,350.0,2026-04-16 15:57:00,30.0,2026-04-16 21:47:00,49.0,89.0,2.0,1970-01-01 16:00,f01f4ce1-e202-4557-8682-d89293e4c146,350.0,63110011,63130130,2026-04-16 21:47,26.0,43.0,120000,16.0,gwtLszhLm4,3.0,0.0,223.0,7.0,34.0,18.0,0.0,13.0,6.0,1320000.0,com.sec.android.app.shealth,32400000,2.0,19.0,90.0,3,5.833333333333333
2026-04-10 22:22:00,15.0,64.0,75.0,14.0,0.0,0,16.0,16.0,5.0,0.0,6.0,71.0,1970-01-02 08:00:00,63.0,10.0,258.0,2026-04-10 17:58:00,3.0,2026-04-10 22:22:00,48.0,88.0,3.0,1970-01-01 16:00,1a6552ca-c60e-44e1-85f5-fc1a00c612a7,258.0,63110011,63130130,2026-04-10 22:16,26.0,65.0,900000,16.0,gwtLszhLm4,2.0,0.0,129.0,1.0,34.0,18.0,3.0,4.0,6.0,1080000.0,com.sec.android.app.shealth,32400000,2.0,22.0,94.0,4,4.4
2026-04-16 04:25:00,14.0,58.0,56.0,13.0,0.0,0,14.0,20.0,5.0,0.0,6.0,64.0,1970-01-02 08:00:00,86.0,10.0,272.0,2026-04-15 23:53:00,19.0,2026-04-16 21:47:00,43.0,82.0,2.0,1970-01-01 16:00,e8c044e8-76e6-4f9a-9661-cb6b004d3ea3,272.0,63110011,63130130,2026-04-16 04:25,26.0,38.0,2100000,16.0,gwtLszhLm4,3.0,0.0,171.0,3.0,34.0,18.0,0.0,5.0,6.0,960000.0,com.sec.android.app.shealth,32400000,2.0,19.0,93.0,2,4.533333333333333
2026-04-11 11:21:00,15.0,75.0,95.0,12.0,0.0,0,7.0,40.0,26.0,0.0,6.0,98.0,1970-01-02 08:00:00,111.0,10.0,611.0,2026-04-11 01:10:00,13.0,2026-04-11 11:21:00,201.0,84.0,3.0,1970-01-01 16:00,5485afe0-1774-4a33-a8bd-0865cf4a28e7,611.0,63110011,63130130,2026-04-11 11:21,26.0,61.0,3780000,16.0,gwtLszhLm4,7.0,0.0,309.0,10.0,34.0,18.0,0.0,6.0,6.0,1200000.0,com.sec.android.app.shealth,32400000,2.0,21.0,93.0,5,10.183333333333334
2026-04-19 06:43:00,11.0,35.0,21.0,31.0,0.0,0,16.0,31.0,2.0,0.0,5.0,14.0,1970-01-02 08:00:00,210.0,10.0,210.0,2026-04-19 03:13:00,12.0,2026-04-19 06:44:00,3.0,82.0,3.0,1970-01-01 16:00,05c27a1d-200a-4b5b-afca-4871d746134f,210.0,63110011,63130130,2026-04-19 06:43,26.0,12.0,360000,16.0,gwtLszhLm4,1.0,0.0,164.0,0.0,34.0,18.0,3.0,31.0,6.0,780000.0,com.sec.android.app.shealth,32400000,2.0,1.0,85.0,6,3.5
2026-04-12 16:17:00,14.0,63.0,72.0,15.0,0.0,0,13.0,24.0,9.0,0.0,6.0,84.0,1970-01-02 08:00:00,145.0,10.0,314.0,2026-04-12 11:03:00,32.0,2026-04-12 16:17:00,72.0,81.0,3.0,1970-01-01 16:00,8ca0777a-9343-479c-915e-e19696bcdb79,314.0,63110011,63130130,2026-04-12 16:17,26.0,51.0,2400000,16.0,gwtLszhLm4,3.0,0.0,167.0,3.0,34.0,18.0,0.0,10.0,6.0,60000.0,com.sec.android.app.shealth,32400000,2.0,21.0,93.0,6,5.233333333333333
2026-04-13 07:59:00,16.0,83.0,95.0,10.0,0.0,0,9.0,22.0,30.0,0.0,6.0,82.0,1970-01-02 08:00:00,103.0,10.0,429.0,2026-04-13 00:50:00,45.0,2026-04-13 08:00:00,69.0,94.0,3.0,1970-01-01 16:00,c984a3d7-c64c-4d63-9879-a96107ce4765,429.0,63110011,63130130,2026-04-13 07:59,26.0,94.0,120000,16.0,gwtLszhLm4,4.0,0.0,244.0,4.0,34.0,18.0,0.0,5.0,6.0,960000.0,com.sec.android.app.shealth,32400000,2.0,22.0,94.0,0,7.15
2026-04-18 09:24:00,15.0,76.0,88.0,21.0,0.0,0,16.0,42.0,20.0,0.0,5.0,75.0,1970-01-02 08:00:00,171.0,10.0,393.0,2026-04-18 02:51:00,35.0,2026-04-18 09:24:00,61.0,87.0,3.0,1970-01-01 16:00,0692a7e2-d9c8-4118-904f-7d3ffb2abc76,393.0,63110011,63130130,2026-04-18 09:24,26.0,70.0,420000,16.0,gwtLszhLm4,4.0,0.0,220.0,6.0,34.0,18.0,4.0,16.0,6.0,960000.0,com.sec.android.app.shealth,32400000,2.0,20.0,89.0,5,6.55
2026-04-14 07:05:00,12.0,41.0,58.0,29.0,0.0,0,10.0,34.0,2.0,0.0,5.0,43.0,1970-01-02 08:00:00,79.0,10.0,242.0,2026-04-14 03:03:00,15.0,2026-04-14 07:06:00,28.0,70.0,2.0,1970-01-01 16:00,d2b7d151-d4e2-40fb-941c-618119f08854,242.0,63110011,63130130,2026-04-14 07:05,26.0,54.0,3180000,16.0,gwtLszhLm4,2.0,0.0,126.0,2.0,34.0,18.0,21.0,5.0,6.0,900000.0,com.sec.android.app.shealth,32400000,2.0,12.0,88.0,1,4.033333333333333
2026-04-16 07:07:00,9.0,53.0,12.0,10.0,0.0,0,16.0,5.0,2.0,0.0,6.0,61.0,1970-01-02 08:00:00,58.0,10.0,125.0,2026-04-16 05:02:00,0.0,2026-04-16 21:47:00,25.0,80.0,2.0,1970-01-01 16:00,32ceffad-0e7b-4a87-b6b7-8a5ef2ae30b4,125.0,63110011,63130130,2026-04-16 07:07,26.0,7.0,1380000,16.0,gwtLszhLm4,2.0,0.0,88.0,0.0,34.0,18.0,0.0,3.0,6.0,1080000.0,com.sec.android.app.shealth,32400000,2.0,20.0,96.0,3,2.0833333333333335
2026-04-21 02:36:00,16.0,31.0,17.0,23.0,0.0,0,6.0,10.0,2.0,0.0,6.0,8.0,1970-01-02 08:00:00,104.0,10.0,104.0,2026-04-21 00:52:00,20.0,2026-04-21 07:07:00,0.0,89.0,2.0,1970-01-01 16:00,abd81a3c-0722-4c14-a1c0-db5523cf2712,104.0,63110011,63130130,2026-04-21 02:36,26.0,20.0,60000,16.0,gwtLszhLm4,0.0,2.0,74.0,0.0,34.0,18.0,3.0,10.0,6.0,1380000.0,com.sec.android.app.shealth,32400000,2.0,1.0,90.0,1,1.7333333333333334
2026-04-17 11:24:00,15.0,86.0,94.0,24.0,0.0,0,16.0,66.0,29.0,0.0,5.0,89.0,1970-01-02 08:00:00,123.0,10.0,554.0,2026-04-17 02:10:00,36.0,2026-04-17 11:24:00,91.0,85.0,2.0,1970-01-01 16:00,d1cdabf1-1d98-4144-bd0e-d59416cb2283,554.0,63110011,63130130,2026-04-17 11:24,26.0,75.0,960000,16.0,gwtLszhLm4,3.0,0.0,322.0,7.0,34.0,18.0,27.0,8.0,6.0,960000.0,com.sec.android.app.shealth,32400000,2.0,21.0,88.0,4,9.233333333333333
2026-04-21 03:43:00,1.0,19.0,6.0,12.0,0.0,0,9.0,4.0,2.0,0.0,6.0,6.0,1970-01-02 08:00:00,66.0,10.0,66.0,2026-04-21 02:37:00,0.0,2026-04-21 07:07:00,0.0,91.0,2.0,1970-01-01 16:00,23e3dfb4-a3a5-4df3-992f-61875e19c768,66.0,63110011,63130130,2026-04-21 03:43,26.0,0.0,120000,16.0,gwtLszhLm4,0.0,4.0,62.0,0.0,34.0,18.0,0.0,4.0,6.0,1320000.0,com.sec.android.app.shealth,32400000,2.0,1.0,94.0,1,1.1
2026-04-21 05:42:00,14.0,39.0,17.0,25.0,0.0,0,16.0,16.0,1.0,0.0,5.0,11.0,1970-01-02 08:00:00,17.0,10.0,112.0,2026-04-21 03:50:00,0.0,2026-04-21 07:07:00,4.0,80.0,2.0,1970-01-01 16:00,fe6084a2-627e-40e8-ae71-41d25de6b2b6,112.0,63110011,63130130,2026-04-21 05:42,26.0,21.0,480000,16.0,gwtLszhLm4,2.0,1.0,71.0,0.0,34.0,18.0,6.0,1.0,6.0,960000.0,com.sec.android.app.shealth,32400000,2.0,3.0,86.0,1,1.8666666666666667
2026-04-19 09:46:00,12.0,45.0,11.0,16.0,0.0,0,16.0,8.0,2.0,0.0,6.0,22.0,1970-01-02 08:00:00,105.0,10.0,105.0,2026-04-19 08:01:00,7.0,2026-04-19 09:46:00,9.0,83.0,3.0,1970-01-01 16:00,5f3d7a5f-52df-4b98-83ff-b50463e7fe15,105.0,63110011,63130130,2026-04-19 09:46,26.0,7.0,600000,16.0,gwtLszhLm4,1.0,1.0,81.0,0.0,34.0,18.0,0.0,8.0,6.0,600000.0,com.sec.android.app.shealth,32400000,2.0,9.0,92.0,6,1.75
2026-04-21 07:07:00,0.0,17.0,5.0,6.0,0.0,0,11.0,1.0,0.0,0.0,6.0,5.0,1970-01-02 08:00:00,35.0,10.0,35.0,2026-04-21 06:32:00,0.0,2026-04-21 07:07:00,0.0,40.0,2.0,1970-01-01 16:00,0e1e1561-952c-4784-b8b9-5a8bc59bcd63,35.0,63110011,63130130,2026-04-21 07:07,26.0,0.0,2880000,16.0,gwtLszhLm4,0.0,3.0,34.0,0.0,34.0,18.0,0.0,1.0,6.0,1200000.0,com.sec.android.app.shealth,32400000,2.0,0.0,98.0,1,0.5833333333333334
2026-04-22 09:14:00,15.0,51.0,72.0,21.0,0.0,0,6.0,44.0,15.0,0.0,5.0,50.0,1970-01-02 08:00:00,138.0,10.0,367.0,2026-04-22 03:07:00,31.0,2026-04-22 09:14:00,32.0,87.0,2.0,1970-01-01 16:00,c6325975-0d7a-4ba0-a639-dbfad6e8cba3,367.0,63110011,63130130,2026-04-22 09:14,26.0,46.0,60000,16.0,gwtLszhLm4,3.0,0.0,245.0,3.0,34.0,18.0,8.0,9.0,6.0,1380000.0,com.sec.android.app.shealth,32400000,2.0,10.0,88.0,2,6.116666666666666
2026-04-20 05:55:00,9.0,15.0,30.0,53.0,0.0,0,1.0,42.0,1.0,0.0,4.0,14.0,1970-01-02 08:00:00,200.0,10.0,202.0,2026-04-20 02:33:00,30.0,2026-04-20 08:36:00,0.0,50.0,2.0,1970-01-01 16:00,f6ad1be4-4be2-43a5-ad3c-6ef170113d6c,202.0,63110011,63130130,2026-04-20 05:55,26.0,30.0,6840000,16.0,gwtLszhLm4,1.0,0.0,130.0,0.0,34.0,18.0,22.0,41.0,6.0,840000.0,com.sec.android.app.shealth,32400000,2.0,0.0,86.0,0,3.3666666666666667
2026-04-20 08:36:00,15.0,34.0,17.0,31.0,0.0,0,6.0,22.0,2.0,0.0,5.0,19.0,1970-01-02 08:00:00,152.0,10.0,161.0,2026-04-20 05:55:00,13.0,2026-04-20 08:36:00,10.0,85.0,2.0,1970-01-01 16:00,bbc73f36-fa87-44ad-9887-f21708020279,161.0,63110011,63130130,2026-04-20 08:36,26.0,13.0,60000,16.0,gwtLszhLm4,2.0,0.0,116.0,0.0,34.0,18.0,5.0,21.0,6.0,1380000.0,com.sec.android.app.shealth,32400000,2.0,6.0,86.0,0,2.683333333333333
2026-04-21 00:52:00,14.0,40.0,24.0,13.0,0.0,0,16.0,8.0,2.0,0.0,6.0,9.0,1970-01-02 08:00:00,122.0,10.0,122.0,2026-04-20 22:50:00,27.0,2026-04-21 07:07:00,2.0,82.0,2.0,1970-01-01 16:00,dbbcce43-4d87-4dba-90e7-204f2c3632fb,122.0,63110011,63130130,2026-04-21 00:52,26.0,27.0,960000,16.0,gwtLszhLm4,1.0,0.0,85.0,0.0,34.0,18.0,0.0,8.0,6.0,1080000.0,com.sec.android.app.shealth,32400000,2.0,2.0,94.0,0,2.033333333333333
2026-04-24 06:45:00,13.0,47.0,32.0,10.0,0.0,0,16.0,8.0,2.0,0.0,6.0,30.0,1970-01-02 08:00:00,85.0,10.0,139.0,2026-04-24 04:26:00,34.0,2026-04-24 11:00:00,14.0,78.0,2.0,1970-01-01 16:00,7d611e85-91cc-49a8-830e-e6e809ea7c5f,139.0,63110011,63200010,2026-04-24 06:45,26.0,34.0,1680000,16.0,gwtLszhLm4,2.0,0.0,83.0,1.0,34.0,18.0,0.0,3.0,6.0,900000.0,com.sec.android.app.shealth,32400000,2.0,10.0,95.0,4,2.316666666666667
2026-04-23 14:24:00,15.0,38.0,27.0,21.0,0.0,0,9.0,16.0,2.0,0.0,5.0,20.0,1970-01-02 08:00:00,129.0,10.0,140.0,2026-04-23 12:04:00,28.0,2026-04-23 14:24:00,10.0,86.0,2.0,1970-01-01 16:00,afe23110-dea7-4566-ae60-8c4a50ffa59e,140.0,63110011,63200010,2026-04-23 14:24,26.0,28.0,120000,16.0,gwtLszhLm4,2.0,0.0,86.0,2.0,34.0,18.0,0.0,12.0,6.0,1320000.0,com.sec.android.app.shealth,32400000,2.0,7.0,88.0,3,2.3333333333333335
2026-04-23 11:38:00,9.0,46.0,26.0,12.0,0.0,0,9.0,14.0,3.0,0.0,6.0,81.0,1970-01-02 08:00:00,76.0,10.0,237.0,2026-04-23 07:41:00,13.0,2026-04-23 11:38:00,58.0,75.0,2.0,1970-01-01 16:00,067a03da-8342-4b02-81f6-01534cb8155b,237.0,63110011,63200010,2026-04-23 11:38,26.0,13.0,3480000,16.0,gwtLszhLm4,3.0,0.0,152.0,1.0,34.0,18.0,0.0,4.0,6.0,660000.0,com.sec.android.app.shealth,32400000,2.0,19.0,95.0,3,3.95
2026-04-24 07:17:00,0.0,24.0,5.0,5.0,0.0,0,16.0,0.0,1.0,0.0,6.0,5.0,1970-01-02 08:00:00,21.0,10.0,21.0,2026-04-24 06:56:00,0.0,2026-04-24 07:17:00,0.0,62.0,2.0,1970-01-01 16:00,c7f245ef-7fb0-4c16-85af-f38d2587c43e,21.0,63110011,63200010,2026-04-24 07:17,26.0,0.0,720000,16.0,gwtLszhLm4,0.0,5.0,21.0,0.0,34.0,18.0,0.0,0.0,6.0,720000.0,com.sec.android.app.shealth,32400000,2.0,1.0,98.0,4,0.35
2026-04-25 13:02:00,10.0,59.0,33.0,20.0,0.0,0,16.0,25.0,6.0,0.0,6.0,87.0,1970-01-02 08:00:00,63.0,10.0,288.0,2026-04-25 08:14:00,0.0,2026-04-26 10:19:00,78.0,83.0,2.0,1970-01-01 16:00,1c79d666-1635-4d05-8ca6-29d8c44aa681,288.0,63110011,63200010,2026-04-25 13:02,26.0,15.0,1500000,16.0,gwtLszhLm4,2.0,0.0,170.0,9.0,34.0,18.0,5.0,6.0,6.0,1200000.0,com.sec.android.app.shealth,32400000,2.0,21.0,91.0,5,4.8
2026-04-26 10:19:00,15.0,58.0,46.0,14.0,0.0,0,16.0,14.0,2.0,1500000.0,6.0,54.0,1970-01-02 08:00:00,110.0,10.0,190.0,2026-04-26 06:44:00,31.0,2026-04-26 10:19:00,30.0,85.0,2.0,1970-01-01 16:00,7fc8a5ca-f6d0-41b0-80fd-6b0575d580b8,190.0,63200011,63200010,2026-04-26 09:54,26.0,41.0,960000,16.0,gwtLszhLm4,2.0,0.0,105.0,1.0,34.0,18.0,0.0,7.0,6.0,780000.0,com.sec.android.app.shealth,32400000,2.0,19.0,93.0,6,3.5833333333333335
2026-04-24 11:00:00,12.0,54.0,10.0,11.0,0.0,0,16.0,4.0,1.0,0.0,6.0,71.0,1970-01-02 08:00:00,63.0,10.0,90.0,2026-04-24 09:30:00,0.0,2026-04-24 11:00:00,23.0,76.0,2.0,1970-01-01 16:00,5e7b83b5-33ad-47bb-aea1-08af1f9ac9b6,90.0,63110011,63200010,2026-04-24 11:00,26.0,7.0,1320000,16.0,gwtLszhLm4,1.0,1.0,56.0,1.0,34.0,18.0,0.0,4.0,6.0,1140000.0,com.sec.android.app.shealth,32400000,2.0,19.0,96.0,4,1.5
2026-04-25 06:39:00,7.0,31.0,12.0,27.0,0.0,0,16.0,19.0,2.0,1500000.0,5.0,11.0,1970-01-02 08:00:00,79.0,10.0,153.0,2026-04-25 03:41:00,6.0,2026-04-26 10:19:00,2.0,77.0,2.0,1970-01-01 16:00,8b95f92b-557e-45cd-bc9a-3e019769e312,153.0,63110011,63200010,2026-04-25 06:14,26.0,6.0,1200000,16.0,gwtLszhLm4,1.0,0.0,126.0,1.0,34.0,18.0,9.0,6.0,6.0,960000.0,com.sec.android.app.shealth,32400000,2.0,1.0,89.0,5,2.966666666666667
2026-04-25 07:28:00,0.0,22.0,6.0,2.0,0.0,0,15.0,0.0,1.0,0.0,6.0,6.0,1970-01-02 08:00:00,43.0,10.0,43.0,2026-04-25 06:45:00,0.0,2026-04-26 10:19:00,0.0,57.0,2.0,1970-01-01 16:00,28f85af5-16bd-4103-96a4-7f504cefdb31,43.0,63110011,63200010,2026-04-25 07:28,26.0,0.0,1860000,16.0,gwtLszhLm4,0.0,4.0,43.0,0.0,34.0,18.0,0.0,0.0,6.0,1140000.0,com.sec.android.app.shealth,32400000,2.0,0.0,99.0,5,0.7166666666666667
2026-04-26 13:46:00,0.0,26.0,6.0,15.0,0.0,0,16.0,4.0,1.0,0.0,6.0,12.0,1970-01-02 08:00:00,61.0,10.0,61.0,2026-04-26 12:45:00,0.0,2026-04-26 13:46:00,3.0,70.0,2.0,1970-01-01 16:00,6daf1696-49d3-4efd-b156-3cd705675120,61.0,63200011,63200010,2026-04-26 13:46,26.0,0.0,1140000,16.0,gwtLszhLm4,0.0,3.0,54.0,0.0,34.0,18.0,0.0,4.0,6.0,900000.0,com.sec.android.app.shealth,32400000,2.0,3.0,94.0,6,1.0166666666666666
2026-04-24 04:24:00,14.0,37.0,11.0,25.0,0.0,0,14.0,11.0,1.0,1560000.0,5.0,10.0,1970-01-02 08:00:00,72.0,10.0,85.0,2026-04-24 02:33:00,12.0,2026-04-24 11:00:00,3.0,83.0,2.0,1970-01-01 16:00,253a3f27-fb7e-4744-b6ba-43e637804b42,85.0,63110011,63200010,2026-04-24 03:58,26.0,12.0,240000,16.0,gwtLszhLm4,1.0,3.0,59.0,1.0,34.0,18.0,3.0,6.0,6.0,780000.0,com.sec.android.app.shealth,32400000,2.0,3.0,87.0,4,1.85
2026-04-29 13:49:00,13.0,50.0,16.0,29.0,0.0,0,9.0,22.0,2.0,0.0,5.0,51.0,1970-01-02 08:00:00,64.0,10.0,165.0,2026-04-29 11:04:00,0.0,2026-04-29 13:49:00,27.0,85.0,2.0,1970-01-01 16:00,b7f6bec0-3146-4c2e-add8-e2217330ae90,165.0,63200011,63200010,2026-04-29 13:49,26.0,11.0,120000,16.0,gwtLszhLm4,3.0,0.0,105.0,2.0,34.0,18.0,8.0,6.0,6.0,1320000.0,com.sec.android.app.shealth,32400000,2.0,21.0,86.0,2,2.75
2026-04-26 15:30:00,1.0,16.0,8.0,17.0,0.0,0,6.0,9.0,2.0,0.0,6.0,8.0,1970-01-02 08:00:00,103.0,10.0,103.0,2026-04-26 13:47:00,0.0,2026-04-26 15:30:00,0.0,90.0,2.0,1970-01-01 16:00,3ba7abae-33cf-43f9-a410-ed1e4c12f083,103.0,63200011,63200010,2026-04-26 15:30,26.0,0.0,60000,16.0,gwtLszhLm4,0.0,2.0,94.0,0.0,34.0,18.0,0.0,9.0,6.0,1380000.0,com.sec.android.app.shealth,32400000,2.0,1.0,91.0,6,1.7166666666666666
2026-04-27 08:58:00,10.0,42.0,16.0,32.0,0.0,0,16.0,24.0,2.0,0.0,5.0,25.0,1970-01-02 08:00:00,173.0,10.0,173.0,2026-04-27 06:05:00,9.0,2026-04-27 08:58:00,14.0,82.0,2.0,1970-01-01 16:00,42726458-1202-405a-ad38-182fba63d921,173.0,63200011,63200010,2026-04-27 08:58,26.0,9.0,420000,16.0,gwtLszhLm4,1.0,0.0,126.0,2.0,34.0,18.0,5.0,24.0,6.0,840000.0,com.sec.android.app.shealth,32400000,2.0,9.0,86.0,0,2.8833333333333333
2026-04-27 21:01:00,2.0,26.0,7.0,7.0,0.0,0,16.0,2.0,1.0,0.0,6.0,7.0,1970-01-02 08:00:00,69.0,10.0,69.0,2026-04-27 19:52:00,1.0,2026-04-27 21:01:00,0.0,75.0,2.0,1970-01-01 16:00,8642adcf-2ff6-4233-8523-2cb437e34e58,69.0,63200011,63200010,2026-04-27 21:01,26.0,1.0,1140000,16.0,gwtLszhLm4,1.0,1.0,66.0,0.0,34.0,18.0,0.0,2.0,6.0,720000.0,com.sec.android.app.shealth,32400000,2.0,1.0,97.0,0,1.15
2026-04-30 22:03:00,13.0,51.0,39.0,19.0,0.0,0,16.0,15.0,2.0,1320000.0,6.0,39.0,1970-01-02 08:00:00,71.0,10.0,159.0,2026-04-30 18:57:00,15.0,2026-04-30 22:03:00,20.0,78.0,2.0,1970-01-01 16:00,58836b10-340b-4430-8573-f6daecca6f35,159.0,63200011,63200010,2026-04-30 21:36,26.0,38.0,1440000,16.0,gwtLszhLm4,3.0,0.0,86.0,4.0,34.0,18.0,0.0,6.0,6.0,840000.0,com.sec.android.app.shealth,32400000,2.0,14.0,91.0,3,3.1
2026-04-29 11:02:00,12.0,56.0,36.0,14.0,0.0,0,9.0,25.0,6.0,0.0,6.0,79.0,1970-01-02 08:00:00,58.0,10.0,283.0,2026-04-29 06:19:00,2.0,2026-04-29 13:49:00,62.0,90.0,2.0,1970-01-01 16:00,b8398395-0152-426e-80e3-576bd910b86e,283.0,63200011,63200010,2026-04-29 11:02,26.0,17.0,120000,16.0,gwtLszhLm4,4.0,0.0,179.0,5.0,34.0,18.0,0.0,3.0,6.0,1320000.0,com.sec.android.app.shealth,32400000,2.0,23.0,91.0,2,4.716666666666667
2026-04-28 08:10:00,10.0,36.0,66.0,11.0,0.0,0,0.0,19.0,6.0,0.0,6.0,72.0,1970-01-02 08:00:00,115.0,10.0,308.0,2026-04-28 03:02:00,28.0,2026-04-28 08:10:00,52.0,60.0,2.0,1970-01-01 16:00,49bab384-754e-4c6d-ae1e-902695386af5,308.0,63200011,63200010,2026-04-28 08:10,26.0,45.0,10080000,16.0,gwtLszhLm4,4.0,0.0,192.0,1.0,34.0,18.0,3.0,4.0,6.0,840000.0,com.sec.android.app.shealth,32400000,2.0,14.0,95.0,1,5.133333333333334
2026-04-29 06:17:00,14.0,56.0,61.0,9.0,0.0,0,14.0,18.0,5.0,0.0,6.0,60.0,1970-01-02 08:00:00,72.0,10.0,270.0,2026-04-29 01:47:00,23.0,2026-04-29 13:49:00,39.0,81.0,2.0,1970-01-01 16:00,0c0fb246-62a5-43c1-a933-c74f681b4411,270.0,63200011,63200010,2026-04-29 06:17,26.0,45.0,2220000,16.0,gwtLszhLm4,3.0,0.0,168.0,1.0,34.0,18.0,0.0,1.0,6.0,660000.0,com.sec.android.app.shealth,32400000,2.0,17.0,93.0,2,4.5
2026-05-01 01:43:00,11.0,27.0,20.0,30.0,0.0,0,9.0,24.0,1.0,1440000.0,5.0,11.0,1970-01-02 08:00:00,160.0,10.0,160.0,2026-04-30 22:39:00,16.0,2026-05-01 11:36:00,0.0,62.0,2.0,1970-01-01 16:00,818357d8-2c86-438b-9630-44ab3592759d,160.0,63200011,63200010,2026-05-01 01:19,26.0,16.0,3420000,16.0,gwtLszhLm4,0.0,0.0,120.0,0.0,34.0,18.0,0.0,24.0,6.0,1020000.0,com.sec.android.app.shealth,32400000,2.0,1.0,88.0,3,3.066666666666667
2026-05-01 03:12:00,0.0,23.0,6.0,37.0,0.0,0,16.0,9.0,1.0,1800000.0,5.0,6.0,1970-01-02 08:00:00,65.0,10.0,65.0,2026-05-01 01:37:00,0.0,2026-05-01 11:36:00,0.0,66.0,2.0,1970-01-01 16:00,83f1e4c6-6ab7-405f-bdc0-8d984dcef5fb,65.0,63200011,63200010,2026-05-01 02:42,26.0,0.0,1080000,16.0,gwtLszhLm4,0.0,3.0,56.0,0.0,34.0,18.0,5.0,9.0,6.0,780000.0,com.sec.android.app.shealth,32400000,2.0,1.0,88.0,4,1.5833333333333333
2026-05-01 11:36:00,15.0,86.0,84.0,39.0,0.0,0,16.0,52.0,28.0,1500000.0,5.0,89.0,1970-01-02 08:00:00,129.0,10.0,457.0,2026-05-01 03:34:00,27.0,2026-05-01 11:36:00,97.0,87.0,2.0,1970-01-01 16:00,2fdd1fc1-5380-43aa-84ad-c362b2da9924,457.0,63200011,63200010,2026-05-01 11:11,26.0,56.0,420000,16.0,gwtLszhLm4,4.0,0.0,252.0,7.0,34.0,18.0,27.0,28.0,6.0,840000.0,com.sec.android.app.shealth,32400000,2.0,22.0,88.0,4,8.033333333333333
