create_time,deep_score,sleep_score,physical_recovery,movement_awakening,factor_08,has_sleep_data,latency_score,factor_05,total_sleep_time_score,wakeup_time_detection_delay,wake_score,mental_recovery,goal_bed_time,factor_07,data_version,factor_06,start_time,factor_01,update_time,total_rem_duration,sleep_efficiency_with_latency,sleep_type,goal_wake_up_time,datauuid,sleep_duration,create_sh_ver,modify_sh_ver,end_time,rem_weight,factor_02,sleep_latency,latency_weight,deviceuuid,sleep_cycle,nap_score,total_light_duration,factor_04,total_sleep_time_weight,deep_weight,factor_09,factor_03,wake_weight,bedtime_detection_delay,pkg_name,time_offset,stage_analyzed_type,rem_score,efficiency,combined_id,original_wake_up_time,original_bed_time,integrated_id,is_integrated
2025-09-29 07:01,13,64,74.0,61.0,0,0,11,74,10,0,10,72.0,1970-01-02 08:00,137,10,365,2025-09-29 00:56,27,2025-09-29 07:01,60,70,-1,1970-01-01 16:00,40cb824c-4ac8-4d15-a6e4-afa1d894beec,365,63050351,63051050,2025-09-29 07:01,23,59,2880000,16,gwtLszhLm4,4,0,172,1,34,15,51,36,12,1440000,com.sec.android.app.shealth,32400000,2,20,81.0,,,,,
2025-09-30 08:02,14,96,93.0,42.0,0,0,16,61,33,0,11,93.0,1970-01-02 08:00,110,10,533,2025-09-29 23:09,19,2025-09-30 08:02,118,86,-1,1970-01-01 16:00,860d684f-7209-4d5a-b809-51862205cab2,533,63050351,63051050,2025-09-30 08:02,23,75,660000,16,gwtLszhLm4,6,0,279,8,34,15,31,27,12,840000,com.sec.android.app.shealth,32400000,2,22,88.0,,,,,
2025-10-01 01:53,9,35,9.0,10.0,0,0,12,4,1,0,12,7.0,1970-01-02 08:00,80,10,80,2025-10-01 00:33,5,2025-10-01 07:09,0,61,-1,1970-01-01 16:00,cc6ff7fc-26c4-46db-84c4-5b42a64aabe4,80,63050351,63051050,2025-10-01 01:53,23,5,2640000,16,gwtLszhLm4,0,1,71,0,34,15,0,4,12,900000,com.sec.android.app.shealth,32400000,2,1,96.0,3c74c6a0-e2fd-44e4-a3c7-12d721c76534,,,,
2025-10-01 03:50,14,34,14.0,32.0,0,0,6,17,2,60000,11,9.0,1970-01-02 08:00,115,10,115,2025-10-01 01:54,14,2025-10-01 07:09,0,84,-1,1970-01-01 16:00,90e9a716-ebbd-4a23-981d-58f69d6bd317,115,63050351,63051050,2025-10-01 03:49,23,14,60000,16,gwtLszhLm4,0,1,84,0,34,15,3,17,12,1380000,com.sec.android.app.shealth,32400000,2,1,85.0,3c74c6a0-e2fd-44e4-a3c7-12d721c76534,,,,
2025-10-01 07:09,14,64,25.0,23.0,0,0,15,26,2,0,11,70.0,1970-01-02 08:00,75,10,195,2025-10-01 03:54,5,2025-10-01 07:09,44,84,-1,1970-01-01 16:00,c25085ce-d27b-4d22-886d-abb2fa56dc12,195,63050351,63051050,2025-10-01 07:09,23,21,300000,16,gwtLszhLm4,3,0,104,4,34,15,9,4,12,840000,com.sec.android.app.shealth,32400000,2,22,87.0,3c74c6a0-e2fd-44e4-a3c7-12d721c76534,,,,
2025-10-06 04:07,13,60,47.0,13.0,0,0,16,11,2,0,12,45.0,1970-01-02 08:00,109,10,165,2025-10-06 01:22,29,2025-10-06 04:07,23,84,-1,1970-01-01 16:00,be6e1c6d-7d2d-44e6-b1ef-112a77aa98dd,165,63050351,63051050,2025-10-06 04:07,23,46,1020000,16,gwtLszhLm4,2,0,85,1,34,15,0,7,12,840000,com.sec.android.app.shealth,32400000,2,17,93.0,,,,,
2025-09-26 07:04,,,,,,0,,,,0,,,,,,,2025-09-26 01:39,,2025-09-26 07:04,,,,,9c10b61f-8b09-4e0b-917f-4a30b841a241,,63001451,63001451,2025-09-26 07:04,,,420000,,gwtLszhLm4,,,,,,,,,,780000,com.sec.android.app.shealth,32400000,,,,,,,,
2025-10-07 09:10,14,64,51.0,20.0,0,0,16,35,6,0,11,54.0,1970-01-02 08:00,70,10,283,2025-10-07 04:27,18,2025-10-07 09:11,37,82,-1,1970-01-01 16:00,5201f506-5d49-40f6-8159-af0253917f15,283,63050351,63051050,2025-10-07 09:10,23,33,960000,16,gwtLszhLm4,4,0,178,6,34,15,3,4,12,720000,com.sec.android.app.shealth,32400000,2,17,88.0,,,,,
2025-10-07 20:49,13,43,19.0,36.0,0,0,16,21,2,0,11,10.0,1970-01-02 08:00,143,10,143,2025-10-07 18:26,20,2025-10-07 20:49,1,74,-1,1970-01-01 16:00,f460a7f5-e290-4d91-9cfd-df84f4d991aa,143,63050351,63051050,2025-10-07 20:49,23,20,1260000,16,gwtLszhLm4,1,0,101,0,34,15,9,21,12,1200000,com.sec.android.app.shealth,32400000,2,1,87.0,,,,,
2025-09-27 04:18,13,49,30.0,16.0,0,0,15,13,2,0,10,29.0,1970-01-02 08:00,103,10,168,2025-09-27 01:30,28,2025-09-27 13:29,15,89,-1,1970-01-01 16:00,94bc4b0a-196a-4e84-95e6-db11669b5996,168,63050351,63030110,2025-09-27 04:18,23,28,300000,16,gwtLszhLm4,1,,112,0,34,15,3,7,12,840000,com.sec.android.app.shealth,32400000,2,9,92.0,e6d743af-15cf-4bce-8e0f-eb1789324403,,,,
2025-09-27 13:29,11,77,90.0,18.0,0,0,7,50,32,0,9,95.0,1970-01-02 08:00,94,10,487,2025-09-27 05:22,23,2025-09-27 13:29,133,79,-1,1970-01-01 16:00,29b663a8-406d-4eba-a156-67ff6052228e,487,63050351,63030110,2025-09-27 13:29,23,63,3900000,16,gwtLszhLm4,6,,241,3,34,15,17,4,12,1200000,com.sec.android.app.shealth,32400000,2,18,90.0,e6d743af-15cf-4bce-8e0f-eb1789324403,,,,
2025-10-03 13:10,1,43,8.0,11.0,0,0,16,10,2,0,12,27.0,1970-01-02 08:00,23,10,111,2025-10-03 11:19,0,2025-10-03 13:10,11,85,-1,1970-01-01 16:00,0b7707a2-0fbf-41c0-9f97-2c1d03a56069,111,63050351,63051050,2025-10-03 13:10,23,1,420000,16,gwtLszhLm4,2,1,89,0,34,15,0,0,12,1020000,com.sec.android.app.shealth,32400000,2,12,91.0,,,,,
2025-10-05 10:45,14,96,93.0,19.0,0,0,16,62,33,0,11,93.0,1970-01-02 08:00,74,10,545,2025-10-05 01:35,23,2025-10-05 10:45,117,86,-1,1970-01-01 16:00,3f56b1ee-b56f-4091-891d-1c7884962098,545,63050351,63051050,2025-10-05 10:40,23,66,900000,16,gwtLszhLm4,5,0,300,4,34,15,14,4,12,960000,com.sec.android.app.shealth,32400000,2,22,88.0,,2025-10-05 10:45,2025-10-05 01:35,,
2025-10-02 07:18,14,93,88.0,19.0,0,0,16,39,31,0,12,80.0,1970-01-02 08:00,134,10,439,2025-10-01 23:59,15,2025-10-02 07:19,69,87,-1,1970-01-01 16:00,85b8b8a6-fb61-406d-9fda-8364a46b7e39,439,63050351,63051050,2025-10-02 07:18,23,60,1200000,16,gwtLszhLm4,4,0,271,3,34,15,4,12,12,720000,com.sec.android.app.shealth,32400000,2,20,91.0,,,,,
2025-10-03 10:25,15,54,30.0,10.0,0,0,6,8,3,0,12,52.0,1970-01-02 08:00,37,10,183,2025-10-03 07:22,0,2025-10-03 10:25,27,95,-1,1970-01-01 16:00,5133f2ef-e5ec-4efb-96a2-b9ead8c8b09d,183,63050351,63051050,2025-10-03 10:25,23,26,60000,16,gwtLszhLm4,4,0,122,1,34,15,0,2,12,1380000,com.sec.android.app.shealth,32400000,2,18,95.0,,,,,
2025-10-09 05:04,14,65,49.0,13.0,0,0,16,13,4,0,12,58.0,1970-01-02 08:00,109,10,223,2025-10-09 01:21,35,2025-10-09 12:49,34,88,-1,1970-01-01 16:00,c99c19ef-6350-4421-bb12-385b9b274521,223,63050351,63051050,2025-10-09 05:04,23,39,780000,16,gwtLszhLm4,2,0,137,0,34,15,0,8,12,660000,com.sec.android.app.shealth,32400000,2,19,94.0,b50bffad-513a-442c-a7cc-4506b98f25f2,,,,
2025-10-09 08:05,14,65,20.0,22.0,0,0,16,11,2,0,12,64.0,1970-01-02 08:00,82,10,152,2025-10-09 05:33,19,2025-10-09 12:49,31,77,-1,1970-01-01 16:00,9f18ad6b-1aa3-467e-bdbb-a7486da18a7f,152,63050351,63051050,2025-10-09 08:05,23,20,1800000,16,gwtLszhLm4,2,0,90,0,34,15,6,8,12,240000,com.sec.android.app.shealth,32400000,2,21,93.0,b50bffad-513a-442c-a7cc-4506b98f25f2,,,,
2025-10-10 12:19,12,46,33.0,25.0,0,0,10,17,2,0,11,32.0,1970-01-02 08:00,117,10,170,2025-10-10 09:29,32,2025-10-10 12:20,17,68,-1,1970-01-01 16:00,735afaf5-d859-43f7-a911-146f8fa1b0bf,170,63050351,63051050,2025-10-10 12:19,23,32,3180000,16,gwtLszhLm4,2,0,104,0,34,15,5,14,12,1200000,com.sec.android.app.shealth,32400000,2,11,92.0,,,,,
2025-10-08 06:55,13,55,37.0,18.0,0,0,9,19,3,0,12,56.0,1970-01-02 08:00,155,10,224,2025-10-08 03:11,17,2025-10-08 09:14,34,72,-1,1970-01-01 16:00,52cbc8b0-2041-443c-9ee0-3f8de61718dd,224,63050351,63051050,2025-10-08 06:55,23,27,3420000,16,gwtLszhLm4,2,0,144,3,34,15,0,15,12,720000,com.sec.android.app.shealth,32400000,2,18,93.0,8668e326-b897-48f0-a263-3c20acf46916,,,,
2025-10-13 06:05,14,52,55.0,20.0,0,0,14,29,5,0,11,36.0,1970-01-02 08:00,198,10,274,2025-10-13 01:31,34,2025-10-13 06:05,22,79,-1,1970-01-01 16:00,b8888dac-7a62-49a5-81f1-735c78c1be0a,274,63050351,63051050,2025-10-13 06:05,23,37,2160000,16,gwtLszhLm4,1,0,186,1,34,15,0,18,12,780000,com.sec.android.app.shealth,32400000,2,8,90.0,,,,,
2025-10-08 09:14,2,45,10.0,20.0,0,0,9,12,2,0,12,45.0,1970-01-02 08:00,115,10,138,2025-10-08 06:56,2,2025-10-08 09:14,21,90,-1,1970-01-01 16:00,f4eb8974-0b73-49af-8886-9311d1ef4db0,138,63050351,63051050,2025-10-08 09:14,23,2,120000,16,gwtLszhLm4,2,0,103,2,34,15,3,10,12,1320000,com.sec.android.app.shealth,32400000,2,20,91.0,8668e326-b897-48f0-a263-3c20acf46916,,,,
2025-10-09 10:34,14,48,16.0,18.0,0,0,9,15,2,0,11,30.0,1970-01-02 08:00,94,10,148,2025-10-09 08:06,11,2025-10-09 10:34,15,88,-1,1970-01-01 16:00,0f089a19-d256-4c67-8c3b-6d38e1a10b30,148,63050351,63051050,2025-10-09 10:34,23,11,120000,16,gwtLszhLm4,2,0,107,0,34,15,0,7,12,1320000,com.sec.android.app.shealth,32400000,2,12,89.0,,,,,
2025-10-14 07:12,13,59,34.0,19.0,0,0,13,20,2,0,11,59.0,1970-01-02 08:00,182,10,194,2025-10-14 03:58,28,2025-10-14 07:12,34,74,-1,1970-01-01 16:00,4d36cd80-295e-4249-8eaa-7dc5c1f445f0,194,63050351,63051050,2025-10-14 07:12,23,28,2460000,16,gwtLszhLm4,2,0,112,4,34,15,0,16,12,780000,com.sec.android.app.shealth,32400000,2,20,91.0,,,,,
2025-10-10 07:21,15,55,46.0,15.0,0,0,6,18,4,0,12,52.0,1970-01-02 08:00,132,10,231,2025-10-10 03:30,25,2025-10-10 12:20,31,91,-1,1970-01-01 16:00,a673584b-0400-46c5-a3fe-ca9d8893ad1f,231,63050351,63051050,2025-10-10 07:21,23,35,60000,16,gwtLszhLm4,2,0,147,5,34,15,0,9,12,1380000,com.sec.android.app.shealth,32400000,2,18,92.0,2b352fb9-e0a3-4a71-b35d-92e619d2f918,,,,
2025-10-09 12:49,4,35,7.0,8.0,0,0,16,2,2,0,12,6.0,1970-01-02 08:00,62,10,62,2025-10-09 11:47,2,2025-10-09 12:49,0,82,-1,1970-01-01 16:00,769829bd-75db-4ecb-8558-bad195ee5185,62,63050351,63051050,2025-10-09 12:49,23,2,600000,16,gwtLszhLm4,0,4,58,0,34,15,0,2,12,840000,com.sec.android.app.shealth,32400000,2,1,96.0,,,,,
2025-10-18 08:47,13,47,23.0,17.0,0,0,14,11,2,1560000,12,21.0,1970-01-02 08:00,133,10,133,2025-10-18 06:08,24,2025-10-18 08:48,9,72,-1,1970-01-01 16:00,fd350a00-c13f-439a-95ae-8e0c5d366865,133,63050351,63051050,2025-10-18 08:21,23,24,2160000,16,gwtLszhLm4,1,0,89,3,34,15,0,11,12,1200000,com.sec.android.app.shealth,32400000,2,6,93.0,,,,,
2025-10-11 23:30,14,52,27.0,18.0,0,0,16,16,2,0,12,27.0,1970-01-02 08:00,115,10,174,2025-10-11 20:36,13,2025-10-12 10:31,14,81,-1,1970-01-01 16:00,3b64adc9-7955-401c-ab1c-4edc2dd9f31b,174,63050351,63051050,2025-10-11 23:30,23,23,1260000,16,gwtLszhLm4,2,0,121,0,34,15,0,10,12,900000,com.sec.android.app.shealth,32400000,2,8,91.0,2c0a58e8-80ae-4251-84ce-2dab41bed128,,,,
2025-10-09 11:37,0,40,6.0,7.0,0,0,6,2,2,0,12,40.0,1970-01-02 08:00,38,10,62,2025-10-09 10:35,0,2025-10-09 11:37,10,94,-1,1970-01-01 16:00,d90c151e-9c42-496d-b44f-895683b8745f,62,63050351,63051050,2025-10-09 11:37,23,0,60000,16,gwtLszhLm4,1,4,50,0,34,15,0,1,12,1380000,com.sec.android.app.shealth,32400000,2,20,96.0,,,,,
2025-10-11 06:44,13,54,62.0,23.0,0,0,7,23,6,0,12,58.0,1970-01-02 08:00,106,10,274,2025-10-11 02:10,10,2025-10-11 06:44,38,74,-1,1970-01-01 16:00,01ccabe0-fb74-4eb3-82e9-98008e6901c2,274,63050351,63051050,2025-10-11 06:44,23,47,3840000,16,gwtLszhLm4,3,0,166,2,34,15,6,12,12,900000,com.sec.android.app.shealth,32400000,2,16,93.0,,,,,
2025-10-16 08:48,0,34,8.0,10.0,0,0,14,5,2,0,12,17.0,1970-01-02 08:00,96,10,96,2025-10-16 07:12,0,2025-10-16 08:48,6,91,-1,1970-01-01 16:00,eeabd04c-ce7f-495e-83bc-7254fe5f0ae7,96,63050351,63051050,2025-10-16 08:48,23,0,240000,16,gwtLszhLm4,1,2,85,0,34,15,0,5,12,1200000,com.sec.android.app.shealth,32400000,2,6,95.0,,,,,
2025-10-15 07:14,15,97,83.0,15.0,0,0,16,31,31,0,12,87.0,1970-01-02 08:00,100,10,433,2025-10-15 00:01,29,2025-10-15 07:14,86,90,-1,1970-01-01 16:00,68a46dc4-97e2-4e21-b7dd-5fe2cbbf8525,433,63050351,63051050,2025-10-15 07:14,23,52,540000,16,gwtLszhLm4,4,0,264,7,34,15,5,7,12,840000,com.sec.android.app.shealth,32400000,2,23,92.0,,,,,
2025-10-16 07:09,10,60,25.0,32.0,0,0,16,31,4,0,11,54.0,1970-01-02 08:00,159,10,256,2025-10-16 02:53,10,2025-10-16 07:09,36,84,-1,1970-01-01 16:00,30077161-9fde-4972-be40-48b5b9d1d02a,256,63050351,63051050,2025-10-16 07:09,23,14,660000,16,gwtLszhLm4,3,0,175,4,34,15,13,23,12,780000,com.sec.android.app.shealth,32400000,2,19,88.0,,,,,
2025-10-10 03:29,1,34,7.0,6.0,0,0,16,2,2,0,12,11.0,1970-01-02 08:00,78,10,78,2025-10-10 02:11,0,2025-10-10 12:20,3,75,-1,1970-01-01 16:00,bebf8ea6-4bde-4231-880d-e01c94a13820,78,63050351,63051050,2025-10-10 03:29,23,0,1320000,16,gwtLszhLm4,1,2,73,0,34,15,0,2,12,840000,com.sec.android.app.shealth,32400000,2,3,97.0,2b352fb9-e0a3-4a71-b35d-92e619d2f918,,,,
2025-10-18 14:06,14,37,21.0,47.0,0,0,6,20,2,0,11,13.0,1970-01-02 08:00,55,10,136,2025-10-18 11:50,0,2025-10-18 14:06,5,84,-1,1970-01-01 16:00,04dc7423-7021-4d20-9434-0fbe9e678f7d,136,63050351,63051050,2025-10-18 14:06,23,23,60000,16,gwtLszhLm4,1,0,88,1,34,15,7,14,12,1380000,com.sec.android.app.shealth,32400000,2,4,85.0,,,,,
2025-10-12 10:31,15,97,96.0,11.0,0,0,15,42,34,0,12,98.0,1970-01-02 08:00,141,10,555,2025-10-12 01:16,37,2025-10-12 10:31,185,91,-1,1970-01-01 16:00,679e4262-452c-4e99-b163-eadff3965bf9,555,63050351,63051050,2025-10-12 10:31,23,77,300000,16,gwtLszhLm4,6,0,251,13,34,15,0,5,12,1140000,com.sec.android.app.shealth,32400000,2,21,92.0,2c0a58e8-80ae-4251-84ce-2dab41bed128,,,,
2025-10-19 14:33,14,65,18.0,18.0,0,0,16,13,2,0,12,56.0,1970-01-02 08:00,41,10,138,2025-10-19 12:15,0,2025-10-19 14:33,26,79,-1,1970-01-01 16:00,8a1a6f3d-1e03-40ea-85cb-c4edb6db40bf,138,63050351,63051050,2025-10-19 14:33,23,15,1140000,16,gwtLszhLm4,3,0,84,2,34,15,0,3,12,300000,com.sec.android.app.shealth,32400000,2,21,91.0,,,,,
2025-10-17 08:04,,,,,,0,,,,0,,,,,,,2025-10-17 03:17,,2025-10-17 08:04,,,,,9108b34d-726b-42ca-9562-b1f214a99f5f,,63050351,63050351,2025-10-17 08:04,,,1380000,,gwtLszhLm4,,,,,,,,,,1080000,com.sec.android.app.shealth,32400000,,,,,,,,
2025-10-18 11:49,12,58,19.0,12.0,0,0,13,11,2,0,12,54.0,1970-01-02 08:00,81,10,168,2025-10-18 09:01,8,2025-10-18 11:49,27,75,-1,1970-01-01 16:00,2ef138d0-6dfe-4528-837a-7ed84349ec8a,168,63050351,63051050,2025-10-18 11:49,23,13,2400000,16,gwtLszhLm4,2,0,117,0,34,15,0,4,12,900000,com.sec.android.app.shealth,32400000,2,19,94.0,,,,,
2025-10-20 06:59,14,62,39.0,21.0,0,0,10,22,5,0,12,76.0,1970-01-02 08:00,123,10,269,2025-10-20 02:30,17,2025-10-20 06:59,56,77,-1,1970-01-01 16:00,d43634bc-2c42-4eb1-be6f-2eb79fea7cd6,269,63050351,63051050,2025-10-20 06:59,23,25,3060000,16,gwtLszhLm4,3,0,166,1,34,15,7,12,12,660000,com.sec.android.app.shealth,32400000,2,21,92.0,,,,,
2025-10-21 05:30,15,73,47.0,16.0,0,0,16,22,9,0,12,70.0,1970-01-02 08:00,113,10,295,2025-10-21 00:35,15,2025-10-21 07:29,50,90,-1,1970-01-01 16:00,9d291293-05b0-4b65-ae00-2e3d235e2229,295,63050351,63051050,2025-10-21 05:30,23,28,480000,16,gwtLszhLm4,3,0,195,2,34,15,3,9,12,780000,com.sec.android.app.shealth,32400000,2,21,92.0,36ba50a5-9c01-4a69-9733-db28caa3d595,,,,
2025-10-21 07:29,14,47,18.0,21.0,0,0,16,10,2,0,12,12.0,1970-01-02 08:00,83,10,107,2025-10-21 05:42,20,2025-10-21 07:29,4,84,-1,1970-01-01 16:00,8b4e8a66-52bc-40f9-8039-c130fb14ae27,107,63050351,63051050,2025-10-21 07:29,23,20,420000,16,gwtLszhLm4,1,1,73,0,34,15,0,9,12,780000,com.sec.android.app.shealth,32400000,2,3,90.0,36ba50a5-9c01-4a69-9733-db28caa3d595,,,,
2025-10-22 07:19,15,80,68.0,12.0,0,0,16,22,14,0,12,82.0,1970-01-02 08:00,123,10,330,2025-10-22 01:49,22,2025-10-22 07:19,68,90,-1,1970-01-01 16:00,1c0ca668-63d6-43e8-81b6-881de9f2cdfd,330,63050351,63051050,2025-10-22 07:19,23,44,660000,16,gwtLszhLm4,3,0,196,4,34,15,3,6,12,780000,com.sec.android.app.shealth,32400000,2,23,93.0,,,,,
2025-10-23 16:48,14,45,10.0,12.0,0,0,16,4,2,0,12,6.0,1970-01-02 08:00,66,10,66,2025-10-23 15:42,10,2025-10-23 16:48,0,78,-1,1970-01-01 16:00,5560c7bb-36cc-4446-b59d-1b22f2cbd05f,66,63050351,63051050,2025-10-23 16:48,23,10,780000,16,gwtLszhLm4,0,3,52,0,34,15,0,4,12,1020000,com.sec.android.app.shealth,32400000,2,1,94.0,,,,,
2025-10-23 01:29,6,30,8.0,15.0,0,0,9,6,2,0,12,7.0,1970-01-02 08:00,85,10,85,2025-10-23 00:04,3,2025-10-23 16:48,0,90,-1,1970-01-01 16:00,c8209ec4-8383-4467-a47d-372f47eef4c0,85,63050351,63051050,2025-10-23 01:29,23,3,120000,16,gwtLszhLm4,0,3,76,0,34,15,0,6,12,1080000,com.sec.android.app.shealth,32400000,2,1,92.0,a305c7ba-ea0c-49c3-bf8e-0c67ef919378,,,,
2025-10-23 06:56,13,57,32.0,10.0,0,0,10,10,2,0,12,67.0,1970-01-02 08:00,120,10,183,2025-10-23 03:53,17,2025-10-23 16:48,37,73,-1,1970-01-01 16:00,5fbea6b4-b1a9-4144-becb-3801da72501b,183,63050351,63051050,2025-10-23 06:56,23,27,3120000,16,gwtLszhLm4,2,0,109,0,34,15,0,5,12,900000,com.sec.android.app.shealth,32400000,2,20,95.0,a305c7ba-ea0c-49c3-bf8e-0c67ef919378,,,,
2025-10-24 17:29,15,88,77.0,7.0,0,0,14,14,24,0,12,92.0,1970-01-02 08:00,118,10,370,2025-10-24 11:19,25,2025-10-24 17:35,97,95,-1,1970-01-01 16:00,41573b5e-e8ff-4563-a844-337dd4e0afd6,370,63050351,63051050,2025-10-24 17:29,23,48,240000,16,gwtLszhLm4,4,0,211,3,34,15,0,4,12,960000,com.sec.android.app.shealth,32400000,2,23,96.0,,,,,
2025-10-25 15:00,13,57,17.0,6.0,0,0,10,5,2,0,12,70.0,1970-01-02 08:00,49,10,132,2025-10-25 12:48,0,2025-10-25 15:00,31,68,-1,1970-01-01 16:00,db012e36-4691-40b5-8179-3ea48673ef29,132,63050351,63051050,2025-10-25 15:00,23,15,3120000,16,gwtLszhLm4,2,0,81,0,34,15,0,1,12,1020000,com.sec.android.app.shealth,32400000,2,20,97.0,,,,,
2025-10-26 09:13,14,43,26.0,26.0,0,0,14,14,2,0,11,9.0,1970-01-02 08:00,127,10,127,2025-10-26 07:06,31,2025-10-26 09:13,2,85,-1,1970-01-01 16:00,8c7cb7c0-9237-4b1e-9b15-41d3154440b3,127,63050351,63051050,2025-10-26 09:13,23,31,240000,16,gwtLszhLm4,1,1,80,0,34,15,4,14,12,840000,com.sec.android.app.shealth,32400000,2,2,88.0,,,,,
2025-10-26 12:02,15,46,30.0,20.0,0,0,6,13,2,0,12,31.0,1970-01-02 08:00,47,10,169,2025-10-26 09:13,0,2025-10-26 12:02,16,91,-1,1970-01-01 16:00,6a664229-19df-469c-afc7-213c7dbbd29d,169,63050351,63051050,2025-10-26 12:02,23,28,60000,16,gwtLszhLm4,3,0,112,2,34,15,3,5,12,1380000,com.sec.android.app.shealth,32400000,2,11,92.0,,,,,
2025-10-26 16:53,15,65,61.0,14.0,0,0,6,17,9,0,12,76.0,1970-01-02 08:00,80,10,291,2025-10-26 12:02,0,2025-10-26 16:54,56,93,-1,1970-01-01 16:00,15e7193c-9c29-4ee1-aff4-27ac4f58264e,291,63050351,63051050,2025-10-26 16:53,23,42,60000,16,gwtLszhLm4,3,0,176,0,34,15,3,5,12,1380000,com.sec.android.app.shealth,32400000,2,23,94.0,,,,,
2025-10-27 23:34,13,44,14.0,17.0,0,0,16,8,2,0,12,8.0,1970-01-02 08:00,98,10,98,2025-10-27 21:56,15,2025-10-27 23:34,0,73,-1,1970-01-01 16:00,27432d6d-2cab-42c0-9d3a-0904267c9b07,98,63050351,63051050,2025-10-27 23:34,23,15,1380000,16,gwtLszhLm4,0,0,75,0,34,15,0,8,12,60000,com.sec.android.app.shealth,32400000,2,1,92.0,,,,,
2025-10-29 05:55,14,87,92.0,12.0,0,0,16,23,23,0,12,80.0,1970-01-02 08:00,77,10,375,2025-10-28 23:40,30,2025-10-29 11:25,67,92,-1,1970-01-01 16:00,4a7c3674-bd02-415d-9918-f324a6b3ce0a,375,63050351,63051050,2025-10-29 05:55,23,86,420000,16,gwtLszhLm4,5,0,199,2,34,15,5,3,12,780000,com.sec.android.app.shealth,32400000,2,22,93.0,f6f80f07-32e8-4774-abff-ba05de0b830a,,,,
2025-10-29 06:56,0,21,6.0,8.0,0,0,6,2,2,0,12,6.0,1970-01-02 08:00,61,10,61,2025-10-29 05:55,0,2025-10-29 11:25,0,94,-1,1970-01-01 16:00,0d802529-e7ec-4abc-b741-8894a5f9d823,61,63050351,63051050,2025-10-29 06:56,23,0,60000,16,gwtLszhLm4,0,4,59,0,34,15,0,2,12,1440000,com.sec.android.app.shealth,32400000,2,1,95.0,f6f80f07-32e8-4774-abff-ba05de0b830a,,,,
2025-10-29 11:25,14,60,65.0,17.0,0,0,6,20,6,0,12,68.0,1970-01-02 08:00,147,10,269,2025-10-29 06:56,16,2025-10-29 11:25,46,92,-1,1970-01-01 16:00,36c84224-367c-4d43-842d-40e05a604329,269,63050351,63051050,2025-10-29 11:25,23,50,60000,16,gwtLszhLm4,2,0,153,3,34,15,4,11,12,1380000,com.sec.android.app.shealth,32400000,2,22,92.0,f6f80f07-32e8-4774-abff-ba05de0b830a,,,,
2025-10-30 12:36,14,86,73.0,24.0,0,0,16,44,25,0,11,76.0,1970-01-02 08:00,109,10,408,2025-10-30 05:48,15,2025-10-30 12:36,62,84,-1,1970-01-01 16:00,401f8cf0-b44e-43d1-986f-40478fb93728,408,63050351,63051050,2025-10-30 12:36,23,41,1500000,16,gwtLszhLm4,5,0,261,2,34,15,10,11,12,780000,com.sec.android.app.shealth,32400000,2,20,89.0,,,,,
2025-11-02 17:59,14,97,96.0,21.0,0,0,16,47,33,0,12,89.0,1970-01-02 08:00,94,10,509,2025-11-02 09:30,25,2025-11-02 17:59,92,86,-1,1970-01-01 16:00,3b0b1280-d86b-49b5-b2f6-2d7906aad3cd,509,63050351,63051050,2025-11-02 17:59,23,88,1560000,16,gwtLszhLm4,6,0,282,3,34,15,6,9,12,900000,com.sec.android.app.shealth,32400000,2,22,91.0,,,,,
2025-11-03 04:31,12,42,11.0,15.0,0,0,15,6,2,0,12,7.0,1970-01-02 08:00,89,10,89,2025-11-03 03:02,9,2025-11-03 04:31,0,67,-1,1970-01-01 16:00,cfc84104-45ee-43b7-97f9-738063186497,89,63060051,63051050,2025-11-03 04:31,23,9,1980000,16,gwtLszhLm4,0,1,74,0,34,15,0,6,12,840000,com.sec.android.app.shealth,32400000,2,1,94.0,ebdfe4c9-251e-404f-b990-1a33f6abe60b,,,,
2025-10-30 17:39,10,67,37.0,16.0,0,0,14,22,8,0,12,82.0,1970-01-02 08:00,129,10,294,2025-10-30 12:40,0,2025-10-30 17:39,66,91,-1,1970-01-01 16:00,8e297c59-6870-481e-a1c5-07bac180a7f1,294,63050351,63051050,2025-10-30 17:34,23,17,240000,16,gwtLszhLm4,3,0,189,2,34,15,0,11,12,1200000,com.sec.android.app.shealth,32400000,2,23,92.0,,2025-10-30 17:39,2025-10-30 12:40,,
2025-11-01 12:21,14,69,80.0,13.0,0,0,16,20,13,0,12,59.0,1970-01-02 08:00,182,10,325,2025-11-01 06:56,45,2025-11-01 12:21,38,86,-1,1970-01-01 16:00,5c6cba94-4083-485b-b264-81c6f1ff64a0,325,63050351,63051050,2025-11-01 12:21,23,63,1680000,16,gwtLszhLm4,2,0,204,2,34,15,4,9,12,600000,com.sec.android.app.shealth,32400000,2,14,94.0,,,,,
2025-11-01 18:35,14,74,79.0,19.0,0,0,6,37,20,0,12,81.0,1970-01-02 08:00,113,10,373,2025-11-01 12:22,27,2025-11-01 18:35,71,89,-1,1970-01-01 16:00,d250f339-d957-4cbd-962f-df0ea3b556c6,373,63050351,63051050,2025-11-01 18:35,23,52,60000,16,gwtLszhLm4,4,0,213,7,34,15,4,9,12,1260000,com.sec.android.app.shealth,32400000,2,22,90.0,,,,,
2025-11-03 02:22,12,38,11.0,8.0,0,0,12,3,1,0,12,7.0,1970-01-02 08:00,74,10,74,2025-11-03 01:08,12,2025-11-03 04:31,0,61,-1,1970-01-01 16:00,f1c16af2-fcad-4213-8049-00facb883245,74,63060051,63051050,2025-11-03 02:22,23,12,2520000,16,gwtLszhLm4,0,1,59,0,34,15,0,3,12,660000,com.sec.android.app.shealth,32400000,2,1,97.0,ebdfe4c9-251e-404f-b990-1a33f6abe60b,,,,
2025-11-05 07:12,14,87,79.0,18.0,0,0,16,42,25,0,11,78.0,1970-01-02 08:00,67,10,405,2025-11-05 00:27,25,2025-11-05 07:13,66,88,-1,1970-01-01 16:00,fdc98084-3908-4faa-8cd7-8e69871eb3de,405,63060051,63051050,2025-11-05 07:12,23,50,420000,16,gwtLszhLm4,5,0,247,2,34,15,9,3,12,660000,com.sec.android.app.shealth,32400000,2,21,89.0,,,,,
2025-11-01 20:15,0,34,8.0,11.0,0,0,6,5,2,0,12,31.0,1970-01-02 08:00,99,10,99,2025-11-01 18:36,0,2025-11-01 20:15,11,93,-1,1970-01-01 16:00,b3de892e-7685-45e3-8817-e0a1ea693bb1,99,63050351,63051050,2025-11-01 20:15,23,0,60000,16,gwtLszhLm4,1,1,83,0,34,15,0,5,12,1380000,com.sec.android.app.shealth,32400000,2,14,94.0,,,,,
2025-11-07 06:29,14,78,64.0,15.0,0,0,15,31,16,0,12,72.0,1970-01-02 08:00,110,10,350,2025-11-07 00:39,14,2025-11-07 07:46,56,89,-1,1970-01-01 16:00,12c2d71f-f6a3-4ee7-95d2-86e2a44ed1c6,350,63060051,63051050,2025-11-07 06:29,23,38,300000,16,gwtLszhLm4,4,0,225,5,34,15,6,5,12,780000,com.sec.android.app.shealth,32400000,2,21,91.0,af9aa5f1-ced4-4e8f-ae24-9782fa39c4cd,,,,
2025-11-03 02:51,0,27,4.0,0.0,0,0,15,0,0,1320000,12,4.0,1970-01-02 08:00,2,10,2,2025-11-03 02:27,0,2025-11-03 04:31,0,28,-1,1970-01-01 16:00,6197930c-dc6b-46dd-b236-d79800f8e564,2,63060051,63051050,2025-11-03 02:29,23,0,300000,16,gwtLszhLm4,0,3,2,0,34,15,0,0,12,1140000,com.sec.android.app.shealth,32400000,2,0,100.0,ebdfe4c9-251e-404f-b990-1a33f6abe60b,,,,
2025-11-06 05:34,14,41,19.0,22.0,0,0,6,11,2,0,12,18.0,1970-01-02 08:00,118,10,118,2025-11-06 03:36,21,2025-11-06 18:54,8,89,-1,1970-01-01 16:00,9cac3adb-a7c7-4f81-8de8-22928549fc20,118,63060051,63051050,2025-11-06 05:34,23,21,60000,16,gwtLszhLm4,1,1,78,0,34,15,3,11,12,1380000,com.sec.android.app.shealth,32400000,2,7,90.0,8a9528fb-317a-4ca1-909d-a877556677bf,,,,
2025-11-06 05:59,0,24,5.0,0.0,0,0,9,0,2,0,12,5.0,1970-01-02 08:00,23,10,23,2025-11-06 05:36,0,2025-11-06 18:54,0,92,-1,1970-01-01 16:00,087702d6-575f-4e18-9356-89922f34447a,23,63060051,63051050,2025-11-06 05:59,23,0,120000,16,gwtLszhLm4,0,5,23,0,34,15,0,0,12,1320000,com.sec.android.app.shealth,32400000,2,1,100.0,8a9528fb-317a-4ca1-909d-a877556677bf,,,,
2025-11-04 01:31,13,44,10.0,15.0,0,0,16,6,2,0,12,7.0,1970-01-02 08:00,85,10,85,2025-11-04 00:06,7,2025-11-04 06:51,1,80,-1,1970-01-01 16:00,9837da39-ad6b-4655-a22e-cf1668e80fb0,85,63060051,63051050,2025-11-04 01:31,23,7,720000,16,gwtLszhLm4,1,2,71,0,34,15,0,6,12,1200000,com.sec.android.app.shealth,32400000,2,1,93.0,7094dc29-90a4-4956-be5b-5f67ee174e86,,,,
2025-11-04 06:51,14,66,52.0,14.0,0,0,6,27,11,0,12,81.0,1970-01-02 08:00,83,10,319,2025-11-04 01:32,0,2025-11-04 06:51,68,91,-1,1970-01-01 16:00,c5d1bcb2-8d4e-4e03-aa0c-9f3556126f02,319,63060051,63051050,2025-11-04 06:51,23,28,60000,16,gwtLszhLm4,3,0,196,6,34,15,0,5,12,1380000,com.sec.android.app.shealth,32400000,2,23,91.0,7094dc29-90a4-4956-be5b-5f67ee174e86,,,,
2025-11-07 06:59,0,27,5.0,13.0,0,0,12,1,2,0,12,5.0,1970-01-02 08:00,24,10,24,2025-11-07 06:35,0,2025-11-07 07:46,0,83,-1,1970-01-01 16:00,fd72b78f-1d43-4267-9423-f986ac575f4e,24,63060051,63051050,2025-11-07 06:59,23,0,180000,16,gwtLszhLm4,0,5,23,0,34,15,0,1,12,540000,com.sec.android.app.shealth,32400000,2,1,94.0,af9aa5f1-ced4-4e8f-ae24-9782fa39c4cd,,,,
2025-11-07 07:46,0,24,6.0,11.0,0,0,9,2,2,0,12,6.0,1970-01-02 08:00,46,10,46,2025-11-07 07:00,0,2025-11-07 07:46,0,90,-1,1970-01-01 16:00,f8afa601-991c-4c98-9687-0d742b572538,46,63060051,63051050,2025-11-07 07:46,23,0,120000,16,gwtLszhLm4,0,5,44,0,34,15,0,2,12,1320000,com.sec.android.app.shealth,32400000,2,1,94.0,af9aa5f1-ced4-4e8f-ae24-9782fa39c4cd,,,,
2025-11-08 20:51,14,93,95.0,26.0,3,0,12,53,33,0,12,96.0,1970-01-02 08:00,145,10,549,2025-11-08 11:42,23,2025-11-08 20:51,145,89,-1,1970-01-01 16:00,edd924bf-38bf-4f09-a7a1-0021305f3a39,549,63060051,63051050,2025-11-08 20:51,23,79,180000,16,gwtLszhLm4,6,0,272,16,34,15,15,19,12,1260000,com.sec.android.app.shealth,32400000,2,22,90.0,,,,,
2025-11-12 04:17,0,29,5.0,6.0,0,0,16,0,1,0,12,5.0,1970-01-02 08:00,16,10,16,2025-11-12 04:01,0,2025-11-12 05:42,0,50,-1,1970-01-01 16:00,1f51dd84-0614-40fb-b8ae-10d4f5910b2c,16,63060051,63051050,2025-11-12 04:17,23,0,900000,16,gwtLszhLm4,0,5,16,0,34,15,0,0,12,720000,com.sec.android.app.shealth,32400000,2,0,98.0,a026697b-e9f7-42c6-931f-42fe2a6356f5,,,,
2025-11-06 03:35,14,47,45.0,20.0,0,0,14,21,2,0,11,21.0,1970-01-02 08:00,74,10,183,2025-11-06 00:32,13,2025-11-06 18:54,11,86,-1,1970-01-01 16:00,ac285923-51fb-4b5b-979d-20b634ac4aa1,183,63060051,63051050,2025-11-06 03:35,23,41,240000,16,gwtLszhLm4,3,0,110,1,34,15,0,6,12,900000,com.sec.android.app.shealth,32400000,2,6,88.0,8a9528fb-317a-4ca1-909d-a877556677bf,,,,
2025-11-06 18:54,14,66,19.0,9.0,0,0,16,4,2,0,12,72.0,1970-01-02 08:00,68,10,103,2025-11-06 17:04,8,2025-11-06 18:54,27,84,-1,1970-01-01 16:00,5c16bac7-7df4-4b7f-ac43-841288012079,103,63060051,63051050,2025-11-06 18:47,23,22,840000,16,gwtLszhLm4,1,0,50,1,34,15,0,3,12,600000,com.sec.android.app.shealth,32400000,2,22,96.0,,2025-11-06 18:54,2025-11-06 17:04,,
2025-11-14 03:18,11,31,22.0,26.0,0,0,11,11,1,0,6,11.0,1970-01-02 08:00,59,10,117,2025-11-14 01:21,21,2025-11-14 09:02,3,64,-1,1970-01-01 16:00,2343c4d3-c601-47c2-a3d5-f0094cf297b7,117,63060051,63060070,2025-11-14 03:18,26,26,2760000,16,gwtLszhLm4,1,0,77,1,34,18,4,7,6,60000,com.sec.android.app.shealth,32400000,2,2,92.0,81ee720e-5a2d-4e58-93af-9150e7f9622b,,,,
2025-11-10 04:49,14,52,42.0,14.0,0,0,6,21,3,0,11,47.0,1970-01-02 08:00,24,10,203,2025-11-10 01:26,0,2025-11-10 04:49,28,89,-1,1970-01-01 16:00,01654e4d-12d8-43b8-9b12-a0644d6c5483,203,63060051,63051050,2025-11-10 04:49,23,35,60000,16,gwtLszhLm4,3,0,119,2,34,15,0,1,12,1380000,com.sec.android.app.shealth,32400000,2,18,89.0,d4139e7b-0e06-4654-a5d2-05b86c07378b,,,,
2025-11-11 03:25,11,43,12.0,30.0,0,0,9,21,2,0,11,23.0,1970-01-02 08:00,71,10,143,2025-11-11 01:02,8,2025-11-11 07:06,12,84,-1,1970-01-01 16:00,25d5c3d1-ef71-4e67-be8c-57d691327df5,143,63060051,63051050,2025-11-11 03:25,23,8,120000,16,gwtLszhLm4,2,0,102,0,34,15,10,6,12,900000,com.sec.android.app.shealth,32400000,2,10,85.0,171557d1-8ebe-4241-9240-6955afd4770c,,,,
2025-11-09 15:00,14,71,59.0,20.0,0,0,16,31,9,0,11,70.0,1970-01-02 08:00,90,10,308,2025-11-09 09:52,23,2025-11-09 15:00,52,83,-1,1970-01-01 16:00,fc732ce2-c830-4b4d-9643-b1ff1e65c9ce,308,63060051,63051050,2025-11-09 15:00,23,38,1320000,16,gwtLszhLm4,4,0,187,7,34,15,4,7,12,900000,com.sec.android.app.shealth,32400000,2,21,90.0,,,,,
2025-11-14 09:02,15,51,27.0,16.0,0,0,6,7,2,0,6,48.0,1970-01-02 08:00,64,10,119,2025-11-14 07:03,0,2025-11-14 09:02,19,92,-1,1970-01-01 16:00,147fe0a8-9102-4220-bcb6-244d54e43572,119,63060051,63060070,2025-11-14 09:02,26,31,60000,16,gwtLszhLm4,1,1,62,3,34,18,0,6,6,1380000,com.sec.android.app.shealth,32400000,2,22,93.0,,,,,
2025-11-08 08:38,14,34,11.0,25.0,0,0,6,9,2,0,11,7.0,1970-01-02 08:00,75,10,75,2025-11-08 07:23,11,2025-11-08 08:38,0,86,-1,1970-01-01 16:00,1b454dfc-7ac6-4539-bf10-fa0a09a77358,75,63060051,63051050,2025-11-08 08:38,23,11,60000,16,gwtLszhLm4,0,4,55,0,34,15,0,9,12,1380000,com.sec.android.app.shealth,32400000,2,1,87.0,,,,,
2025-11-12 04:55,0,21,5.0,11.0,0,0,6,2,2,0,12,5.0,1970-01-02 08:00,37,10,37,2025-11-12 04:18,0,2025-11-12 05:42,0,92,-1,1970-01-01 16:00,589a5575-0b18-4e14-ac86-1911653dd352,37,63060051,63051050,2025-11-12 04:55,23,0,60000,16,gwtLszhLm4,0,5,35,0,34,15,0,2,12,1380000,com.sec.android.app.shealth,32400000,2,1,94.0,a026697b-e9f7-42c6-931f-42fe2a6356f5,,,,
2025-11-08 11:39,9,29,22.0,6.0,0,0,6,2,1,0,12,7.0,1970-01-02 08:00,83,10,83,2025-11-08 10:16,30,2025-11-08 11:39,0,52,-1,1970-01-01 16:00,f9425132-e1c1-47f9-aadd-e851441f5e2d,83,63060051,63051050,2025-11-08 11:39,23,30,4140000,16,gwtLszhLm4,0,0,51,0,34,15,0,2,12,900000,com.sec.android.app.shealth,32400000,2,1,98.0,,,,,
2025-11-14 04:55,0,18,5.0,13.0,0,0,12,1,0,0,6,5.0,1970-01-02 08:00,23,10,23,2025-11-14 04:32,0,2025-11-14 09:02,0,31,-1,1970-01-01 16:00,b6800c21-3d84-43eb-a731-d4048c19984a,23,63060051,63060070,2025-11-14 04:55,26,0,2700000,16,gwtLszhLm4,0,4,22,0,34,18,0,1,6,780000,com.sec.android.app.shealth,32400000,2,0,97.0,81ee720e-5a2d-4e58-93af-9150e7f9622b,,,,
2025-11-10 01:26,14,45,9.0,12.0,0,0,16,4,2,0,12,6.0,1970-01-02 08:00,65,10,65,2025-11-10 00:21,8,2025-11-10 04:49,0,80,-1,1970-01-01 16:00,ac81604f-165b-4f8c-88d8-b88bf34be361,65,63060051,63051050,2025-11-10 01:26,23,8,660000,16,gwtLszhLm4,0,3,53,0,34,15,0,4,12,780000,com.sec.android.app.shealth,32400000,2,1,94.0,d4139e7b-0e06-4654-a5d2-05b86c07378b,,,,
2025-11-11 07:06,12,57,26.0,9.0,0,0,6,11,4,0,12,84.0,1970-01-02 08:00,100,10,220,2025-11-11 03:26,4,2025-11-11 07:06,59,94,-1,1970-01-01 16:00,5714c2e6-54b0-45bb-bb73-f61ff8136976,220,63060051,63051050,2025-11-11 07:06,23,15,60000,16,gwtLszhLm4,2,0,135,2,34,15,0,4,12,1380000,com.sec.android.app.shealth,32400000,2,23,95.0,171557d1-8ebe-4241-9240-6955afd4770c,,,,
2025-11-15 02:08,1,16,5.0,12.0,0,0,6,2,2,0,6,5.0,1970-01-02 08:00,33,10,33,2025-11-15 01:35,0,2025-11-15 07:20,0,91,-1,1970-01-01 16:00,6cde77c1-7abc-4d72-9592-91e7346f98a8,33,63060051,63060070,2025-11-15 02:08,26,0,60000,16,gwtLszhLm4,0,5,31,0,34,18,0,2,6,1380000,com.sec.android.app.shealth,32400000,2,1,94.0,1af8d374-005f-4096-a7d7-93cacfe06c70,,,,
2025-11-15 04:20,6,34,11.0,23.0,0,0,6,15,2,0,5,32.0,1970-01-02 08:00,127,10,132,2025-11-15 02:08,5,2025-11-15 07:20,15,87,-1,1970-01-01 16:00,32cdb741-f7fc-42c2-bf09-ad69d704913c,132,63060051,63060070,2025-11-15 04:20,26,5,60000,16,gwtLszhLm4,2,1,97,1,34,18,3,12,6,1380000,com.sec.android.app.shealth,32400000,2,15,88.0,1af8d374-005f-4096-a7d7-93cacfe06c70,,,,
2025-11-09 16:49,14,39,12.0,12.0,0,0,9,6,2,0,12,8.0,1970-01-02 08:00,108,10,108,2025-11-09 15:01,9,2025-11-09 16:49,1,92,-1,1970-01-01 16:00,d8487be9-0db9-475a-9835-416d38b3d0a9,108,63060051,63051050,2025-11-09 16:49,23,9,120000,16,gwtLszhLm4,0,1,92,0,34,15,0,6,12,1320000,com.sec.android.app.shealth,32400000,2,2,94.0,,,,,
2025-11-13 08:14,15,84,77.0,17.0,0,0,16,42,25,0,6,83.0,1970-01-02 08:00,76,10,427,2025-11-13 01:07,17,2025-11-13 08:15,78,85,-1,1970-01-01 16:00,4a14d96b-7879-4c6f-8171-bc24341ceac1,427,63060051,63060070,2025-11-13 08:14,26,43,1440000,16,gwtLszhLm4,6,0,264,8,34,18,8,4,6,840000,com.sec.android.app.shealth,32400000,2,22,90.0,,,,,
2025-11-12 05:42,0,21,6.0,9.0,0,0,6,2,2,0,12,6.0,1970-01-02 08:00,46,10,46,2025-11-12 04:56,0,2025-11-12 05:42,0,93,-1,1970-01-01 16:00,ab32a8d3-a0e9-4416-8daa-f08a6ceefe91,46,63060051,63051050,2025-11-12 05:42,23,0,60000,16,gwtLszhLm4,0,5,44,0,34,15,0,2,12,1380000,com.sec.android.app.shealth,32400000,2,1,95.0,a026697b-e9f7-42c6-931f-42fe2a6356f5,,,,
2025-11-16 20:21,15,30,23.0,17.0,0,0,6,16,2,0,5,9.0,1970-01-02 08:00,24,10,131,2025-11-16 18:10,0,2025-11-16 20:21,2,86,2,1970-01-01 16:00,29f24803-0bca-40c4-92ee-7a91d52588df,131,63060051,63060070,2025-11-16 20:21,26,25,60000,16,gwtLszhLm4,2,0,88,0,34,18,0,1,6,1380000,com.sec.android.app.shealth,32400000,2,2,87.0,,,,,
2025-11-15 07:20,15,52,26.0,27.0,0,0,16,20,2,0,5,35.0,1970-01-02 08:00,88,10,172,2025-11-15 04:28,25,2025-11-15 07:20,19,84,-1,1970-01-01 16:00,4ece3443-af45-46fd-b9b7-78aaf0c9b511,172,63060051,63060070,2025-11-15 07:20,26,26,480000,16,gwtLszhLm4,3,0,107,0,34,18,12,7,6,960000,com.sec.android.app.shealth,32400000,2,14,88.0,1af8d374-005f-4096-a7d7-93cacfe06c70,,,,
2025-11-17 08:30,16,61,50.0,11.0,0,0,6,20,9,0,6,82.0,1970-01-02 08:00,25,10,300,2025-11-17 03:30,0,2025-11-17 21:08,67,93,2,1970-01-01 16:00,b91e210e-dcf5-4227-ba14-ec1448fe6253,300,63060051,63060070,2025-11-17 08:30,26,29,60000,16,gwtLszhLm4,4,0,184,5,34,18,0,1,6,1380000,com.sec.android.app.shealth,32400000,2,24,93.0,c51ed47f-b110-4dce-818a-904e93daa9d5,,,,
2025-11-19 07:32,8,39,11.0,13.0,0,0,12,8,1,0,6,34.0,1970-01-02 08:00,78,10,114,2025-11-19 05:38,6,2025-11-19 07:32,14,67,2,1970-01-01 16:00,473512f7-1e8d-4ae3-9649-5f624631a02e,114,63060051,63060070,2025-11-19 07:32,26,6,2520000,16,gwtLszhLm4,1,0,86,0,34,18,0,4,6,1440000,com.sec.android.app.shealth,32400000,2,12,94.0,0e073e6a-65f2-4df3-9927-a2dd52847390,,,,
2025-11-16 09:02,16,41,12.0,8.0,0,0,16,3,2,0,6,7.0,1970-01-02 08:00,75,10,75,2025-11-16 07:47,13,2025-11-16 09:02,0,88,2,1970-01-01 16:00,d81fd804-ab40-4fbb-81ea-2fb42331576d,75,63060051,63060070,2025-11-16 09:02,26,13,360000,16,gwtLszhLm4,1,3,59,0,34,18,0,3,6,840000,com.sec.android.app.shealth,32400000,2,1,96.0,,,,,
2025-11-12 03:16,14,58,45.0,22.0,0,0,16,28,4,0,11,40.0,1970-01-02 08:00,136,10,241,2025-11-11 23:15,4,2025-11-12 05:42,25,82,-1,1970-01-01 16:00,ca204654-db9e-41c0-9381-92a63e5f5747,241,63060051,63051050,2025-11-12 03:16,23,35,1020000,16,gwtLszhLm4,2,0,153,2,34,15,6,10,12,1200000,com.sec.android.app.shealth,32400000,2,13,89.0,a026697b-e9f7-42c6-931f-42fe2a6356f5,,,,
2025-11-17 21:08,11,31,12.0,6.0,0,0,12,2,1,0,6,10.0,1970-01-02 08:00,80,10,81,2025-11-17 19:47,13,2025-11-17 21:08,2,63,2,1970-01-01 16:00,1ef1a476-d9f8-4b0b-abd1-bf143ccf4bdb,81,63060051,63060070,2025-11-17 21:08,26,13,2520000,16,gwtLszhLm4,1,0,64,0,34,18,0,2,6,600000,com.sec.android.app.shealth,32400000,2,1,97.0,,,,,
2025-11-16 17:30,1,25,6.0,9.0,0,0,16,3,1,0,6,6.0,1970-01-02 08:00,65,10,65,2025-11-16 16:25,0,2025-11-16 17:30,1,71,2,1970-01-01 16:00,b32ded3e-c837-454c-99e6-fe1630e26f57,65,63060051,63060070,2025-11-16 17:30,26,0,1320000,16,gwtLszhLm4,0,2,61,0,34,18,0,3,6,660000,com.sec.android.app.shealth,32400000,2,1,96.0,,,,,
2025-11-15 01:35,15,40,13.0,9.0,0,0,16,4,2,0,6,7.0,1970-01-02 08:00,89,10,89,2025-11-15 00:06,14,2025-11-15 07:20,1,86,-1,1970-01-01 16:00,a6b7c323-3397-4b3a-b343-5dd8cc3f06aa,89,63060051,63060070,2025-11-15 01:35,26,14,540000,16,gwtLszhLm4,1,2,70,0,34,18,0,4,6,840000,com.sec.android.app.shealth,32400000,2,1,95.0,1af8d374-005f-4096-a7d7-93cacfe06c70,,,,
2025-11-19 04:38,16,53,58.0,17.0,0,0,6,21,7,0,6,59.0,1970-01-02 08:00,130,10,284,2025-11-18 23:54,24,2025-11-19 07:32,38,92,2,1970-01-01 16:00,af9b3907-1ab7-4162-ae39-b0deb0f98143,284,63060051,63060070,2025-11-19 04:38,26,40,60000,16,gwtLszhLm4,3,0,185,2,34,18,3,10,6,1440000,com.sec.android.app.shealth,32400000,2,18,92.0,0e073e6a-65f2-4df3-9927-a2dd52847390,,,,
2025-11-20 07:00,8,65,52.0,15.0,0,0,6,37,22,0,6,84.0,1970-01-02 08:00,90,10,395,2025-11-20 00:25,5,2025-11-20 07:00,78,90,2,1970-01-01 16:00,dffad098-a874-44f7-ae02-6551a4c3a2ef,395,63060051,63060070,2025-11-20 07:00,26,18,60000,16,gwtLszhLm4,5,0,262,4,34,18,3,4,6,900000,com.sec.android.app.shealth,32400000,2,23,90.0,,,,,
2025-11-18 13:27,14,38,8.0,10.0,0,0,16,3,1,0,6,6.0,1970-01-02 08:00,61,10,61,2025-11-18 12:26,7,2025-11-18 13:27,0,82,2,1970-01-01 16:00,2f322354-aac3-4b73-959b-59cbfb046c96,61,63060051,63060070,2025-11-18 13:27,26,7,540000,16,gwtLszhLm4,0,4,51,0,34,18,0,3,6,780000,com.sec.android.app.shealth,32400000,2,1,95.0,,,,,
2025-11-14 07:03,16,37,15.0,22.0,0,0,6,13,2,0,5,22.0,1970-01-02 08:00,76,10,127,2025-11-14 04:56,0,2025-11-14 09:02,10,89,-1,1970-01-01 16:00,d60fba07-ad61-476e-bb12-34ba8f5cc1c5,127,63060051,63060070,2025-11-14 07:03,26,15,60000,16,gwtLszhLm4,2,1,89,2,34,18,5,6,6,1380000,com.sec.android.app.shealth,32400000,2,8,89.0,81ee720e-5a2d-4e58-93af-9150e7f9622b,,,,
2025-11-20 07:27,1,16,5.0,7.0,0,0,6,1,2,0,6,5.0,1970-01-02 08:00,27,10,27,2025-11-20 07:00,0,2025-11-20 07:27,0,92,2,1970-01-01 16:00,757735ed-73d4-402b-acc1-af0529dfc3cb,27,63060051,63060070,2025-11-20 07:27,26,0,60000,16,gwtLszhLm4,0,5,26,0,34,18,0,1,6,1380000,com.sec.android.app.shealth,32400000,2,1,96.0,,,,,
2025-11-17 11:02,1,46,10.0,21.0,0,0,16,13,2,0,6,63.0,1970-01-02 08:00,88,10,137,2025-11-17 08:45,1,2025-11-17 11:02,29,81,2,1970-01-01 16:00,92c236e2-d584-4a93-9140-6ac263570ba0,137,63060051,63060070,2025-11-17 11:02,26,1,900000,16,gwtLszhLm4,1,0,94,1,34,18,4,7,6,840000,com.sec.android.app.shealth,32400000,2,21,91.0,,,,,
2025-11-23 07:32,15,74,64.0,18.0,0,0,15,31,17,0,6,79.0,1970-01-02 08:00,134,10,370,2025-11-23 01:22,22,2025-11-23 07:32,66,84,3,1970-01-01 16:00,372fd460-fb2d-4e6c-b308-7d0f371ad6fd,370,63060051,63060070,2025-11-23 07:32,26,34,1860000,16,gwtLszhLm4,3,0,239,2,34,18,3,12,6,960000,com.sec.android.app.shealth,32400000,2,21,92.0,,,,,
2025-11-17 03:29,15,47,35.0,14.0,0,0,16,13,2,0,6,28.0,1970-01-02 08:00,86,10,173,2025-11-17 00:36,20,2025-11-17 21:08,14,85,2,1970-01-01 16:00,7ddb148c-ef80-4b0b-ac11-715a00680e69,173,63060051,63060070,2025-11-17 03:29,26,32,900000,16,gwtLszhLm4,2,0,114,0,34,18,0,6,6,1320000,com.sec.android.app.shealth,32400000,2,8,93.0,c51ed47f-b110-4dce-818a-904e93daa9d5,,,,
2025-11-18 07:18,15,62,61.0,22.0,0,0,16,38,8,0,5,61.0,1970-01-02 08:00,113,10,321,2025-11-18 01:57,19,2025-11-18 07:18,44,84,2,1970-01-01 16:00,5862a80d-2a56-4055-967c-b36ed348a069,321,63060051,63060070,2025-11-18 07:18,26,42,780000,16,gwtLszhLm4,5,0,197,4,34,18,13,7,6,960000,com.sec.android.app.shealth,32400000,2,18,88.0,,,,,
2025-11-20 08:32,0,26,6.0,7.0,0,0,16,2,2,0,6,6.0,1970-01-02 08:00,60,10,60,2025-11-20 07:32,0,2025-11-20 08:32,1,87,2,1970-01-01 16:00,9f15502f-a3a8-461c-b459-99adb70dd9e9,60,63060051,63060070,2025-11-20 08:32,26,0,360000,16,gwtLszhLm4,1,4,57,0,34,18,0,2,6,1080000,com.sec.android.app.shealth,32400000,2,2,96.0,,,,,
2025-11-21 07:36,10,67,50.0,20.0,0,0,16,35,17,0,6,67.0,1970-01-02 08:00,197,10,367,2025-11-21 01:29,17,2025-11-21 07:36,49,89,2,1970-01-01 16:00,5e4999a5-670e-496f-bc87-4cb3427eb9f9,367,63060051,63060070,2025-11-21 07:36,26,19,360000,16,gwtLszhLm4,3,0,264,1,34,18,0,20,6,720000,com.sec.android.app.shealth,32400000,2,18,90.0,,,,,
2025-11-24 23:48,14,39,45.0,19.0,0,0,16,16,2,0,6,12.0,1970-01-02 08:00,174,10,174,2025-11-24 20:54,42,2025-11-25 07:16,0,85,3,1970-01-01 16:00,16000030-75c5-4dec-b875-2806ec9746c3,174,63060051,63060070,2025-11-24 23:48,26,42,660000,16,gwtLszhLm4,1,0,116,0,34,18,0,16,6,780000,com.sec.android.app.shealth,32400000,2,1,91.0,e238c693-02b7-49a2-8120-6f7975766574,,,,
2025-11-22 14:27,15,84,98.0,17.0,0,0,16,64,25,0,6,98.0,1970-01-02 08:00,87,10,659,2025-11-22 03:28,18,2025-11-22 14:27,182,87,2,1970-01-01 16:00,b3879b05-6d79-42d0-82c5-986347c1af03,659,63060051,63060070,2025-11-22 14:27,26,86,1080000,16,gwtLszhLm4,7,0,327,16,34,18,8,5,6,1020000,com.sec.android.app.shealth,32400000,2,22,90.0,,,,,
2025-11-30 11:46,16,82,87.0,19.0,0,0,6,39,31,0,6,94.0,1970-01-02 08:00,173,10,494,2025-11-30 03:32,34,2025-11-30 11:46,125,91,2,1970-01-01 16:00,4023b06e-f5e5-4620-91a0-8e6abc0369d3,494,63060051,63060070,2025-11-30 11:46,26,51,60000,16,gwtLszhLm4,4,0,279,6,34,18,8,15,6,1380000,com.sec.android.app.shealth,32400000,2,23,92.0,1d51ac5f-c8ce-41f1-89b5-47b44e3aa7ed,,,,
2025-11-24 02:35,16,57,18.0,10.0,0,0,9,7,2,300000,6,61.0,1970-01-02 08:00,64,10,128,2025-11-24 00:22,0,2025-11-24 07:16,26,93,3,1970-01-01 16:00,ec6e5166-4453-445d-839e-32f91aa8eded,128,63060051,63060070,2025-11-24 02:30,26,17,120000,16,gwtLszhLm4,1,1,78,0,34,18,0,3,6,1320000,com.sec.android.app.shealth,32400000,2,24,94.0,4c89ed2c-57fc-48df-afd2-4247350f0ca0,,,,
2025-11-25 07:16,1,17,5.0,7.0,0,0,6,1,2,0,6,5.0,1970-01-02 08:00,41,10,41,2025-11-25 06:35,0,2025-11-25 07:16,0,94,3,1970-01-01 16:00,ac259f9b-0adb-43e3-af66-341b9f7dc68d,41,63060051,63060070,2025-11-25 07:16,26,0,60000,16,gwtLszhLm4,1,5,40,0,34,18,0,1,6,1440000,com.sec.android.app.shealth,32400000,2,2,96.0,,,,6767c1de-bbde-4691-b133-d8ba257887ed,
2025-11-27 01:56,15,35,18.0,21.0,0,0,12,13,2,0,5,9.0,1970-01-02 08:00,129,10,129,2025-11-26 23:47,17,2025-11-27 09:43,1,87,3,1970-01-01 16:00,b3fc73d9-4638-446d-a30c-75ea100e4fa1,129,63060051,63060070,2025-11-27 01:56,26,17,180000,16,gwtLszhLm4,1,1,98,0,34,18,0,13,6,960000,com.sec.android.app.shealth,32400000,2,1,89.0,e9c8fe2f-6405-4aec-add5-cb4daf7777b3,,,,
2025-11-25 06:36,1,25,6.0,13.0,0,0,16,3,1,0,6,6.0,1970-01-02 08:00,55,10,55,2025-11-25 05:41,0,2025-11-25 07:16,0,76,3,1970-01-01 16:00,b321fdb5-2f7c-4f55-87b4-2ed9e410efe5,55,63060051,63060070,2025-11-25 06:36,26,0,720000,16,gwtLszhLm4,0,4,52,0,34,18,0,3,6,720000,com.sec.android.app.shealth,32400000,2,1,94.0,,,,6767c1de-bbde-4691-b133-d8ba257887ed,
2025-11-23 13:14,11,32,16.0,15.0,0,0,6,14,2,0,6,22.0,1970-01-02 08:00,44,10,163,2025-11-23 10:31,0,2025-11-23 13:14,11,90,3,1970-01-01 16:00,0c6267c0-587b-4b12-919e-c0d620afd5d1,163,63060051,63060070,2025-11-23 13:14,26,9,60000,16,gwtLszhLm4,2,0,129,2,34,18,0,3,6,1380000,com.sec.android.app.shealth,32400000,2,7,91.0,,,,,
2025-11-27 07:23,12,66,42.0,17.0,0,0,16,24,10,0,6,72.0,1970-01-02 08:00,118,10,317,2025-11-27 02:06,9,2025-11-27 09:43,53,89,3,1970-01-01 16:00,0dd59aa2-1260-405d-8d58-715b2e9d2043,317,63060051,63060070,2025-11-27 07:23,26,19,540000,16,gwtLszhLm4,3,0,221,2,34,18,3,9,6,240000,com.sec.android.app.shealth,32400000,2,22,92.0,e9c8fe2f-6405-4aec-add5-cb4daf7777b3,,,,
2025-11-25 07:16,0,25,8.0,77.0,0,0,16,39,1,,0,14.0,1970-01-02 08:00,20,10,95,2025-11-25 05:41,0,2025-11-25 07:16,7,51,3,1970-01-01 16:00,6767c1de-bbde-4691-b133-d8ba257887ed,95,63060070,63060070,2025-11-25 07:16,26,0,720000,16,S/po1T0A5u,1,2,49,0,34,18,31,0,6,,com.sec.android.app.shealth,32400000,2,8,63.0,e238c693-02b7-49a2-8120-6f7975766574,,,,1
2025-11-25 05:29,0,23,5.0,15.0,0,0,16,2,1,0,6,5.0,1970-01-02 08:00,27,10,27,2025-11-25 05:02,0,2025-11-25 07:16,0,52,3,1970-01-01 16:00,26bb1eb9-21b8-464a-a390-cf2227e2279f,27,63060051,63060070,2025-11-25 05:29,26,0,1260000,16,gwtLszhLm4,0,5,25,0,34,18,0,2,6,780000,com.sec.android.app.shealth,32400000,2,0,95.0,e238c693-02b7-49a2-8120-6f7975766574,,,,
2025-11-24 04:48,0,13,7.0,21.0,0,0,7,8,1,0,5,7.0,1970-01-02 08:00,75,10,75,2025-11-24 03:33,0,2025-11-24 07:16,0,48,3,1970-01-01 16:00,09b9bfcf-dc34-4d65-9fc1-62d1e17951ce,75,63060051,63060070,2025-11-24 04:48,26,0,3780000,16,gwtLszhLm4,0,0,67,0,34,18,0,8,6,1020000,com.sec.android.app.shealth,32400000,2,0,94.0,4c89ed2c-57fc-48df-afd2-4247350f0ca0,,,,
2025-11-30 03:31,14,38,9.0,11.0,0,0,16,3,1,0,6,6.0,1970-01-02 08:00,64,10,64,2025-11-30 02:27,8,2025-11-30 11:46,0,79,2,1970-01-01 16:00,8076af23-101a-4ced-886e-652d9be7342c,64,63060051,63060070,2025-11-30 03:31,26,8,720000,16,gwtLszhLm4,0,4,53,0,34,18,0,3,6,600000,com.sec.android.app.shealth,32400000,2,1,95.0,1d51ac5f-c8ce-41f1-89b5-47b44e3aa7ed,,,,
2025-11-26 07:12,2,55,28.0,16.0,0,0,14,28,11,0,6,74.0,1970-01-02 08:00,83,10,325,2025-11-26 01:47,1,2025-11-26 07:12,57,90,3,1970-01-01 16:00,63ef9cf0-4e21-4f3e-b753-ddb8b85c4dcf,325,63060051,63060070,2025-11-26 07:12,26,4,240000,16,gwtLszhLm4,4,0,236,4,34,18,3,5,6,1020000,com.sec.android.app.shealth,32400000,2,22,91.0,,,,,
2025-12-06 11:52,1,30,8.0,16.0,0,0,6,7,2,0,6,30.0,1970-01-02 08:00,56,10,93,2025-12-06 10:19,0,2025-12-06 11:52,11,90,3,1970-01-01 16:00,663ec9c8-ac26-4284-811d-91f9ff784ede,93,63060051,63060070,2025-12-06 11:52,26,0,60000,16,gwtLszhLm4,2,2,75,0,34,18,0,4,6,1380000,com.sec.android.app.shealth,32400000,2,15,92.0,,,,,
2025-11-24 07:16,9,32,7.0,27.0,0,0,16,6,1,0,5,6.0,1970-01-02 08:00,55,10,55,2025-11-24 06:21,3,2025-11-24 07:16,0,68,3,1970-01-01 16:00,fe909782-fe04-4d4f-9f26-718cc7b70147,55,63060051,63060070,2025-11-24 07:16,26,3,1020000,16,gwtLszhLm4,0,4,46,0,34,18,3,6,6,840000,com.sec.android.app.shealth,32400000,2,1,91.0,4c89ed2c-57fc-48df-afd2-4247350f0ca0,,,,
2025-11-27 09:43,1,30,10.0,17.0,0,0,6,11,2,0,6,34.0,1970-01-02 08:00,94,10,139,2025-11-27 07:24,0,2025-11-27 09:43,16,91,3,1970-01-01 16:00,71975fe4-e42e-4426-8239-e0a4d07bbb49,139,63060051,63060070,2025-11-27 09:43,26,1,60000,16,gwtLszhLm4,2,0,111,1,34,18,3,7,6,1380000,com.sec.android.app.shealth,32400000,2,15,92.0,,,,,
2025-12-01 07:28,,,,,,0,,,,0,,,,,,,2025-12-01 03:49,,2025-12-01 07:28,,,,,bb2fc23e-fff7-484a-aed7-66beb5b2b7ea,,63060051,63060051,2025-12-01 07:28,,,120000,,gwtLszhLm4,,,,,,,,,,1320000,com.sec.android.app.shealth,32400000,,,,,,,,
2025-12-02 06:51,15,71,68.0,24.0,0,0,16,37,16,0,5,70.0,1970-01-02 08:00,257,10,369,2025-12-02 00:42,41,2025-12-02 06:51,54,87,3,1970-01-01 16:00,1fb66c66-3c97-4243-b9d7-aa4d40d03bcb,369,63060051,63060070,2025-12-02 06:51,26,41,600000,16,gwtLszhLm4,2,0,237,3,34,18,9,28,6,960000,com.sec.android.app.shealth,32400000,2,19,90.0,,,,,
2025-11-25 04:41,14,46,35.0,16.0,0,0,15,15,2,0,6,32.0,1970-01-02 08:00,187,10,187,2025-11-25 01:34,30,2025-11-25 07:16,17,78,3,1970-01-01 16:00,d035c5a2-74d0-49a6-aee2-62e4cf204809,187,63060051,63060070,2025-11-25 04:41,26,30,1980000,16,gwtLszhLm4,1,0,125,1,34,18,0,15,6,1200000,com.sec.android.app.shealth,32400000,2,9,93.0,e238c693-02b7-49a2-8120-6f7975766574,,,,
2025-11-28 08:12,15,78,73.0,16.0,0,0,6,37,28,0,6,83.0,1970-01-02 08:00,142,10,435,2025-11-28 00:57,23,2025-11-28 08:13,76,91,3,1970-01-01 16:00,2daf1623-27fd-44de-9d5d-d2fb124fa183,435,63060051,63060070,2025-11-28 08:12,26,33,60000,16,gwtLszhLm4,4,0,289,6,34,18,0,11,6,960000,com.sec.android.app.shealth,32400000,2,23,91.0,,,,,
2025-11-29 15:21,16,92,97.0,14.0,0,0,16,32,31,0,6,96.0,1970-01-02 08:00,170,10,513,2025-11-29 06:48,42,2025-11-29 15:21,152,91,2,1970-01-01 16:00,c224c3e4-e62a-4c71-8410-74fc1823b2c9,513,63060051,63060070,2025-11-29 15:21,26,100,780000,16,gwtLszhLm4,5,0,229,9,34,18,6,10,6,720000,com.sec.android.app.shealth,32400000,2,23,93.0,,,,,
2025-12-04 09:15,15,87,87.0,21.0,0,0,16,43,28,0,6,88.0,1970-01-02 08:00,70,10,456,2025-12-04 01:39,6,2025-12-04 09:15,91,84,3,1970-01-01 16:00,f3fd5866-4453-40c7-a0e1-319da7d025ef,456,63060051,63060070,2025-12-04 09:15,26,55,1800000,16,gwtLszhLm4,6,0,267,7,34,18,4,7,6,960000,com.sec.android.app.shealth,32400000,2,22,91.0,,,,,
2025-12-05 07:35,14,53,68.0,19.0,0,0,12,26,6,0,6,56.0,1970-01-02 08:00,95,10,290,2025-12-05 02:45,27,2025-12-05 07:35,37,79,3,1970-01-01 16:00,fa9ce69a-b4fa-4960-a2e7-b0c47426755a,290,63060051,63060070,2025-12-05 07:35,26,52,2520000,16,gwtLszhLm4,3,0,175,4,34,18,7,7,6,960000,com.sec.android.app.shealth,32400000,2,15,92.0,,,,,
2025-12-07 12:56,1,16,8.0,11.0,0,0,6,5,2,0,6,8.0,1970-01-02 08:00,93,10,93,2025-12-07 11:23,0,2025-12-07 12:56,0,93,3,1970-01-01 16:00,0bd832a5-776b-4988-b694-fc935fa75c86,93,63060051,63060070,2025-12-07 12:56,26,0,60000,16,gwtLszhLm4,0,2,88,0,34,18,0,5,6,1380000,com.sec.android.app.shealth,32400000,2,1,94.0,,,,,
2025-12-06 10:18,16,54,33.0,12.0,0,0,6,20,3,0,6,66.0,1970-01-02 08:00,67,10,217,2025-12-06 06:41,22,2025-12-06 10:18,41,90,3,1970-01-01 16:00,9c1d4912-f45a-46c7-b1fd-fdd60e5c7935,217,63060051,63060070,2025-12-06 10:18,26,23,60000,16,gwtLszhLm4,4,0,133,3,34,18,0,2,6,780000,com.sec.android.app.shealth,32400000,2,23,90.0,,,,,
2025-12-08 05:13,0,22,5.0,10.0,0,0,14,1,1,0,6,5.0,1970-01-02 08:00,20,10,20,2025-12-08 04:53,0,2025-12-08 05:13,0,79,3,1970-01-01 16:00,ef5963fe-10ff-46ed-8ab1-7598983fad06,20,63060051,63060070,2025-12-08 05:13,26,0,240000,16,gwtLszhLm4,0,5,19,0,34,18,0,1,6,900000,com.sec.android.app.shealth,32400000,2,1,95.0,b149088e-67d6-4d1e-bf38-1a77602f5853,,,,
2025-12-03 08:34,16,85,84.0,13.0,0,0,12,27,27,0,6,90.0,1970-01-02 08:00,95,10,417,2025-12-03 01:37,24,2025-12-03 08:34,96,92,3,1970-01-01 16:00,66cc62ce-c127-4746-a8de-f97ae5c276cc,417,63060051,63060070,2025-12-03 08:34,26,54,180000,16,gwtLszhLm4,4,0,240,2,34,18,0,6,6,960000,com.sec.android.app.shealth,32400000,2,24,93.0,,,,,
2025-12-06 14:58,13,40,20.0,17.0,0,0,9,20,2,0,5,31.0,1970-01-02 08:00,49,10,185,2025-12-06 11:53,0,2025-12-06 14:58,17,87,3,1970-01-01 16:00,08e3d99d-97b2-44e3-94c1-5c127850fba2,185,63060051,63060070,2025-12-06 14:58,26,12,120000,16,gwtLszhLm4,3,0,136,2,34,18,0,3,6,1320000,com.sec.android.app.shealth,32400000,2,11,89.0,,,,,
2025-12-09 06:55,16,86,88.0,14.0,0,0,16,25,25,0,6,88.0,1970-01-02 08:00,104,10,403,2025-12-09 00:12,25,2025-12-09 06:55,88,91,3,1970-01-01 16:00,5111d333-84a9-41ff-a23f-36829c65dd25,403,63060051,63060070,2025-12-09 06:55,26,68,480000,16,gwtLszhLm4,4,0,222,4,34,18,6,6,6,1080000,com.sec.android.app.shealth,32400000,2,23,93.0,,,,,
2025-12-12 08:11,16,79,70.0,8.0,0,0,16,16,18,0,6,89.0,1970-01-02 08:00,146,10,356,2025-12-12 02:15,22,2025-12-12 08:11,84,91,3,1970-01-01 16:00,5ffbdf63-bfe7-4b48-a722-25bf77c56763,356,63060051,63060070,2025-12-12 08:11,26,42,1020000,16,gwtLszhLm4,3,0,214,1,34,18,0,5,6,900000,com.sec.android.app.shealth,32400000,2,23,95.0,,,,,
2025-12-07 11:22,6,71,51.0,15.0,0,0,15,34,22,0,6,89.0,1970-01-02 08:00,106,10,401,2025-12-07 04:41,7,2025-12-07 12:56,95,84,3,1970-01-01 16:00,df0a4018-9843-4ff2-bdca-e4c3426baf2f,401,63060051,63060070,2025-12-07 11:22,26,15,1920000,16,gwtLszhLm4,4,0,257,5,34,18,0,6,6,900000,com.sec.android.app.shealth,32400000,2,22,92.0,e549043f-9a6c-4428-8ce7-b8c155558b17,,,,
2025-12-09 07:34,0,24,5.0,6.0,0,0,16,1,1,0,6,5.0,1970-01-02 08:00,34,10,34,2025-12-09 07:00,0,2025-12-09 07:34,0,82,3,1970-01-01 16:00,701ec8c8-d2e0-491b-9f30-d72f411c96fe,34,63060051,63060070,2025-12-09 07:34,26,0,360000,16,gwtLszhLm4,0,5,33,0,34,18,0,1,6,1080000,com.sec.android.app.shealth,32400000,2,1,97.0,,,,,
2025-12-10 04:33,12,41,36.0,14.0,0,0,7,12,2,0,6,49.0,1970-01-02 08:00,106,10,185,2025-12-10 01:28,21,2025-12-10 08:41,26,68,3,1970-01-01 16:00,416b8ae2-1cb2-406f-abc2-df67983aa708,185,63060051,63060070,2025-12-10 04:33,26,32,4080000,16,gwtLszhLm4,2,0,115,0,34,18,0,7,6,780000,com.sec.android.app.shealth,32400000,2,14,95.0,e839fd7e-5530-433c-b79f-4985d8dbf59e,,,,
2025-12-07 04:09,12,30,22.0,28.0,0,0,11,22,1,0,5,12.0,1970-01-02 08:00,176,10,176,2025-12-07 01:13,18,2025-12-07 12:56,0,68,3,1970-01-01 16:00,62affff2-8f6a-4d7c-8ea1-c16015a5a7f5,176,63060051,63060070,2025-12-07 04:09,26,18,2880000,16,gwtLszhLm4,0,0,136,0,34,18,4,22,6,600000,com.sec.android.app.shealth,32400000,2,1,89.0,e549043f-9a6c-4428-8ce7-b8c155558b17,,,,
2025-12-13 08:45,15,61,23.0,16.0,0,0,16,11,2,0,6,66.0,1970-01-02 08:00,94,10,134,2025-12-13 06:31,23,2025-12-13 08:45,30,87,3,1970-01-01 16:00,4681416d-7397-44ec-bf35-1b409fb18eb0,134,63060051,63060070,2025-12-13 08:45,26,23,360000,16,gwtLszhLm4,3,0,70,1,34,18,0,7,6,960000,com.sec.android.app.shealth,32400000,2,22,92.0,,,,,
2025-12-11 10:44,11,34,10.0,21.0,0,0,16,7,1,0,5,7.0,1970-01-02 08:00,72,10,72,2025-12-11 09:32,10,2025-12-11 10:44,0,64,3,1970-01-01 16:00,15a916fa-9780-45b3-ab1b-93fe0f601b88,72,63060051,63060070,2025-12-11 10:44,26,10,1680000,16,gwtLszhLm4,0,2,55,0,34,18,0,7,6,60000,com.sec.android.app.shealth,32400000,2,1,92.0,,,,,
2025-12-13 14:28,14,38,9.0,11.0,0,0,16,3,1,0,6,6.0,1970-01-02 08:00,65,10,65,2025-12-13 13:23,8,2025-12-13 14:28,0,78,3,1970-01-01 16:00,f8e1d90b-d62f-45b0-b85f-934ef756339c,65,63060051,63060070,2025-12-13 14:28,26,8,780000,16,gwtLszhLm4,0,3,54,0,34,18,0,3,6,660000,com.sec.android.app.shealth,32400000,2,1,95.0,,,,,
2025-12-08 04:28,14,56,41.0,21.0,0,0,16,35,5,0,5,51.0,1970-01-02 08:00,112,10,285,2025-12-07 23:43,11,2025-12-08 05:13,35,83,3,1970-01-01 16:00,b365fccf-ffbc-43d1-ba35-a5222b89c237,285,63060051,63060070,2025-12-08 04:28,26,24,840000,16,gwtLszhLm4,2,0,191,1,34,18,4,8,6,720000,com.sec.android.app.shealth,32400000,2,16,88.0,b149088e-67d6-4d1e-bf38-1a77602f5853,,,,
2025-12-14 16:10,1,16,6.0,11.0,0,0,6,3,2,0,6,6.0,1970-01-02 08:00,64,10,64,2025-12-14 15:06,0,2025-12-14 16:10,0,93,3,1970-01-01 16:00,4f80f4c3-7131-45c3-98dc-b8f3080e0abb,64,63060051,63060070,2025-12-14 16:10,26,0,60000,16,gwtLszhLm4,0,4,61,0,34,18,0,3,6,1380000,com.sec.android.app.shealth,32400000,2,1,94.0,,,,,
2025-12-11 09:05,11,67,58.0,22.0,0,0,10,40,20,0,6,82.0,1970-01-02 08:00,130,10,406,2025-12-11 02:19,18,2025-12-11 09:05,74,79,3,1970-01-01 16:00,165dcc0d-538f-4420-8506-ef53f03ac381,406,63060051,63060070,2025-12-11 09:05,26,25,3120000,16,gwtLszhLm4,5,0,267,5,34,18,9,12,6,780000,com.sec.android.app.shealth,32400000,2,20,91.0,,,,,
2025-12-20 12:09,16,55,32.0,9.0,0,0,6,10,3,0,6,69.0,1970-01-02 08:00,62,10,191,2025-12-20 08:58,0,2025-12-20 12:09,39,94,2,1970-01-01 16:00,2e1e0bdb-bba7-40bd-964a-853db127ba79,191,63060051,63070030,2025-12-20 12:09,26,26,60000,16,gwtLszhLm4,1,0,116,3,34,18,0,2,6,1380000,com.sec.android.app.shealth,32400000,2,24,94.0,,,,,
2025-12-13 11:38,16,49,16.0,13.0,0,0,6,10,2,0,6,43.0,1970-01-02 08:00,56,10,134,2025-12-13 09:24,0,2025-12-13 11:38,19,91,3,1970-01-01 16:00,eb6a4c4e-7374-41a3-82cf-7afbc6f7952f,134,63060051,63060070,2025-12-13 11:38,26,13,60000,16,gwtLszhLm4,3,0,92,1,34,18,0,3,6,1380000,com.sec.android.app.shealth,32400000,2,19,92.0,,,,,
2025-12-13 13:11,16,34,10.0,10.0,0,0,9,4,2,0,6,7.0,1970-01-02 08:00,92,10,92,2025-12-13 11:39,8,2025-12-13 13:11,1,93,3,1970-01-01 16:00,07774355-9fbe-463f-9b3f-109722716714,92,63060051,63060070,2025-12-13 13:11,26,8,120000,16,gwtLszhLm4,1,2,79,0,34,18,0,4,6,1320000,com.sec.android.app.shealth,32400000,2,1,95.0,,,,,
2025-12-17 02:13,13,28,7.0,3.0,0,0,6,1,2,0,6,6.0,1970-01-02 08:00,59,10,59,2025-12-17 01:14,4,2025-12-17 07:00,0,96,2,1970-01-01 16:00,f7a24a9f-4114-4e69-b9a0-4a018c2ecb50,59,63060051,63070030,2025-12-17 02:13,26,4,60000,16,gwtLszhLm4,0,4,54,0,34,18,0,1,6,1380000,com.sec.android.app.shealth,32400000,2,1,98.0,fc8ee303-8a32-46bc-b127-6f1e66fb2aac,,,,
2025-12-14 15:06,15,41,18.0,17.0,0,0,16,10,2,0,6,9.0,1970-01-02 08:00,123,10,123,2025-12-14 13:03,18,2025-12-14 15:06,2,85,3,1970-01-01 16:00,969afc98-c301-42ff-b80b-f77ce4dddd5f,123,63060051,63060070,2025-12-14 15:06,26,18,540000,16,gwtLszhLm4,1,1,93,0,34,18,0,10,6,900000,com.sec.android.app.shealth,32400000,2,2,92.0,,,,,
2025-12-10 08:41,16,65,56.0,9.0,0,0,16,13,4,0,6,85.0,1970-01-02 08:00,108,10,230,2025-12-10 04:51,39,2025-12-10 08:41,63,91,3,1970-01-01 16:00,635be6f8-dd90-4b3b-ac6b-f8ec360b4f26,230,63060051,63060070,2025-12-10 08:41,26,45,420000,16,gwtLszhLm4,2,0,109,3,34,18,0,3,6,780000,com.sec.android.app.shealth,32400000,2,23,94.0,e839fd7e-5530-433c-b79f-4985d8dbf59e,,,,
2025-12-17 01:14,11,35,20.0,6.0,0,0,16,2,1,0,6,7.0,1970-01-02 08:00,72,10,72,2025-12-17 00:02,29,2025-12-17 07:00,0,76,2,1970-01-01 16:00,b0d8d7f9-9556-4b9a-9f13-fb92ae735434,72,63060051,63070030,2025-12-17 01:14,26,29,1200000,16,gwtLszhLm4,0,2,41,0,34,18,0,2,6,600000,com.sec.android.app.shealth,32400000,2,1,97.0,fc8ee303-8a32-46bc-b127-6f1e66fb2aac,,,,
2025-12-19 08:13,14,68,91.0,10.0,0,0,5,18,23,,6,93.0,1970-01-02 08:00,86,10,399,2025-12-19 01:29,18,2025-12-19 08:13,107,80,2,1970-01-01 16:00,1bef857a-5484-455c-88cb-9acfa7a2bf25,399,63070030,63070030,2025-12-19 08:08,26,76,4560000,16,S/po1T0A5u,5,0,198,4,34,18,0,5,6,,com.sec.android.app.shealth,32400000,2,20,96.0,,,,,1
2025-12-15 21:11,13,55,14.0,11.0,0,0,16,7,1,0,6,54.0,1970-01-02 08:00,93,10,125,2025-12-15 19:06,5,2025-12-15 21:11,22,76,2,1970-01-01 16:00,3ba65e69-8068-432e-b17e-de9db2363055,125,63060051,63060070,2025-12-15 21:11,26,11,1680000,16,gwtLszhLm4,1,0,85,0,34,18,0,5,6,780000,com.sec.android.app.shealth,32400000,2,19,95.0,,,,,
2025-12-14 12:55,15,80,82.0,17.0,0,0,16,27,21,0,6,91.0,1970-01-02 08:00,190,10,384,2025-12-14 06:31,42,2025-12-14 12:55,99,87,3,1970-01-01 16:00,5b96e09a-2b25-4687-a8b0-47df575b03d7,384,63060051,63060070,2025-12-14 12:55,26,57,1320000,16,gwtLszhLm4,4,0,201,5,34,18,5,16,6,1140000,com.sec.android.app.shealth,32400000,2,22,93.0,,,,,
2025-12-17 05:24,16,55,32.0,12.0,0,0,6,12,3,0,6,72.0,1970-01-02 08:00,104,10,191,2025-12-17 02:13,27,2025-12-17 07:00,42,92,2,1970-01-01 16:00,a2a21302-2218-4b4f-a06b-a9b51960dbb7,191,63060051,63070030,2025-12-17 05:24,26,27,60000,16,gwtLszhLm4,2,0,110,3,34,18,0,6,6,1380000,com.sec.android.app.shealth,32400000,2,24,93.0,fc8ee303-8a32-46bc-b127-6f1e66fb2aac,,,,
2025-12-15 23:12,13,29,11.0,21.0,0,0,6,10,2,0,6,9.0,1970-01-02 08:00,121,10,121,2025-12-15 21:11,8,2025-12-15 23:12,2,90,2,1970-01-01 16:00,78d60c1e-696d-4cc9-a958-b92e01061860,121,63060051,63060070,2025-12-15 23:12,26,8,60000,16,gwtLszhLm4,1,0,101,0,34,18,5,10,6,1380000,com.sec.android.app.shealth,32400000,2,2,91.0,,,,,
2025-12-19 05:00,12,42,33.0,14.0,0,0,5,15,2,0,6,71.0,1970-01-02 08:00,82,10,211,2025-12-19 01:29,2,2025-12-19 08:13,44,68,2,1970-01-01 16:00,bd1f30b5-2e26-49f1-a780-b7c2b59756c1,211,63060051,63070030,2025-12-19 05:00,26,24,4560000,16,gwtLszhLm4,3,0,128,2,34,18,0,6,6,1200000,com.sec.android.app.shealth,32400000,2,17,94.0,,,,1bef857a-5484-455c-88cb-9acfa7a2bf25,
2025-12-24 09:42,16,50,18.0,20.0,0,0,6,11,2,0,6,43.0,1970-01-02 08:00,111,10,126,2025-12-24 07:36,19,2025-12-24 09:42,19,90,2,1970-01-01 16:00,740494e0-f8e0-4a97-82d3-278ff7a217d2,126,63070031,63070030,2025-12-24 09:42,26,19,60000,16,gwtLszhLm4,2,1,77,0,34,18,3,9,6,1380000,com.sec.android.app.shealth,32400000,2,20,91.0,,,,,
2025-12-20 05:00,15,41,29.0,10.0,0,0,14,5,2,0,6,14.0,1970-01-02 08:00,84,10,115,2025-12-20 03:05,34,2025-12-20 12:09,5,92,2,1970-01-01 16:00,9e9c4cb9-d4f3-4ae0-81e8-21255b83bda7,115,63060051,63070030,2025-12-20 05:00,26,34,240000,16,gwtLszhLm4,1,1,71,1,34,18,0,4,6,900000,com.sec.android.app.shealth,32400000,2,4,95.0,395a061d-aa4d-48d7-ba04-62fce9d21e64,,,,
2025-12-19 08:13,16,48,41.0,20.0,0,0,6,18,2,300000,6,44.0,1970-01-02 08:00,79,10,189,2025-12-19 04:59,0,2025-12-19 08:13,25,89,2,1970-01-01 16:00,e4fc9f7a-8191-45d4-9cda-c99afd27813a,189,63060051,63070030,2025-12-19 08:08,26,37,60000,16,gwtLszhLm4,2,0,109,2,34,18,3,7,6,1440000,com.sec.android.app.shealth,32400000,2,18,90.0,,,,1bef857a-5484-455c-88cb-9acfa7a2bf25,
2025-12-24 11:12,15,38,11.0,21.0,0,0,6,9,2,0,5,21.0,1970-01-02 08:00,90,10,90,2025-12-24 09:42,9,2025-12-24 11:12,8,88,2,1970-01-01 16:00,54dd2766-3976-4d6f-81d8-0786a275c485,90,63070031,63070030,2025-12-24 11:12,26,9,60000,16,gwtLszhLm4,0,2,64,1,34,18,0,9,6,1380000,com.sec.android.app.shealth,32400000,2,10,89.0,,,,,
2025-12-15 07:52,15,84,87.0,22.0,0,0,16,53,27,0,5,83.0,1970-01-02 08:00,155,10,461,2025-12-15 00:11,23,2025-12-15 07:52,76,85,2,1970-01-01 16:00,9f3cb897-cbf5-426c-8b1b-9638f3469614,461,63060051,63060070,2025-12-15 07:52,26,58,900000,16,gwtLszhLm4,5,0,274,7,34,18,11,13,6,1080000,com.sec.android.app.shealth,32400000,2,21,88.0,,,,,
2025-12-18 18:45,15,45,43.0,9.0,0,0,16,6,2,0,6,23.0,1970-01-02 08:00,91,10,157,2025-12-18 16:08,25,2025-12-18 18:45,10,92,2,1970-01-01 16:00,b2de7244-f7aa-41c3-b1fe-e05b156aa409,157,63060051,63070030,2025-12-18 18:45,26,43,360000,16,gwtLszhLm4,2,0,98,0,34,18,0,4,6,1020000,com.sec.android.app.shealth,32400000,2,6,96.0,,,,,
2025-12-17 07:00,15,48,12.0,8.0,0,0,16,5,1,0,6,23.0,1970-01-02 08:00,56,10,86,2025-12-17 05:34,13,2025-12-17 07:00,8,84,2,1970-01-01 16:00,8d39a15b-d5b6-42ee-bef2-23b23f820d8d,86,63060051,63070030,2025-12-17 07:00,26,13,600000,16,gwtLszhLm4,1,2,60,1,34,18,0,1,6,840000,com.sec.android.app.shealth,32400000,2,10,94.0,fc8ee303-8a32-46bc-b127-6f1e66fb2aac,,,,
2025-12-26 20:34,13,60,23.0,12.0,0,0,16,17,3,1380000,6,61.0,1970-01-02 08:00,110,10,204,2025-12-26 16:47,14,2025-12-26 20:34,36,88,2,1970-01-01 16:00,c1508066-cb30-4c56-a568-e51c96404546,204,63070031,63070030,2025-12-26 20:11,26,14,480000,16,gwtLszhLm4,1,0,137,0,34,18,0,4,6,960000,com.sec.android.app.shealth,32400000,2,22,91.0,,,,,
2025-12-18 21:50,15,56,35.0,18.0,0,0,16,11,2,0,6,46.0,1970-01-02 08:00,100,10,175,2025-12-18 18:55,30,2025-12-18 21:50,24,88,2,1970-01-01 16:00,54cf9126-9ff4-4f25-b6ec-feb06a08135e,175,63060051,63070030,2025-12-18 21:50,26,34,660000,16,gwtLszhLm4,2,0,106,0,34,18,6,8,6,780000,com.sec.android.app.shealth,32400000,2,17,94.0,,,,,
2025-12-26 14:58,15,88,93.0,13.0,0,0,16,42,29,0,6,95.0,1970-01-02 08:00,125,10,522,2025-12-26 06:09,33,2025-12-26 20:34,132,87,2,1970-01-01 16:00,d7011827-8ec1-45f2-a6cf-878aaf212ab1,522,63070031,63070030,2025-12-26 14:51,26,61,1440000,16,gwtLszhLm4,6,0,287,9,34,18,0,6,6,780000,com.sec.android.app.shealth,32400000,2,22,92.0,fbb2e6f5-823e-4c66-94b6-068bcd941bd8,2025-12-26 14:58,2025-12-26 06:09,,
2025-12-25 07:13,15,64,56.0,14.0,0,0,16,25,6,0,6,68.0,1970-01-02 08:00,89,10,287,2025-12-25 02:26,26,2025-12-25 07:13,48,85,2,1970-01-01 16:00,b9be66e7-2929-4440-b931-59140b46e261,287,63070031,63070030,2025-12-25 07:13,26,37,1200000,16,gwtLszhLm4,3,0,177,4,34,18,3,4,6,900000,com.sec.android.app.shealth,32400000,2,21,91.0,,,,,
2025-12-27 13:23,15,78,73.0,19.0,0,0,16,40,21,1500000,5,90.0,1970-01-02 08:00,77,10,405,2025-12-27 06:13,9,2025-12-27 21:32,98,84,2,1970-01-01 16:00,ffc3a419-e3c0-46ba-8a92-121c8fda7629,405,63070031,63070030,2025-12-27 12:58,26,42,1560000,16,gwtLszhLm4,3,0,225,3,34,18,9,5,6,960000,com.sec.android.app.shealth,32400000,2,21,90.0,ef45e725-a13f-4775-b3d3-11873da8d50d,,,,
2025-12-28 13:28,15,59,60.0,20.0,0,0,16,33,5,0,5,55.0,1970-01-02 08:00,80,10,277,2025-12-28 08:51,34,2025-12-28 13:28,38,85,2,1970-01-01 16:00,d52c4e68-48ce-4ac1-8ba0-7f4e4a07ecac,277,63070031,63070030,2025-12-28 13:28,26,43,540000,16,gwtLszhLm4,3,0,163,2,34,18,4,5,6,780000,com.sec.android.app.shealth,32400000,2,18,88.0,,,,,
2025-12-20 08:57,15,62,34.0,18.0,0,0,16,17,3,0,6,71.0,1970-01-02 08:00,72,10,222,2025-12-20 05:15,8,2025-12-20 12:09,45,86,2,1970-01-01 16:00,d1d78593-b5ea-4c60-bd77-69fccb599856,222,63060051,63070030,2025-12-20 08:57,26,25,900000,16,gwtLszhLm4,1,0,135,1,34,18,3,6,6,540000,com.sec.android.app.shealth,32400000,2,22,92.0,395a061d-aa4d-48d7-ba04-62fce9d21e64,,,,
2025-12-22 09:27,15,43,46.0,18.0,0,0,16,23,2,0,5,21.0,1970-01-02 08:00,81,10,211,2025-12-22 05:56,24,2025-12-22 09:27,11,86,2,1970-01-01 16:00,02f12389-28dd-437e-9ec4-37f01325a307,211,63060051,63070030,2025-12-22 09:27,26,39,420000,16,gwtLszhLm4,1,0,138,1,34,18,4,4,6,900000,com.sec.android.app.shealth,32400000,2,5,89.0,,,,,
2025-12-27 04:43,0,19,7.0,82.0,0,0,16,22,1,1740000,2,7.0,1970-01-02 08:00,75,10,75,2025-12-27 02:59,0,2025-12-27 21:32,0,57,2,1970-01-01 16:00,7f0f5e48-4171-4652-b5a5-3be8cf5601b9,75,63070031,63070030,2025-12-27 04:14,26,0,960000,16,gwtLszhLm4,0,3,53,0,34,18,16,22,6,900000,com.sec.android.app.shealth,32400000,2,0,75.0,ef45e725-a13f-4775-b3d3-11873da8d50d,,,,
2025-12-29 17:23,16,59,71.0,11.0,0,0,6,17,7,0,6,78.0,1970-01-02 08:00,105,10,278,2025-12-29 12:45,34,2025-12-29 17:23,57,93,2,1970-01-01 16:00,ec327931-7e9b-42b7-ab6c-fdfefb4b5866,278,63070031,63070030,2025-12-29 17:23,26,55,60000,16,gwtLszhLm4,3,0,149,2,34,18,0,5,6,1380000,com.sec.android.app.shealth,32400000,2,24,93.0,,,,,
2025-12-24 14:33,1,44,7.0,14.0,0,0,16,6,1,0,6,45.0,1970-01-02 08:00,30,10,82,2025-12-24 13:11,0,2025-12-24 14:33,14,81,2,1970-01-01 16:00,8312c448-6c0f-487d-9528-80ad30712fe5,82,63070031,63070030,2025-12-24 14:33,26,1,660000,16,gwtLszhLm4,1,2,61,1,34,18,0,2,6,780000,com.sec.android.app.shealth,32400000,2,20,93.0,,,,,
2025-12-26 06:11,14,40,23.0,34.0,0,0,16,30,2,1620000,5,15.0,1970-01-02 08:00,172,10,183,2025-12-26 02:41,18,2025-12-26 20:34,7,78,2,1970-01-01 16:00,eab5797b-141c-44be-8ca6-f91b0b8986dc,183,63070031,63070030,2025-12-26 05:44,26,18,660000,16,gwtLszhLm4,1,0,128,2,34,18,3,27,6,780000,com.sec.android.app.shealth,32400000,2,3,84.0,fbb2e6f5-823e-4c66-94b6-068bcd941bd8,,,,
2025-12-28 17:50,1,28,7.0,8.0,0,0,6,3,2,0,6,26.0,1970-01-02 08:00,75,10,75,2025-12-28 16:35,0,2025-12-28 17:50,8,94,2,1970-01-01 16:00,058fb5bc-dca2-4d27-97c5-0a27a14fad0e,75,63070031,63070030,2025-12-28 17:50,26,0,60000,16,gwtLszhLm4,0,2,64,0,34,18,0,3,6,1380000,com.sec.android.app.shealth,32400000,2,13,96.0,,,,,
2025-12-27 21:32,14,46,34.0,27.0,0,0,16,29,3,0,5,32.0,1970-01-02 08:00,160,10,239,2025-12-27 17:33,15,2025-12-27 21:32,19,79,2,1970-01-01 16:00,90a1af92-59c9-4823-a3b4-701cae32da2d,239,63070031,63070030,2025-12-27 21:32,26,24,1440000,16,gwtLszhLm4,2,0,167,0,34,18,5,19,6,780000,com.sec.android.app.shealth,32400000,2,8,88.0,,,,,
2026-01-02 17:48,10,53,41.0,13.0,0,0,9,19,8,0,6,89.0,1970-01-02 08:00,59,10,307,2026-01-02 12:41,4,2026-01-02 17:48,83,79,2,1970-01-01 16:00,148a153d-7298-49f4-9ed7-a3bc34fa3d20,307,63070031,63070030,2026-01-02 17:48,26,19,3240000,16,gwtLszhLm4,5,0,186,3,34,18,0,4,6,1200000,com.sec.android.app.shealth,32400000,2,20,94.0,,,,,
2025-12-24 07:35,16,45,46.0,11.0,0,0,14,11,2,0,6,26.0,1970-01-02 08:00,111,10,185,2025-12-24 04:30,36,2025-12-24 07:35,13,92,2,1970-01-01 16:00,d3829d97-1bb1-448d-882b-40b08765188a,185,63070031,63070030,2025-12-24 07:35,26,42,240000,16,gwtLszhLm4,1,0,119,0,34,18,0,5,6,960000,com.sec.android.app.shealth,32400000,2,7,94.0,,,,,
2025-12-29 19:48,16,44,21.0,13.0,0,0,9,11,2,0,6,29.0,1970-01-02 08:00,88,10,144,2025-12-29 17:24,20,2025-12-29 19:48,14,90,2,1970-01-01 16:00,ea4a43cf-4ab6-487a-a1b8-7e90ccc961ba,144,63070031,63070030,2025-12-29 19:48,26,20,120000,16,gwtLszhLm4,2,0,99,0,34,18,0,4,6,1320000,com.sec.android.app.shealth,32400000,2,11,92.0,,,,,
2026-01-07 16:44,16,91,97.0,17.0,0,0,16,40,30,0,6,95.0,1970-01-02 08:00,121,10,538,2026-01-07 07:46,52,2026-01-07 16:44,127,91,2,1970-01-01 16:00,14eeb74e-753c-418e-b061-7bd8a32c7377,538,63070031,63070030,2026-01-07 16:44,26,91,480000,16,gwtLszhLm4,6,0,280,6,34,18,4,11,6,840000,com.sec.android.app.shealth,32400000,2,23,92.0,,,,,
2025-12-31 05:02,5,59,40.0,17.0,0,0,15,33,12,0,6,81.0,1970-01-02 08:00,140,10,344,2025-12-30 23:18,12,2025-12-31 14:49,70,82,2,1970-01-01 16:00,194e19ef-a73c-4844-a843-b6dfc45b4d3f,344,63070031,63070030,2025-12-31 05:02,26,12,1980000,16,gwtLszhLm4,2,0,229,5,34,18,0,11,6,600000,com.sec.android.app.shealth,32400000,2,21,91.0,6ff577f6-a21b-4e75-a01d-af5d7ca43cc1,,,,
2026-01-05 11:13,13,37,43.0,35.0,0,0,16,28,2,0,5,13.0,1970-01-02 08:00,184,10,184,2026-01-05 08:09,42,2026-01-05 11:13,1,79,2,1970-01-01 16:00,57d8fce7-9956-4d8f-9d01-092b3dd89a0f,184,63070031,63070030,2026-01-05 11:13,26,42,660000,16,gwtLszhLm4,1,0,113,1,34,18,8,28,6,660000,com.sec.android.app.shealth,32400000,2,1,85.0,,,,,
2026-01-08 05:19,,,,,,-1,,,,0,,,,,,,2026-01-08 05:14,,2026-01-08 05:19,,,,,980100df-4281-4d66-b5ad-d1d0d21252a5,,63070031,63070031,2026-01-08 05:19,,,2940000,,gwtLszhLm4,,,,,,,,,,300000,com.sec.android.app.shealth,32400000,,,,,,,,
2026-01-02 07:32,7,14,34.0,19.0,0,0,0,10,1,0,6,9.0,1970-01-02 08:00,129,10,129,2026-01-02 05:23,38,2026-01-02 07:32,0,43,2,1970-01-01 16:00,e3506df6-825d-401a-bb56-9a4b6daa21c7,129,63070031,63070030,2026-01-02 07:32,26,38,8580000,16,gwtLszhLm4,0,0,81,0,34,18,3,10,6,1140000,com.sec.android.app.shealth,32400000,2,0,96.0,,,,,
2026-01-11 06:34,14,69,84.0,11.0,0,0,9,27,19,0,6,89.0,1970-01-02 08:00,102,10,382,2026-01-11 00:12,16,2026-01-11 06:34,92,80,-1,1970-01-01 16:00,f51e1e21-fe44-4cd1-9737-e0a72c709bda,382,63070031,63070030,2026-01-11 06:34,26,59,3420000,16,gwtLszhLm4,4,0,204,6,34,18,0,4,6,840000,com.sec.android.app.shealth,32400000,2,21,93.0,,,,,
2026-01-05 16:30,15,30,30.0,14.0,0,0,6,8,2,0,6,9.0,1970-01-02 08:00,121,10,121,2026-01-05 14:29,35,2026-01-05 16:30,0,92,2,1970-01-01 16:00,6dbf33d8-42d7-4035-b6f6-a1893490bbb5,121,63070031,63070030,2026-01-05 16:30,26,35,60000,16,gwtLszhLm4,1,1,78,0,34,18,0,8,6,1380000,com.sec.android.app.shealth,32400000,2,1,93.0,,,,,
2026-01-02 11:47,15,49,49.0,41.0,0,0,6,29,4,0,5,55.0,1970-01-02 08:00,42,10,255,2026-01-02 07:32,0,2026-01-02 11:47,36,88,2,1970-01-01 16:00,e4fa0fdf-8d0f-4e37-b07c-8dd492e478dc,255,63070031,63070030,2026-01-02 11:47,26,36,60000,16,gwtLszhLm4,3,0,154,3,34,18,6,11,6,1380000,com.sec.android.app.shealth,32400000,2,19,88.0,,,,,
2026-01-01 15:17,13,61,93.0,23.0,0,0,1,60,24,0,5,92.0,1970-01-02 08:00,133,10,545,2026-01-01 06:12,31,2026-01-02 07:32,111,72,2,1970-01-01 16:00,b884f337-42e6-42f0-a585-c9b7fe562da6,545,63070031,63070030,2026-01-01 15:17,26,63,7380000,16,gwtLszhLm4,5,0,311,6,34,18,5,15,6,840000,com.sec.android.app.shealth,32400000,2,18,91.0,,,,,
2026-01-03 18:39,13,64,73.0,24.0,0,0,10,49,16,0,5,80.0,1970-01-02 08:00,117,10,393,2026-01-03 12:06,13,2026-01-03 18:39,71,77,2,1970-01-01 16:00,4d0a2652-a26b-42c9-bffe-01cbc9def78b,393,63070031,63070030,2026-01-03 18:39,26,41,3120000,16,gwtLszhLm4,7,0,232,6,34,18,4,12,6,780000,com.sec.android.app.shealth,32400000,2,20,88.0,,,,,
2026-01-07 18:04,1,16,7.0,9.0,0,0,6,3,2,0,6,7.0,1970-01-02 08:00,79,10,79,2026-01-07 16:45,0,2026-01-07 18:04,0,94,2,1970-01-01 16:00,f36ea728-9e6e-4d28-8ad3-3fded9e223fa,79,63070031,63070030,2026-01-07 18:04,26,0,60000,16,gwtLszhLm4,1,2,76,0,34,18,0,3,6,1380000,com.sec.android.app.shealth,32400000,2,1,95.0,,,,,
2026-01-13 01:39,16,37,15.0,16.0,0,0,12,10,2,0,6,9.0,1970-01-02 08:00,131,10,131,2026-01-12 23:28,12,2026-01-13 05:35,0,89,-1,1970-01-01 16:00,560df126-2dea-4b0b-8753-211d43e2ee0b,131,63070031,63070030,2026-01-13 01:39,26,12,180000,16,gwtLszhLm4,1,0,109,0,34,18,0,10,6,1020000,com.sec.android.app.shealth,32400000,2,1,92.0,f2fba475-da62-4c83-a344-59b05b026b09,,,,
2026-01-06 17:55,15,54,12.0,15.0,0,0,12,7,2,0,6,42.0,1970-01-02 08:00,68,10,116,2026-01-06 15:59,0,2026-01-06 17:55,17,91,2,1970-01-01 16:00,bcab427c-3f87-4b59-819f-b853cd09b0e8,116,63070031,63070030,2026-01-06 17:55,26,9,180000,16,gwtLszhLm4,1,1,83,0,34,18,0,6,6,960000,com.sec.android.app.shealth,32400000,2,19,93.0,,,,,
2026-01-06 02:33,,,,,,0,,,,0,,,,,,,2026-01-06 01:26,,2026-01-06 02:33,,,,,b7184851-3eb8-44f6-8c96-b45e61b7c7b9,,63070031,63070031,2026-01-06 02:33,,,60000,,gwtLszhLm4,,,,,,,,,,1380000,com.sec.android.app.shealth,32400000,,,,,,,,
2025-12-31 14:49,13,65,89.0,13.0,0,0,2,38,25,0,6,93.0,1970-01-02 08:00,70,10,486,2025-12-31 06:43,16,2025-12-31 14:49,113,76,2,1970-01-01 16:00,671b7195-3943-4ef8-8899-f27a7326545f,486,63070031,63070030,2025-12-31 14:49,26,55,6060000,16,gwtLszhLm4,4,0,280,9,34,18,0,4,6,1380000,com.sec.android.app.shealth,32400000,2,19,93.0,6ff577f6-a21b-4e75-a01d-af5d7ca43cc1,,,,
2026-01-13 05:35,15,34,33.0,29.0,0,0,6,26,2,0,5,19.0,1970-01-02 08:00,50,10,181,2026-01-13 02:34,0,2026-01-13 05:35,10,85,-1,1970-01-01 16:00,0ec96599-0fc8-4ec9-adb5-4a39fc60c42a,181,63070031,63070030,2026-01-13 05:35,26,30,60000,16,gwtLszhLm4,3,0,115,1,34,18,4,6,6,1380000,com.sec.android.app.shealth,32400000,2,6,85.0,f2fba475-da62-4c83-a344-59b05b026b09,,,,
2026-01-04 02:35,13,51,28.0,11.0,0,0,11,13,2,0,6,66.0,1970-01-02 08:00,90,10,210,2026-01-03 23:05,5,2026-01-04 02:36,39,76,2,1970-01-01 16:00,662144bb-73db-48a4-98d8-cd451e45248d,210,63070031,63070030,2026-01-04 02:35,26,19,2820000,16,gwtLszhLm4,2,0,139,0,34,18,0,4,6,780000,com.sec.android.app.shealth,32400000,2,19,94.0,,,,,
2026-01-13 02:34,4,19,6.0,7.0,0,0,6,2,2,0,6,6.0,1970-01-02 08:00,54,10,54,2026-01-13 01:40,1,2026-01-13 05:35,0,94,-1,1970-01-01 16:00,e8d6fbd1-688f-4f7b-9253-6835560bb43c,54,63070031,63070030,2026-01-13 02:34,26,1,60000,16,gwtLszhLm4,0,4,51,0,34,18,0,2,6,1380000,com.sec.android.app.shealth,32400000,2,1,96.0,f2fba475-da62-4c83-a344-59b05b026b09,,,,
2026-01-05 14:28,16,55,32.0,13.0,0,0,6,13,3,0,6,82.0,1970-01-02 08:00,71,10,195,2026-01-05 11:13,0,2026-01-05 14:28,53,92,2,1970-01-01 16:00,06ff1738-6779-4221-b565-15df108df268,195,63070031,63070030,2026-01-05 14:28,26,25,60000,16,gwtLszhLm4,2,0,104,2,34,18,0,4,6,1380000,com.sec.android.app.shealth,32400000,2,24,93.0,,,,,
2026-01-12 00:18,12,57,94.0,16.0,0,0,0,35,22,0,6,86.0,1970-01-02 08:00,252,10,456,2026-01-11 16:42,61,2026-01-12 00:18,83,67,-1,1970-01-01 16:00,4e768be7-72a4-4b43-bd90-814a02b49a14,456,63070031,63070030,2026-01-12 00:18,26,82,10080000,16,gwtLszhLm4,4,0,256,6,34,18,4,18,6,780000,com.sec.android.app.shealth,32400000,2,17,94.0,,,,,
2026-01-08 04:25,10,28,27.0,20.0,0,0,3,16,1,0,5,32.0,1970-01-02 08:00,77,10,149,2026-01-08 01:56,13,2026-01-08 04:25,16,55,2,1970-01-01 16:00,f52b5fba-6c0b-49c1-9588-77985cb773eb,149,63070031,63070030,2026-01-08 04:25,26,27,5340000,16,gwtLszhLm4,1,0,90,2,34,18,0,7,6,780000,com.sec.android.app.shealth,32400000,2,9,93.0,,,,,
2026-01-10 20:43,16,74,73.0,19.0,0,0,16,16,13,0,6,88.0,1970-01-02 08:00,26,10,328,2026-01-10 15:15,0,2026-01-10 20:43,81,89,2,1970-01-01 16:00,76daf273-ff1b-407f-bd6d-707a2dfeb716,328,63070031,63070030,2026-01-10 20:43,26,51,1140000,16,gwtLszhLm4,4,0,180,2,34,18,3,3,6,600000,com.sec.android.app.shealth,32400000,2,23,95.0,,,,,
2026-01-14 09:41,15,81,83.0,19.0,0,0,16,41,23,0,5,86.0,1970-01-02 08:00,84,10,407,2026-01-14 02:54,27,2026-01-14 09:42,84,88,3,1970-01-01 16:00,8222c089-93ac-48b6-a051-0426027e97fe,407,63070031,63070030,2026-01-14 09:41,26,59,420000,16,gwtLszhLm4,3,0,223,5,34,18,17,4,6,840000,com.sec.android.app.shealth,32400000,2,22,90.0,,,,,
2026-01-19 05:32,15,63,62.0,15.0,0,0,16,18,4,0,6,74.0,1970-01-02 08:00,126,10,242,2026-01-19 01:30,14,2026-01-19 08:06,51,84,3,1970-01-01 16:00,bffc5209-302a-4967-a7d4-55cc72756d0f,242,63070031,63070030,2026-01-19 05:32,26,50,1320000,16,gwtLszhLm4,4,0,123,2,34,18,0,9,6,900000,com.sec.android.app.shealth,32400000,2,22,92.0,3cc5754a-285d-4ecc-80e9-92424463f49d,,,,
2026-01-15 08:19,8,53,19.0,16.0,0,0,16,15,2,0,6,81.0,1970-01-02 08:00,57,10,194,2026-01-15 05:05,0,2026-01-15 08:19,52,84,3,1970-01-01 16:00,8648de6a-a4ab-4620-aac4-e35f19aa8601,194,63070031,63070030,2026-01-15 08:19,26,9,1080000,16,gwtLszhLm4,4,0,118,1,34,18,0,4,6,1020000,com.sec.android.app.shealth,32400000,2,21,92.0,,,,,
2026-01-16 05:22,15,85,84.0,19.0,0,0,16,41,26,0,6,90.0,1970-01-02 08:00,177,10,436,2026-01-15 22:06,17,2026-01-16 05:22,100,84,3,1970-01-01 16:00,221d5648-485d-41ab-a595-1319530cb82d,436,63070031,63070030,2026-01-16 05:22,26,52,1740000,16,gwtLszhLm4,5,0,243,4,34,18,6,13,6,1320000,com.sec.android.app.shealth,32400000,2,22,91.0,,,,,
2026-01-22 11:50,15,61,22.0,6.0,0,0,16,7,2,0,6,71.0,1970-01-02 08:00,36,10,150,2026-01-22 09:20,0,2026-01-22 11:50,35,86,3,1970-01-01 16:00,6733d8dd-8104-46eb-a76b-eb5cec12b327,150,63070031,63070030,2026-01-22 11:50,26,20,840000,16,gwtLszhLm4,2,0,88,1,34,18,0,0,6,600000,com.sec.android.app.shealth,32400000,2,22,95.0,,,,,
2026-01-23 12:44,14,69,98.0,22.0,0,0,6,67,24,0,5,97.0,1970-01-02 08:00,160,10,650,2026-01-23 01:54,34,2026-01-23 12:44,167,80,3,1970-01-01 16:00,72a0da8a-b14c-4fde-8b8d-121676ecb991,650,63070031,63070030,2026-01-23 12:44,26,92,4320000,16,gwtLszhLm4,8,0,324,21,34,18,16,15,6,540000,com.sec.android.app.shealth,32400000,2,20,90.0,,,,,
2026-01-16 10:28,8,19,27.0,27.0,0,0,0,20,1,0,5,26.0,1970-01-02 08:00,104,10,170,2026-01-16 07:38,26,2026-01-16 10:28,14,48,3,1970-01-01 16:00,45b73abc-4e9c-40a9-9b05-7985c5f076c2,170,63070031,63070030,2026-01-16 10:28,26,26,8160000,16,gwtLszhLm4,2,0,110,1,34,18,6,11,6,780000,com.sec.android.app.shealth,32400000,2,5,93.0,,,,,
2026-01-24 12:19,13,37,13.0,7.0,0,0,16,2,1,0,6,6.0,1970-01-02 08:00,61,10,61,2026-01-24 11:18,18,2026-01-24 12:19,0,79,3,1970-01-01 16:00,4526d188-7647-4393-97fb-31ac3cf24bf3,61,63070031,63070030,2026-01-24 12:19,26,18,780000,16,gwtLszhLm4,0,3,41,0,34,18,0,2,6,780000,com.sec.android.app.shealth,32400000,2,1,97.0,,,,,
2026-01-17 00:27,15,59,69.0,14.0,0,0,16,22,7,0,6,57.0,1970-01-02 08:00,103,10,297,2026-01-16 19:30,30,2026-01-17 00:27,37,86,3,1970-01-01 16:00,37e0f8c5-a5b3-4589-aa16-c8c8a3fd1550,297,63070031,63070030,2026-01-17 00:27,26,49,1320000,16,gwtLszhLm4,3,0,189,1,34,18,0,6,6,900000,com.sec.android.app.shealth,32400000,2,15,92.0,,,,,
2026-01-17 10:04,11,30,38.0,11.0,0,0,3,11,1,0,6,38.0,1970-01-02 08:00,99,10,183,2026-01-17 07:01,27,2026-01-17 10:04,20,62,3,1970-01-01 16:00,422bfc00-2a34-4400-855a-22b56d14e82f,183,63070031,63070030,2026-01-17 10:04,26,35,5400000,16,gwtLszhLm4,2,0,117,0,34,18,3,3,6,1080000,com.sec.android.app.shealth,32400000,2,9,95.0,,,,,
2026-01-28 23:25,16,91,88.0,17.0,0,0,16,36,30,0,6,92.0,1970-01-02 08:00,125,10,490,2026-01-28 15:15,26,2026-01-28 23:25,110,90,-1,1970-01-01 16:00,b3393586-8253-4cda-917f-2feddab6b422,490,63070031,63070030,2026-01-28 23:25,26,53,600000,16,gwtLszhLm4,4,0,291,5,34,18,4,11,6,1020000,com.sec.android.app.shealth,32400000,2,23,92.0,,,,,
2026-01-19 08:06,9,47,14.0,13.0,0,0,6,10,2,0,6,61.0,1970-01-02 08:00,75,10,153,2026-01-19 05:33,6,2026-01-19 08:06,29,92,3,1970-01-01 16:00,2704cea2-2b6a-4730-840d-9257c99d2013,153,63070031,63070030,2026-01-19 08:06,26,7,60000,16,gwtLszhLm4,2,0,107,2,34,18,0,5,6,1380000,com.sec.android.app.shealth,32400000,2,24,93.0,3cc5754a-285d-4ecc-80e9-92424463f49d,,,,
2026-01-24 13:30,13,34,19.0,10.0,0,0,12,3,2,0,6,7.0,1970-01-02 08:00,69,10,69,2026-01-24 12:21,27,2026-01-24 13:30,0,90,3,1970-01-01 16:00,17ed31c4-59af-475d-9461-80b7a27008ef,69,63070031,63070030,2026-01-24 13:30,26,27,180000,16,gwtLszhLm4,0,4,39,0,34,18,0,3,6,1260000,com.sec.android.app.shealth,32400000,2,1,95.0,,,,,
2026-01-22 09:06,15,50,39.0,9.0,0,0,16,7,2,0,6,32.0,1970-01-02 08:00,101,10,159,2026-01-22 06:27,38,2026-01-22 09:06,15,90,3,1970-01-01 16:00,b95fc5bc-e2b2-4ab4-8da4-69875a711077,159,63070031,63070030,2026-01-22 09:06,26,38,540000,16,gwtLszhLm4,2,0,99,0,34,18,0,4,6,660000,com.sec.android.app.shealth,32400000,2,11,95.0,,,,,
2026-01-28 03:07,12,46,19.0,11.0,0,0,10,9,1,0,6,60.0,1970-01-02 08:00,133,10,136,2026-01-28 00:51,18,2026-01-28 03:07,27,67,-1,1970-01-01 16:00,ced9cb58-3c8a-4bbc-b5dc-ce001dfa7bf7,136,63070031,63070030,2026-01-28 03:07,26,18,3060000,16,gwtLszhLm4,1,0,82,0,34,18,0,6,6,1140000,com.sec.android.app.shealth,32400000,2,17,95.0,,,,,
2026-01-20 14:48,16,39,29.0,12.0,0,0,6,6,2,0,6,25.0,1970-01-02 08:00,59,10,123,2026-01-20 12:45,5,2026-01-20 14:49,10,94,3,1970-01-01 16:00,74bfcb31-724d-45ab-8113-2dd1a44b5c81,123,63070031,63070030,2026-01-20 14:48,26,32,60000,16,gwtLszhLm4,1,1,75,1,34,18,0,4,6,1440000,com.sec.android.app.shealth,32400000,2,9,95.0,,,,,
2026-01-25 10:58,13,38,34.0,11.0,0,0,16,5,2,0,6,8.0,1970-01-02 08:00,104,10,104,2026-01-25 09:14,42,2026-01-25 10:58,0,88,3,1970-01-01 16:00,7477f8bb-4cda-411c-bf6e-ceab71c053d7,104,63070031,63070030,2026-01-25 10:58,26,42,420000,16,gwtLszhLm4,1,1,57,0,34,18,0,5,6,720000,com.sec.android.app.shealth,32400000,2,1,95.0,,,,,
2026-01-29 15:34,0,23,6.0,29.0,0,0,16,7,1,0,5,6.0,1970-01-02 08:00,65,10,65,2026-01-29 14:29,0,2026-01-29 15:34,0,74,-1,1970-01-01 16:00,9759830f-0246-4b27-9b6b-68b146afe70a,65,63070031,63070030,2026-01-29 15:34,26,0,720000,16,gwtLszhLm4,0,3,58,0,34,18,4,7,6,720000,com.sec.android.app.shealth,32400000,2,1,90.0,,,,,
2026-01-31 20:51,15,50,18.0,8.0,0,0,16,5,2,0,6,27.0,1970-01-02 08:00,66,10,111,2026-01-31 19:00,20,2026-01-31 20:51,11,86,-1,1970-01-01 16:00,d53c3414-6dda-46f7-804a-b074c29e054d,111,63070031,63070030,2026-01-31 20:51,26,20,660000,16,gwtLszhLm4,2,0,75,0,34,18,0,2,6,780000,com.sec.android.app.shealth,32400000,2,11,95.0,,,,,
2026-01-24 17:20,16,52,46.0,13.0,0,0,9,17,3,0,6,52.0,1970-01-02 08:00,117,10,229,2026-01-24 13:31,20,2026-01-24 17:20,31,91,3,1970-01-01 16:00,4780393d-100d-464f-a230-7d630804764b,229,63070031,63070030,2026-01-24 17:20,26,36,120000,16,gwtLszhLm4,2,0,145,0,34,18,3,5,6,1320000,com.sec.android.app.shealth,32400000,2,18,92.0,,,,,
2026-01-29 21:13,5,53,36.0,14.0,0,0,6,27,13,0,6,88.0,1970-01-02 08:00,90,10,339,2026-01-29 15:34,11,2026-01-29 21:13,84,91,-1,1970-01-01 16:00,cc266445-3bac-4fc8-ab4c-4e589bbc2d1d,339,63070031,63070030,2026-01-29 21:13,26,11,60000,16,gwtLszhLm4,4,0,217,3,34,18,3,4,6,1380000,com.sec.android.app.shealth,32400000,2,23,91.0,,,,,
2026-02-03 02:45,15,50,32.0,15.0,0,0,16,17,2,0,6,33.0,1970-01-02 08:00,16,10,189,2026-02-02 23:36,0,2026-02-03 05:54,18,86,-1,1970-01-01 16:00,01797fb7-ff26-4f2a-b810-0ee4f91d1beb,189,63070031,63070030,2026-02-03 02:45,26,26,540000,16,gwtLszhLm4,3,0,128,3,34,18,0,1,6,900000,com.sec.android.app.shealth,32400000,2,11,91.0,11633ad7-abef-4906-9e4c-257b7130ae67,,,,
2026-01-25 18:20,14,60,44.0,20.0,0,0,6,19,10,0,6,83.0,1970-01-02 08:00,49,10,307,2026-01-25 13:13,0,2026-01-25 18:21,69,93,3,1970-01-01 16:00,780fc373-75cf-4fc3-b94f-3a56300663fe,307,63070031,63070030,2026-01-25 18:20,26,22,60000,16,gwtLszhLm4,3,0,197,4,34,18,0,7,6,1380000,com.sec.android.app.shealth,32400000,2,24,93.0,,,,,
2026-01-30 16:14,15,43,18.0,10.0,0,0,16,4,2,0,6,15.0,1970-01-02 08:00,79,10,94,2026-01-30 14:40,22,2026-01-30 16:14,5,87,-1,1970-01-01 16:00,a62e987a-6e9e-46bb-97a7-ebefd2f1bb05,94,63070031,63070030,2026-01-30 16:14,26,22,480000,16,gwtLszhLm4,2,2,63,0,34,18,0,4,6,900000,com.sec.android.app.shealth,32400000,2,4,95.0,,,,,
2026-01-25 13:13,16,35,27.0,14.0,0,0,6,10,2,0,6,18.0,1970-01-02 08:00,81,10,134,2026-01-25 10:59,21,2026-01-25 13:13,7,91,3,1970-01-01 16:00,761b5fc3-5acd-4219-aef9-71a75edc6a1e,134,63070031,63070030,2026-01-25 13:13,26,29,60000,16,gwtLszhLm4,1,0,88,1,34,18,0,5,6,1380000,com.sec.android.app.shealth,32400000,2,5,92.0,,,,,
2026-01-29 13:29,16,46,14.0,9.0,0,0,6,5,2,0,6,34.0,1970-01-02 08:00,106,10,106,2026-01-29 11:43,13,2026-01-29 13:29,13,94,-1,1970-01-01 16:00,989b26af-97af-42d7-b744-ab8b8f44f0aa,106,63070031,63070030,2026-01-29 13:29,26,13,60000,16,gwtLszhLm4,1,1,75,1,34,18,0,5,6,1380000,com.sec.android.app.shealth,32400000,2,16,95.0,,,,,
2026-02-01 17:08,1,14,8.0,26.0,0,0,7,10,1,0,5,7.0,1970-01-02 08:00,89,10,89,2026-02-01 15:39,2,2026-02-01 17:08,0,50,-1,1970-01-01 16:00,c0a6ede1-ec54-43ff-8d78-4cecc2ffc78b,89,63070031,63070030,2026-02-01 17:08,26,2,4080000,16,gwtLszhLm4,1,0,77,0,34,18,3,10,6,600000,com.sec.android.app.shealth,32400000,2,0,93.0,,,,,
2026-02-01 20:11,16,56,41.0,10.0,0,0,14,11,2,0,6,46.0,1970-01-02 08:00,116,10,180,2026-02-01 17:11,27,2026-02-01 20:11,24,91,-1,1970-01-01 16:00,860a7429-5677-4663-9f4b-5475e189a375,180,63070031,63070030,2026-02-01 20:11,26,38,240000,16,gwtLszhLm4,2,0,107,0,34,18,0,4,6,1200000,com.sec.android.app.shealth,32400000,2,18,93.0,,,,,
2026-01-31 23:37,16,51,19.0,13.0,0,0,6,12,2,0,6,52.0,1970-01-02 08:00,81,10,165,2026-01-31 20:52,4,2026-01-31 23:37,26,92,-1,1970-01-01 16:00,3f096e1a-cff9-4559-a768-2a5d488b2827,165,63070031,63070030,2026-01-31 23:37,26,14,60000,16,gwtLszhLm4,3,0,113,0,34,18,0,4,6,1380000,com.sec.android.app.shealth,32400000,2,21,92.0,,,,,
2026-02-03 05:46,16,57,35.0,11.0,0,0,12,13,2,0,6,53.0,1970-01-02 08:00,91,10,179,2026-02-03 02:47,24,2026-02-03 05:54,28,91,-1,1970-01-01 16:00,2a5dec4f-0b7d-4e0a-90b6-23cdb1ebbefa,179,63070031,63070030,2026-02-03 05:46,26,32,180000,16,gwtLszhLm4,3,0,106,0,34,18,0,3,6,1260000,com.sec.android.app.shealth,32400000,2,21,92.0,11633ad7-abef-4906-9e4c-257b7130ae67,,,,
2026-02-04 03:28,14,76,89.0,9.0,0,0,9,27,26,0,6,93.0,1970-01-02 08:00,93,10,426,2026-02-03 20:22,28,2026-02-04 03:28,111,82,-1,1970-01-01 16:00,17719f02-c058-42f5-9202-0100e2f6d15b,426,63070031,63070030,2026-02-04 03:28,26,63,3300000,16,gwtLszhLm4,5,0,225,7,34,18,0,2,6,1020000,com.sec.android.app.shealth,32400000,2,21,94.0,,,,,
2026-02-05 05:09,15,88,93.0,13.0,0,0,16,39,29,0,6,91.0,1970-01-02 08:00,111,10,479,2026-02-04 21:10,37,2026-02-05 05:09,105,88,-1,1970-01-01 16:00,4c727503-7f3f-47ff-bd8e-37129381f30c,479,63070031,63070030,2026-02-05 05:09,26,70,1200000,16,gwtLszhLm4,4,0,265,11,34,18,0,5,6,720000,com.sec.android.app.shealth,32400000,2,22,92.0,,,,,
2026-02-08 03:40,14,56,25.0,12.0,0,0,16,7,2,0,6,43.0,1970-01-02 08:00,95,10,112,2026-02-08 01:48,29,2026-02-08 10:42,17,84,-1,1970-01-01 16:00,42b65105-8aaa-4627-8360-bc36b38a27de,112,63070031,63070030,2026-02-08 03:40,26,29,780000,16,gwtLszhLm4,1,1,59,1,34,18,0,5,6,720000,com.sec.android.app.shealth,32400000,2,18,94.0,0f584022-33df-4628-ba12-9f5801afac68,,,,
2026-02-08 10:42,15,71,71.0,22.0,0,0,6,51,23,0,5,90.0,1970-01-02 08:00,73,10,422,2026-02-08 03:40,0,2026-02-08 10:42,103,87,3,1970-01-01 16:00,79f5a07a-0746-43c6-abd9-6af6990e3da6,422,63070031,63070030,2026-02-08 10:42,26,38,60000,16,gwtLszhLm4,4,0,230,7,34,18,14,5,6,1380000,com.sec.android.app.shealth,32400000,2,22,87.0,0f584022-33df-4628-ba12-9f5801afac68,,,,
2026-02-09 13:56,13,64,89.0,11.0,0,0,1,23,25,1380000,6,96.0,1970-01-02 08:00,115,10,452,2026-02-09 06:01,16,2026-02-09 13:58,134,75,3,1970-01-01 16:00,eeddafc2-d975-4c61-9a03-590ab5e111ff,452,63070031,63070030,2026-02-09 13:33,26,60,6780000,16,gwtLszhLm4,5,0,235,3,34,18,3,6,6,1200000,com.sec.android.app.shealth,32400000,2,19,95.0,,,,,
2026-02-10 15:26,16,90,87.0,20.0,0,0,16,35,30,0,6,85.0,1970-01-02 08:00,127,10,452,2026-02-10 07:54,29,2026-02-10 15:26,80,90,-1,1970-01-01 16:00,9e39f27c-e3f5-4bd0-85e9-14ebae33642c,452,63070031,63070030,2026-02-10 15:26,26,57,600000,16,gwtLszhLm4,4,0,280,5,34,18,6,14,6,1140000,com.sec.android.app.shealth,32400000,2,22,92.0,,,,,
2026-02-12 06:28,16,89,89.0,15.0,0,0,15,19,28,-1,6,90.0,1970-01-02 08:00,86,10,406,2026-02-11 21:39,31,2026-02-13 06:21,93,94,-1,1970-01-01 16:00,43ad580b-cc2c-4777-a9c0-af50137a443e,406,63070031,63070030,2026-02-12 04:25,26,70,300000,16,gwtLszhLm4,4,0,224,4,34,18,4,8,6,900000,com.sec.android.app.shealth,32400000,2,24,95.0,,,,,
2026-02-20 15:47,14,45,24.0,34.0,0,0,16,17,1,0,5,23.0,1970-01-02 08:00,87,10,133,2026-02-20 13:34,9,2026-02-20 15:47,11,79,-1,1970-01-01 16:00,4cdb6393-85c1-49a3-8607-bd4c90590abc,133,63070031,63070030,2026-02-20 15:47,26,27,780000,16,gwtLszhLm4,1,0,78,0,34,18,6,14,6,1080000,com.sec.android.app.shealth,32400000,2,9,88.0,,,,,
2026-02-13 15:11,16,84,99.0,19.0,0,0,16,57,23,1320000,6,98.0,1970-01-02 08:00,124,10,684,2026-02-13 02:58,42,2026-02-13 15:12,177,90,-1,1970-01-01 16:00,53911b17-7941-464d-bfad-b9b0948f522e,684,63070031,63070030,2026-02-13 14:22,26,105,600000,16,gwtLszhLm4,7,0,345,16,34,18,14,10,6,1140000,com.sec.android.app.shealth,32400000,2,23,91.0,,2026-02-13 14:49,2026-02-13 02:58,,
2026-02-15 14:05,14,60,65.0,15.0,0,0,11,26,9,0,6,88.0,1970-01-02 08:00,75,10,316,2026-02-15 08:49,17,2026-02-15 14:05,83,80,-1,1970-01-01 16:00,74e4d80e-1c4f-491e-a535-683cf49f77d0,316,63070031,63070030,2026-02-15 14:05,26,43,2760000,16,gwtLszhLm4,3,0,164,3,34,18,4,4,6,780000,com.sec.android.app.shealth,32400000,2,20,92.0,,,,,
2026-02-21 19:05,14,52,28.0,25.0,0,0,16,22,2,0,5,38.0,1970-01-02 08:00,151,10,179,2026-02-21 16:06,23,2026-02-21 19:05,21,81,-1,1970-01-01 16:00,4cd12b63-a15b-4b3d-80b0-a748987d6db6,179,63070031,63070030,2026-02-21 19:05,26,23,780000,16,gwtLszhLm4,1,0,113,2,34,18,0,19,6,660000,com.sec.android.app.shealth,32400000,2,15,88.0,,,,,
2026-02-19 10:06,15,40,23.0,12.0,0,0,16,7,2,0,6,9.0,1970-01-02 08:00,117,10,117,2026-02-19 08:09,27,2026-02-19 10:06,0,87,-1,1970-01-01 16:00,2efac37f-c573-445f-9d1c-146a7d36fff5,117,63070031,63070030,2026-02-19 10:06,26,27,540000,16,gwtLszhLm4,0,1,83,0,34,18,0,7,6,720000,com.sec.android.app.shealth,32400000,2,1,94.0,,,,,
2026-02-19 14:36,14,60,33.0,22.0,0,0,15,31,4,0,5,80.0,1970-01-02 08:00,103,10,261,2026-02-19 10:15,4,2026-02-20 15:47,63,86,-1,1970-01-01 16:00,258da34c-db9a-48e7-98f0-83bde1a3329d,261,63070031,63070030,2026-02-19 14:36,26,20,300000,16,gwtLszhLm4,2,0,147,7,34,18,8,7,6,1140000,com.sec.android.app.shealth,32400000,2,22,88.0,,,,,
2026-03-02 05:30,15,80,98.0,12.0,0,0,15,37,29,0,6,81.0,1970-01-02 08:00,322,10,521,2026-03-01 20:49,101,2026-03-02 05:31,64,87,2,1970-01-01 16:00,c264ed15-e6f8-4866-9fa6-6dc13d31fb40,521,63070031,63070030,2026-03-02 05:30,26,120,1860000,16,gwtLszhLm4,3,0,300,8,34,18,0,16,6,720000,com.sec.android.app.shealth,32400000,2,15,93.0,,,,,
2026-02-18 19:03,16,79,69.0,14.0,0,0,16,26,18,1500000,6,88.0,1970-01-02 08:00,218,10,363,2026-02-18 12:28,29,2026-02-18 22:34,85,90,-1,1970-01-01 16:00,d7b55573-9cf2-4438-94ca-3bcc9e83e81d,363,63070031,63070030,2026-02-18 18:31,26,40,600000,16,gwtLszhLm4,2,0,212,5,34,18,3,13,6,960000,com.sec.android.app.shealth,32400000,2,23,93.0,,2026-02-18 18:38,2026-02-18 12:28,,
2026-02-24 10:08,15,67,51.0,16.0,0,0,16,26,9,0,6,70.0,1970-01-02 08:00,106,10,314,2026-02-24 04:54,10,2026-02-24 10:09,51,88,-1,1970-01-01 16:00,bbd83deb-1cd8-4db5-905d-eaa81f582724,314,63070031,63070030,2026-02-24 10:08,26,27,660000,16,gwtLszhLm4,3,0,210,7,34,18,0,8,6,720000,com.sec.android.app.shealth,32400000,2,21,91.0,,,,,
2026-02-17 16:03,16,82,99.0,19.0,0,0,15,61,22,0,6,98.0,1970-01-02 08:00,75,10,694,2026-02-17 04:29,17,2026-02-17 16:03,179,90,-1,1970-01-01 16:00,aa6d713a-2083-4896-907f-2c867ae8f9f1,694,63070031,63070030,2026-02-17 16:03,26,106,300000,16,gwtLszhLm4,6,0,348,11,34,18,8,6,6,660000,com.sec.android.app.shealth,32400000,2,23,91.0,,,,,
2026-03-06 09:18,16,75,93.0,13.0,0,0,6,40,26,0,6,79.0,1970-01-02 08:00,76,10,424,2026-03-06 02:14,25,2026-03-06 09:18,68,90,2,1970-01-01 16:00,ed00203f-55fc-47d8-9b93-1495e8c3029c,424,63070031,63110130,2026-03-06 09:18,26,82,60000,16,gwtLszhLm4,5,0,234,6,34,18,5,2,6,660000,com.sec.android.app.shealth,32400000,2,21,90.0,,,,,
2026-02-21 20:22,0,26,7.0,10.0,0,0,16,3,1,0,6,12.0,1970-01-02 08:00,69,10,69,2026-02-21 19:13,0,2026-02-21 20:22,3,85,-1,1970-01-01 16:00,deaa44a1-fb31-431e-aecd-82fdce7df55b,69,63070031,63070030,2026-02-21 20:22,26,0,480000,16,gwtLszhLm4,1,2,63,0,34,18,0,3,6,960000,com.sec.android.app.shealth,32400000,2,3,95.0,,,,,
2026-02-24 16:48,0,33,6.0,5.0,0,0,13,1,1,0,6,89.0,1970-01-02 08:00,39,10,62,2026-02-24 15:46,0,2026-02-24 16:48,27,60,-1,1970-01-01 16:00,f3987d0e-7ad1-4503-8c54-06e2e90ebe24,62,63070031,63070030,2026-02-24 16:48,26,0,2280000,16,gwtLszhLm4,2,1,34,1,34,18,0,1,6,660000,com.sec.android.app.shealth,32400000,2,13,98.0,,,,,
2026-03-04 04:26,11,52,26.0,23.0,0,0,16,29,3,0,5,52.0,1970-01-02 08:00,71,10,238,2026-03-04 00:28,0,2026-03-04 05:55,33,78,2,1970-01-01 16:00,2c14c988-9f80-48fc-87a4-87d7303f5e7c,238,63070031,63110130,2026-03-04 04:26,26,14,1740000,16,gwtLszhLm4,4,0,162,0,34,18,5,6,6,600000,com.sec.android.app.shealth,32400000,2,17,89.0,79e1669d-7344-4c0a-bf3c-6001380575a1,,,,
2026-02-21 15:54,16,56,65.0,19.0,0,0,6,26,5,0,6,83.0,1970-01-02 08:00,159,10,274,2026-02-21 11:20,37,2026-02-21 15:54,69,90,-1,1970-01-01 16:00,47ec8bf8-d076-492c-8b20-c8d8c3baac9b,274,63070031,63070030,2026-02-21 15:54,26,49,60000,16,gwtLszhLm4,4,0,130,5,34,18,0,15,6,1380000,com.sec.android.app.shealth,32400000,2,23,90.0,,,,,
2026-02-28 11:35,15,87,88.0,13.0,0,0,16,35,29,0,6,84.0,1970-01-02 08:00,101,10,448,2026-02-28 04:07,14,2026-02-28 11:36,78,87,-1,1970-01-01 16:00,be64ec43-1f2f-4da5-87e2-efb82ef3191a,448,63070031,63070030,2026-02-28 11:35,26,58,1560000,16,gwtLszhLm4,5,0,277,4,34,18,0,5,6,780000,com.sec.android.app.shealth,32400000,2,21,92.0,,,,,
2026-03-02 12:40,2,25,7.0,36.0,0,0,16,14,1,0,5,7.0,1970-01-02 08:00,87,10,87,2026-03-02 11:13,1,2026-03-02 12:40,0,73,2,1970-01-01 16:00,bbd76705-f064-4281-a51f-6a226644831a,87,63070031,63070030,2026-03-02 12:40,26,1,780000,16,gwtLszhLm4,0,2,72,0,34,18,3,14,6,660000,com.sec.android.app.shealth,32400000,2,1,86.0,,,,,
2026-02-22 18:00,2,28,11.0,17.0,0,0,9,12,2,0,6,23.0,1970-01-02 08:00,94,10,135,2026-02-22 15:45,2,2026-02-22 18:00,11,89,-1,1970-01-01 16:00,010a1a73-4906-413f-a839-1ccc190435f6,135,63070031,63070030,2026-02-22 18:00,26,2,120000,16,gwtLszhLm4,1,0,110,0,34,18,0,7,6,1320000,com.sec.android.app.shealth,32400000,2,9,91.0,,,,,
2026-03-04 05:55,0,22,6.0,20.0,0,0,16,4,1,1320000,5,6.0,1970-01-02 08:00,44,10,44,2026-03-04 04:49,0,2026-03-04 05:55,0,58,2,1970-01-01 16:00,eb1755a6-fb7b-4ee0-92a5-609ebb4f4349,44,63070031,63110130,2026-03-04 05:33,26,0,1440000,16,gwtLszhLm4,0,4,40,0,34,18,0,4,6,300000,com.sec.android.app.shealth,32400000,2,0,93.0,79e1669d-7344-4c0a-bf3c-6001380575a1,,,,
2026-03-05 07:03,14,77,98.0,35.0,0,0,13,88,24,0,5,96.0,1970-01-02 08:00,92,10,679,2026-03-04 19:44,33,2026-03-05 07:03,145,82,2,1970-01-01 16:00,f37ae9db-7943-4960-9a40-f37fa5dd65c0,679,63070031,63110130,2026-03-05 07:03,26,92,2460000,16,gwtLszhLm4,6,0,354,9,34,18,40,14,6,780000,com.sec.android.app.shealth,32400000,2,21,87.0,,,,,
2026-02-22 15:43,13,64,82.0,13.0,0,0,3,28,23,0,6,92.0,1970-01-02 08:00,76,10,419,2026-02-22 08:44,22,2026-02-22 15:44,103,76,-1,1970-01-01 16:00,48206cdd-f8e1-4a82-a4d6-cf205769a358,419,63070031,63070030,2026-02-22 15:43,26,49,5520000,16,gwtLszhLm4,5,0,239,7,34,18,0,5,6,780000,com.sec.android.app.shealth,32400000,2,19,94.0,,,,,
2026-03-08 07:34,15,90,94.0,11.0,0,0,16,35,30,0,6,95.0,1970-01-02 08:00,90,10,553,2026-03-07 22:21,18,2026-03-08 07:34,126,88,3,1970-01-01 16:00,5121364e-e41e-423a-89ca-80361ce0a8e2,553,63070071,63110130,2026-03-08 07:34,26,61,1800000,16,gwtLszhLm4,6,0,331,4,34,18,0,4,6,1020000,com.sec.android.app.shealth,32400000,2,23,93.0,,,,,
2026-03-03 07:39,15,74,86.0,15.0,0,0,14,31,20,0,6,75.0,1970-01-02 08:00,192,10,388,2026-03-03 01:11,55,2026-03-03 07:40,60,84,2,1970-01-01 16:00,c721b988-d121-4c3d-b4e1-00c039421a65,388,63070031,63070030,2026-03-03 07:39,26,62,2220000,16,gwtLszhLm4,3,0,235,4,34,18,0,13,6,660000,com.sec.android.app.shealth,32400000,2,19,92.0,,,,,
2026-02-28 19:26,13,44,17.0,16.0,0,0,16,7,1,0,6,23.0,1970-01-02 08:00,54,10,108,2026-02-28 17:38,7,2026-02-28 19:26,9,74,-1,1970-01-01 16:00,1c2dc29e-33ab-41bd-9402-daa23cf72b04,108,63070031,63070030,2026-02-28 19:26,26,19,1620000,16,gwtLszhLm4,2,0,73,1,34,18,0,5,6,660000,com.sec.android.app.shealth,32400000,2,8,94.0,,,,,
2026-03-03 23:59,15,49,34.0,20.0,0,0,15,24,3,0,5,36.0,1970-01-02 08:00,87,10,231,2026-03-03 20:02,19,2026-03-04 05:55,22,87,2,1970-01-01 16:00,fa9a86a4-2ae5-4df2-8245-7e335d168ae7,231,63070031,63110130,2026-03-03 23:53,26,24,300000,16,gwtLszhLm4,3,0,161,4,34,18,4,7,6,1080000,com.sec.android.app.shealth,32400000,2,11,89.0,79e1669d-7344-4c0a-bf3c-6001380575a1,2026-03-03 23:59,2026-03-03 20:02,,
2026-03-09 08:00,15,69,82.0,30.0,0,0,12,51,20,0,5,68.0,1970-01-02 08:00,177,10,407,2026-03-09 01:13,28,2026-03-09 08:00,52,86,3,1970-01-01 16:00,cdd467bb-0ff5-4d45-ae82-76d179884ca5,407,63070071,63110130,2026-03-09 08:00,26,54,180000,16,gwtLszhLm4,4,0,250,5,34,18,9,27,6,780000,com.sec.android.app.shealth,32400000,2,17,87.0,,,,,
2026-03-10 03:06,14,42,74.0,11.0,0,0,16,12,4,0,6,19.0,1970-01-02 08:00,238,10,238,2026-03-09 23:08,68,2026-03-10 08:43,5,87,3,1970-01-01 16:00,d6c90c0f-3388-42b0-8241-1deb25eddcab,238,63100571,63110130,2026-03-10 03:06,26,68,1260000,16,gwtLszhLm4,1,0,153,1,34,18,3,12,6,840000,com.sec.android.app.shealth,32400000,2,2,95.0,8c927cfc-5142-43bd-9bbe-42b833c76e3e,,,,
2026-03-10 08:43,14,53,82.0,30.0,0,0,6,56,8,0,5,67.0,1970-01-02 08:00,125,10,337,2026-03-10 03:06,56,2026-03-10 08:43,53,82,3,1970-01-01 16:00,593e9cc5-fbc8-4a94-b739-26deade6abe6,337,63100571,63110130,2026-03-10 08:43,26,73,60000,16,gwtLszhLm4,3,0,155,7,34,18,24,7,6,1380000,com.sec.android.app.shealth,32400000,2,20,83.0,8c927cfc-5142-43bd-9bbe-42b833c76e3e,,,,
2026-03-05 20:10,6,12,31.0,84.0,0,0,0,63,1,540000,2,19.0,1970-01-02 08:00,203,10,206,2026-03-05 16:35,36,2026-03-05 20:10,12,39,2,1970-01-01 16:00,9e5feb9c-4491-4460-874b-4b427fa805bf,206,63070031,63110130,2026-03-05 20:01,26,36,9420000,16,gwtLszhLm4,1,0,95,4,34,18,49,60,6,1080000,com.sec.android.app.shealth,32400000,2,3,82.0,,,,,
2026-03-11 10:15,16,87,90.0,14.0,0,0,12,47,30,0,6,92.0,1970-01-02 08:00,108,10,542,2026-03-11 01:13,40,2026-03-11 10:15,107,90,3,1970-01-01 16:00,c7ed4dc8-64df-4152-aa21-fdb6779f9cf6,542,63100571,63110130,2026-03-11 10:15,26,52,180000,16,gwtLszhLm4,6,0,336,8,34,18,10,4,6,1020000,com.sec.android.app.shealth,32400000,2,23,91.0,,,,,
2026-03-12 07:49,15,90,78.0,11.0,0,0,15,34,31,0,6,89.0,1970-01-02 08:00,85,10,462,2026-03-12 00:07,28,2026-03-12 07:49,94,91,3,1970-01-01 16:00,af0fa48f-e50a-4dde-ab21-00a741a67bd0,462,63100571,63110130,2026-03-12 07:49,26,36,300000,16,gwtLszhLm4,5,0,298,9,34,18,0,3,6,1080000,com.sec.android.app.shealth,32400000,2,23,92.0,,,,,
2026-03-14 12:15,15,58,43.0,24.0,0,0,16,28,3,0,5,54.0,1970-01-02 08:00,79,10,247,2026-03-14 08:08,11,2026-03-14 12:15,35,85,3,1970-01-01 16:00,fbac725d-bb16-4924-8952-078752bac5fd,247,63100571,63110130,2026-03-14 12:15,26,35,480000,16,gwtLszhLm4,3,0,149,1,34,18,13,5,6,840000,com.sec.android.app.shealth,32400000,2,19,89.0,,,,,
2026-03-14 15:54,14,38,11.0,8.0,0,0,16,3,1,0,6,7.0,1970-01-02 08:00,78,10,78,2026-03-14 14:36,11,2026-03-14 15:54,1,82,3,1970-01-01 16:00,10000b69-9ea5-45ba-9777-ce14bf1735b9,78,63100571,63110130,2026-03-14 15:54,26,11,780000,16,gwtLszhLm4,1,2,63,0,34,18,0,3,6,660000,com.sec.android.app.shealth,32400000,2,1,96.0,,,,,
2026-03-07 05:55,15,44,27.0,17.0,0,0,16,12,2,0,6,18.0,1970-01-02 08:00,63,10,136,2026-03-07 03:39,17,2026-03-07 07:27,8,86,2,1970-01-01 16:00,4cf65d85-0a75-4e1b-8499-301223e354f6,136,63070071,63110130,2026-03-07 05:55,26,29,420000,16,gwtLszhLm4,2,0,87,1,34,18,0,5,6,780000,com.sec.android.app.shealth,32400000,2,5,91.0,b9956414-cb2f-4c77-a41a-9452353f31b3,,,,
2026-03-15 06:16,14,42,29.0,24.0,0,0,16,23,2,0,5,19.0,1970-01-02 08:00,127,10,180,2026-03-15 03:16,26,2026-03-15 09:33,10,78,3,1970-01-01 16:00,abac607f-7dba-43f5-bea6-e8bcd4c85a1f,180,63100571,63110130,2026-03-15 06:16,26,26,1260000,16,gwtLszhLm4,3,0,121,2,34,18,5,11,6,780000,com.sec.android.app.shealth,32400000,2,5,88.0,cf5c0426-13a2-465a-b985-6b6bcc47e59f,,,,
2026-03-07 07:27,5,20,8.0,12.0,0,0,6,4,2,0,6,7.0,1970-01-02 08:00,92,10,92,2026-03-07 05:55,3,2026-03-07 07:27,0,94,2,1970-01-01 16:00,b77a17ba-6fd6-4b3d-b681-52292e35ad87,92,63070071,63110130,2026-03-07 07:27,26,3,60000,16,gwtLszhLm4,0,2,85,0,34,18,3,4,6,1380000,com.sec.android.app.shealth,32400000,2,1,95.0,b9956414-cb2f-4c77-a41a-9452353f31b3,,,,
2026-03-13 11:46,10,52,38.0,18.0,0,0,6,31,8,0,5,76.0,1970-01-02 08:00,62,10,305,2026-03-13 06:41,2,2026-03-13 11:46,60,89,3,1970-01-01 16:00,f15419cd-b527-4806-af68-5d048ea62deb,305,63100571,63110130,2026-03-13 11:46,26,16,60000,16,gwtLszhLm4,6,0,198,6,34,18,0,5,6,1380000,com.sec.android.app.shealth,32400000,2,23,89.0,6835ba2e-c457-4c9f-9c73-5120cb834c61,,,,
2026-03-16 20:29,12,35,14.0,11.0,0,0,15,4,1,0,6,7.0,1970-01-02 08:00,84,10,84,2026-03-16 19:05,16,2026-03-16 20:29,0,69,3,1970-01-01 16:00,a383421b-3475-4457-9010-a0343d6a598a,84,63100571,63110130,2026-03-16 20:29,26,16,1860000,16,gwtLszhLm4,0,0,64,0,34,18,0,4,6,600000,com.sec.android.app.shealth,32400000,2,1,96.0,,,,,
2026-03-14 14:24,5,35,11.0,13.0,0,0,9,8,2,0,6,30.0,1970-01-02 08:00,29,10,128,2026-03-14 12:16,0,2026-03-14 14:24,13,92,3,1970-01-01 16:00,d6348c09-c9a7-40fc-be56-94ec309efa65,128,63100571,63110130,2026-03-14 14:24,26,4,120000,16,gwtLszhLm4,2,1,103,1,34,18,0,2,6,1320000,com.sec.android.app.shealth,32400000,2,13,93.0,,,,,
2026-03-18 08:49,14,63,55.0,26.0,0,0,16,48,8,0,5,70.0,1970-01-02 08:00,82,10,336,2026-03-18 03:13,21,2026-03-18 08:49,55,79,3,1970-01-01 16:00,1f820c20-64dc-4c44-b614-b5dc87f326f7,336,63100571,63110130,2026-03-18 08:49,26,37,1440000,16,gwtLszhLm4,3,0,196,3,34,18,26,3,6,840000,com.sec.android.app.shealth,32400000,2,20,86.0,abad2610-28c9-459f-a659-bfc9069de343,,,,
2026-03-13 06:41,15,53,30.0,22.0,0,0,16,22,2,0,5,41.0,1970-01-02 08:00,207,10,208,2026-03-13 03:13,23,2026-03-13 11:46,24,84,3,1970-01-01 16:00,2f26b5af-67bd-4ac6-a7f9-be25acd07de7,208,63100571,63110130,2026-03-13 06:41,26,23,660000,16,gwtLszhLm4,1,0,139,3,34,18,3,21,6,840000,com.sec.android.app.shealth,32400000,2,15,89.0,6835ba2e-c457-4c9f-9c73-5120cb834c61,,,,
2026-03-14 17:18,16,37,13.0,7.0,0,0,12,3,2,0,6,7.0,1970-01-02 08:00,81,10,81,2026-03-14 15:57,16,2026-03-14 17:18,0,92,3,1970-01-01 16:00,eb80b096-b5cb-493c-91b1-ce5d1f1ab9d9,81,63100571,63110130,2026-03-14 17:18,26,16,180000,16,gwtLszhLm4,0,2,62,0,34,18,0,3,6,1260000,com.sec.android.app.shealth,32400000,2,1,96.0,,,,,
2026-03-15 09:33,1,17,7.0,11.0,0,0,6,4,2,0,6,9.0,1970-01-02 08:00,85,10,85,2026-03-15 08:08,0,2026-03-15 09:33,2,93,3,1970-01-01 16:00,3d58c922-e28e-474d-80a3-64f837523fd4,85,63100571,63110130,2026-03-15 09:33,26,0,60000,16,gwtLszhLm4,1,3,79,0,34,18,0,4,6,1380000,com.sec.android.app.shealth,32400000,2,2,94.0,,,,,
2026-03-16 14:00,11,48,10.0,8.0,0,0,16,2,1,0,6,37.0,1970-01-02 08:00,63,10,63,2026-03-16 12:57,11,2026-03-16 14:00,9,65,3,1970-01-01 16:00,b5c3ad7f-3428-4dc7-9003-b12e5cfa69b2,63,63100571,63110130,2026-03-16 14:00,26,11,1740000,16,gwtLszhLm4,1,2,41,0,34,18,0,2,6,900000,com.sec.android.app.shealth,32400000,2,14,97.0,,,,,
2026-03-15 08:08,3,18,9.0,14.0,0,0,6,8,2,0,6,8.0,1970-01-02 08:00,112,10,112,2026-03-15 06:16,2,2026-03-15 09:33,0,92,3,1970-01-01 16:00,87a0eb1b-05a0-438b-9b0a-a2635c34b1ba,112,63100571,63110130,2026-03-15 08:08,26,2,60000,16,gwtLszhLm4,1,1,102,0,34,18,0,8,6,1440000,com.sec.android.app.shealth,32400000,2,1,92.0,cf5c0426-13a2-465a-b985-6b6bcc47e59f,,,,
2026-03-16 22:45,17,55,20.0,8.0,0,0,6,6,2,0,6,57.0,1970-01-02 08:00,74,10,135,2026-03-16 20:30,0,2026-03-16 22:45,25,94,3,1970-01-01 16:00,37688e3b-3fbc-4fba-8e5a-50c0fa2a35c9,135,63100571,63110130,2026-03-16 22:45,26,19,60000,16,gwtLszhLm4,2,0,85,0,34,18,0,3,6,1380000,com.sec.android.app.shealth,32400000,2,24,95.0,,,,,
2026-03-18 02:38,13,47,22.0,32.0,0,0,16,19,1,0,5,26.0,1970-01-02 08:00,120,10,130,2026-03-18 00:28,27,2026-03-18 08:49,13,79,3,1970-01-01 16:00,7587a1f6-917d-47b2-8597-8053fe880dfc,130,63100571,63110130,2026-03-18 02:38,26,27,540000,16,gwtLszhLm4,2,0,71,1,34,18,10,11,6,780000,com.sec.android.app.shealth,32400000,2,12,85.0,abad2610-28c9-459f-a659-bfc9069de343,,,,
2026-03-20 07:46,15,69,59.0,17.0,0,0,16,22,10,0,6,82.0,1970-01-02 08:00,163,10,314,2026-03-20 02:32,33,2026-03-20 07:46,68,87,3,1970-01-01 16:00,ad2a1dd8-cee9-41bc-9d63-15c18f937d12,314,63100571,63110130,2026-03-20 07:46,26,37,1200000,16,gwtLszhLm4,2,0,187,2,34,18,3,14,6,840000,com.sec.android.app.shealth,32400000,2,22,93.0,,,,,
2026-03-21 05:01,15,35,37.0,20.0,0,0,9,15,2,0,6,16.0,1970-01-02 08:00,106,10,163,2026-03-21 02:18,26,2026-03-21 13:55,6,89,3,1970-01-01 16:00,578d3f2f-1381-4bf5-975e-e656e5f760f2,163,63100571,63110130,2026-03-21 05:01,26,36,120000,16,gwtLszhLm4,1,0,106,2,34,18,0,11,6,840000,com.sec.android.app.shealth,32400000,2,3,90.0,1521d924-ef06-407f-8837-a1973c2f7816,,,,
2026-03-17 05:49,16,64,31.0,19.0,0,0,16,15,3,0,6,73.0,1970-01-02 08:00,82,10,201,2026-03-17 02:28,0,2026-03-17 08:28,45,89,3,1970-01-01 16:00,d4683f11-8a38-4e43-89c2-87a00fa937c7,201,63100571,63110130,2026-03-17 05:49,26,26,360000,16,gwtLszhLm4,3,0,115,0,34,18,4,7,6,720000,com.sec.android.app.shealth,32400000,2,23,92.0,f80511e5-bde3-4b7b-9d6e-6662c72db055,,,,
2026-03-21 13:55,11,41,11.0,6.0,0,0,13,2,1,0,6,31.0,1970-01-02 08:00,78,10,78,2026-03-21 12:37,11,2026-03-21 13:55,9,63,3,1970-01-01 16:00,ad37b5c0-b6c8-4ad1-abc1-5741e9020681,78,63100571,63110130,2026-03-21 13:55,26,11,2400000,16,gwtLszhLm4,1,1,56,0,34,18,0,2,6,660000,com.sec.android.app.shealth,32400000,2,10,97.0,,,,,
2026-03-17 08:28,15,33,15.0,42.0,0,0,9,24,2,0,5,11.0,1970-01-02 08:00,158,10,158,2026-03-17 05:50,14,2026-03-17 08:28,3,83,3,1970-01-01 16:00,73744e4e-cf7a-4155-890a-11d94ce58330,158,63100571,63110130,2026-03-17 08:28,26,14,120000,16,gwtLszhLm4,0,0,117,0,34,18,17,24,6,1320000,com.sec.android.app.shealth,32400000,2,2,84.0,f80511e5-bde3-4b7b-9d6e-6662c72db055,,,,
2026-03-19 07:22,16,88,97.0,13.0,0,0,12,40,31,0,6,90.0,1970-01-02 08:00,91,10,514,2026-03-18 22:48,41,2026-03-19 07:23,96,91,3,1970-01-01 16:00,fc581e06-9158-4ce0-848e-9c0c9f7dc99f,514,63100571,63110130,2026-03-19 07:22,26,100,180000,16,gwtLszhLm4,6,0,278,9,34,18,3,4,6,840000,com.sec.android.app.shealth,32400000,2,23,92.0,,,,,
2026-03-21 06:59,1,19,5.0,0.0,0,0,9,0,2,0,6,5.0,1970-01-02 08:00,26,10,26,2026-03-21 06:33,0,2026-03-21 13:55,0,92,3,1970-01-01 16:00,64aa3c42-9d55-4f3a-973e-10cf78684312,26,63100571,63110130,2026-03-21 06:59,26,0,120000,16,gwtLszhLm4,0,5,26,0,34,18,0,0,6,1320000,com.sec.android.app.shealth,32400000,2,1,100.0,1521d924-ef06-407f-8837-a1973c2f7816,,,,
2026-03-21 06:31,16,51,14.0,12.0,0,0,6,5,2,0,6,43.0,1970-01-02 08:00,90,10,90,2026-03-21 05:01,15,2026-03-21 13:55,14,92,3,1970-01-01 16:00,8314d496-4aff-4933-a244-929d13fde0ea,90,63100571,63110130,2026-03-21 06:31,26,15,60000,16,gwtLszhLm4,1,3,56,3,34,18,0,5,6,1380000,com.sec.android.app.shealth,32400000,2,21,93.0,1521d924-ef06-407f-8837-a1973c2f7816,,,,
2026-03-23 08:59,14,73,88.0,15.0,0,0,10,35,22,0,6,84.0,1970-01-02 08:00,100,10,411,2026-03-23 02:08,43,2026-03-23 08:59,78,81,3,1970-01-01 16:00,344d5f16-136d-48f8-8830-63f07b3eeafb,411,63100571,63110130,2026-03-23 08:59,26,69,3000000,16,gwtLszhLm4,6,0,229,3,34,18,12,3,6,960000,com.sec.android.app.shealth,32400000,2,21,92.0,,,,,
2026-03-20 13:37,15,46,28.0,23.0,0,0,16,17,2,0,5,23.0,1970-01-02 08:00,153,10,153,2026-03-20 11:04,28,2026-03-20 13:37,12,85,3,1970-01-01 16:00,9c168926-6ca9-4cf4-9450-2160308b9f49,153,63100571,63110130,2026-03-20 13:37,26,28,360000,16,gwtLszhLm4,0,0,96,2,34,18,0,17,6,780000,com.sec.android.app.shealth,32400000,2,8,88.0,,,,,
2026-03-24 00:50,12,33,43.0,9.0,0,0,13,6,1,0,6,10.0,1970-01-02 08:00,138,10,138,2026-03-23 22:32,46,2026-03-24 08:44,1,74,3,1970-01-01 16:00,71d1f77c-3c74-404a-9faf-1db0b2c2d502,138,63100571,63110130,2026-03-24 00:50,26,46,2280000,16,gwtLszhLm4,1,0,85,0,34,18,0,6,6,600000,com.sec.android.app.shealth,32400000,2,1,96.0,4d7cccc1-4935-476e-a97c-21ba7d309709,,,,
2026-03-22 14:55,15,74,84.0,22.0,0,0,16,39,16,0,5,85.0,1970-01-02 08:00,158,10,371,2026-03-22 08:44,31,2026-03-22 14:55,81,86,3,1970-01-01 16:00,d650f9d4-807d-40c0-ab0a-37fb2f4d2856,371,63100571,63110130,2026-03-22 14:55,26,64,840000,16,gwtLszhLm4,3,0,187,5,34,18,8,15,6,1080000,com.sec.android.app.shealth,32400000,2,22,89.0,,,,,
2026-03-24 08:44,16,82,86.0,17.0,0,0,6,38,31,0,6,90.0,1970-01-02 08:00,147,10,474,2026-03-24 00:50,30,2026-03-24 08:44,97,91,3,1970-01-01 16:00,a4984564-4769-4b21-a6f6-5e1cb06f14ec,474,63100571,63110130,2026-03-24 08:44,26,55,60000,16,gwtLszhLm4,4,0,284,3,34,18,13,8,6,1380000,com.sec.android.app.shealth,32400000,2,23,92.0,4d7cccc1-4935-476e-a97c-21ba7d309709,,,,
2026-03-30 01:24,8,41,11.0,14.0,0,0,15,9,2,0,6,25.0,1970-01-02 08:00,118,10,120,2026-03-29 23:24,5,2026-03-30 09:26,11,88,3,1970-01-01 16:00,14e69d74-4785-4d9b-921f-69afe33628de,120,63110011,63130130,2026-03-30 01:24,26,5,300000,16,gwtLszhLm4,1,1,95,0,34,18,0,7,6,840000,com.sec.android.app.shealth,32400000,2,10,92.0,4c53e24c-b999-4f33-83e7-d399bb711fbd,,,,
2026-03-25 09:04,16,88,90.0,17.0,0,0,16,38,29,0,6,81.0,1970-01-02 08:00,183,10,443,2026-03-25 01:41,53,2026-03-25 09:04,69,90,3,1970-01-01 16:00,9deec448-d61b-49b0-b194-13c241e03852,443,63100571,63110130,2026-03-25 09:04,26,65,420000,16,gwtLszhLm4,4,0,271,10,34,18,3,15,6,840000,com.sec.android.app.shealth,32400000,2,21,91.0,,,,,
2026-03-27 10:55,14,63,72.0,19.0,0,0,16,32,8,0,5,68.0,1970-01-02 08:00,110,10,311,2026-03-27 05:44,46,2026-03-27 10:55,50,82,3,1970-01-01 16:00,152ddefb-eb8e-4c8d-8ee1-b55f039c999a,311,63110011,63130130,2026-03-27 10:55,26,53,1500000,16,gwtLszhLm4,2,0,176,3,34,18,7,6,6,780000,com.sec.android.app.shealth,32400000,2,20,90.0,,,,,
2026-03-30 07:43,16,37,18.0,21.0,0,0,9,10,2,0,6,14.0,1970-01-02 08:00,40,10,124,2026-03-30 05:39,0,2026-03-30 09:26,5,90,3,1970-01-01 16:00,41d228ad-c0a7-4fa4-8af0-3d1819ef04ed,124,63110011,63130130,2026-03-30 07:43,26,18,120000,16,gwtLszhLm4,2,1,91,1,34,18,0,5,6,1320000,com.sec.android.app.shealth,32400000,2,4,91.0,4c53e24c-b999-4f33-83e7-d399bb711fbd,,,,
2026-03-27 12:46,11,40,11.0,12.0,0,0,6,7,2,0,6,32.0,1970-01-02 08:00,45,10,110,2026-03-27 10:56,0,2026-03-27 12:46,13,92,3,1970-01-01 16:00,4b25bfa7-754b-4b1f-9a12-35783cea20d2,110,63110011,63130130,2026-03-27 12:46,26,6,60000,16,gwtLszhLm4,2,1,84,0,34,18,0,2,6,1380000,com.sec.android.app.shealth,32400000,2,15,93.0,,,,,
2026-03-28 20:32,13,36,53.0,10.0,0,0,12,10,2,0,6,22.0,1970-01-02 08:00,142,10,199,2026-03-28 17:13,42,2026-03-28 20:32,9,77,3,1970-01-01 16:00,469cf1a6-7878-4502-ba2c-c843901d36d0,199,63110011,63130130,2026-03-28 20:32,26,47,2640000,16,gwtLszhLm4,2,0,133,0,34,18,0,7,6,840000,com.sec.android.app.shealth,32400000,2,3,95.0,,,,,
2026-04-03 05:39,12,42,45.0,34.0,0,0,11,40,2,0,5,38.0,1970-01-02 08:00,99,10,228,2026-04-03 01:51,41,2026-04-03 09:27,25,67,3,1970-01-01 16:00,e3de5429-5866-4577-9fdc-b03dbfbc7b69,228,63110011,63130130,2026-04-03 05:39,26,41,2880000,16,gwtLszhLm4,3,0,122,3,34,18,18,8,6,780000,com.sec.android.app.shealth,32400000,2,12,85.0,19ce74df-5b67-4bc8-aae8-fb619e06cc2c,,,,
2026-03-30 05:38,15,57,33.0,16.0,0,0,16,18,3,0,6,52.0,1970-01-02 08:00,137,10,232,2026-03-30 01:46,17,2026-03-30 09:26,31,84,3,1970-01-01 16:00,7f09fa52-7181-48f4-be9a-fddd86a754df,232,63110011,63130130,2026-03-30 05:38,26,22,1320000,16,gwtLszhLm4,3,0,161,1,34,18,0,12,6,120000,com.sec.android.app.shealth,32400000,2,17,92.0,4c53e24c-b999-4f33-83e7-d399bb711fbd,,,,
2026-04-04 12:22,15,79,84.0,16.0,0,0,11,29,26,0,6,89.0,1970-01-02 08:00,103,10,427,2026-04-04 05:15,28,2026-04-04 12:22,93,84,3,1970-01-01 16:00,7b36b1a5-f89d-42df-8827-a18eb641b538,427,63110011,63130130,2026-04-04 12:22,26,52,2760000,16,gwtLszhLm4,4,0,253,2,34,18,3,8,6,600000,com.sec.android.app.shealth,32400000,2,21,93.0,,,,,
2026-03-29 12:22,15,86,97.0,25.0,0,0,16,66,28,300000,5,97.0,1970-01-02 08:00,71,10,617,2026-03-29 02:00,17,2026-03-29 12:22,158,85,3,1970-01-01 16:00,1c2c9fdc-f98c-4a1f-8b12-60505fbfb71d,617,63110011,63130130,2026-03-29 12:17,26,80,1440000,16,gwtLszhLm4,8,0,313,10,34,18,17,8,6,720000,com.sec.android.app.shealth,32400000,2,22,89.0,,,,,
2026-03-30 09:26,13,38,13.0,13.0,0,0,16,5,1,0,6,10.0,1970-01-02 08:00,86,10,86,2026-03-30 08:00,15,2026-03-30 09:26,2,77,3,1970-01-01 16:00,5604eccd-52a2-4a27-a0a7-b7e1cc8120b2,86,63110011,63130130,2026-03-30 09:26,26,15,1080000,16,gwtLszhLm4,1,2,64,0,34,18,0,5,6,360000,com.sec.android.app.shealth,32400000,2,2,94.0,,,,,
2026-04-05 13:13,16,41,17.0,13.0,0,0,6,9,2,0,6,26.0,1970-01-02 08:00,102,10,125,2026-04-05 11:08,17,2026-04-05 13:13,11,91,3,1970-01-01 16:00,212feb4e-44bf-469a-99b8-b22a5cb1a52e,125,63110011,63130130,2026-04-05 13:13,26,17,60000,16,gwtLszhLm4,2,1,88,0,34,18,0,5,6,1380000,com.sec.android.app.shealth,32400000,2,11,92.0,,,,,
2026-04-01 06:59,15,65,90.0,17.0,0,0,14,34,22,0,6,53.0,1970-01-02 08:00,293,10,400,2026-04-01 00:19,73,2026-04-01 06:59,31,84,3,1970-01-01 16:00,32796e12-806b-4a10-97d5-a26d593a8c60,400,63110011,63130130,2026-04-01 06:59,26,75,2040000,16,gwtLszhLm4,2,0,260,3,34,18,3,22,6,600000,com.sec.android.app.shealth,32400000,2,8,92.0,,,,,
2026-04-05 11:07,15,56,21.0,22.0,0,0,16,18,2,0,5,43.0,1970-01-02 08:00,170,10,170,2026-04-05 08:17,15,2026-04-05 11:07,23,84,3,1970-01-01 16:00,61a4306d-ddce-4600-90d1-bdfde1290a1f,170,63110011,63130130,2026-04-05 11:07,26,15,540000,16,gwtLszhLm4,1,0,114,2,34,18,0,18,6,960000,com.sec.android.app.shealth,32400000,2,18,89.0,,,,,
2026-03-29 16:19,0,22,7.0,47.0,0,0,16,19,1,1140000,4,7.0,1970-01-02 08:00,88,10,88,2026-03-29 14:32,0,2026-03-29 16:19,0,69,3,1970-01-01 16:00,7d1ce718-ce53-4feb-9181-17313550e872,88,63110011,63130130,2026-03-29 16:00,26,0,720000,16,gwtLszhLm4,0,2,69,0,34,18,3,19,6,1200000,com.sec.android.app.shealth,32400000,2,1,81.0,,,,,
2026-03-31 08:01,15,88,85.0,21.0,0,0,16,42,29,0,6,87.0,1970-01-02 08:00,134,10,476,2026-03-31 00:05,23,2026-03-31 08:02,87,88,3,1970-01-01 16:00,396e362c-1071-4b09-8bac-99c626e4a755,476,63110011,63130130,2026-03-31 08:01,26,51,960000,16,gwtLszhLm4,4,0,296,5,34,18,10,13,6,1020000,com.sec.android.app.shealth,32400000,2,22,91.0,,,,,
2026-04-07 06:54,16,84,92.0,16.0,0,0,16,34,24,0,6,80.0,1970-01-02 08:00,86,10,407,2026-04-07 00:07,35,2026-04-07 06:55,69,89,3,1970-01-01 16:00,1b8f900b-cdde-4a8e-ad3e-2b36b606a336,407,63110011,63130130,2026-04-07 06:54,26,81,480000,16,gwtLszhLm4,5,0,223,5,34,18,7,5,6,780000,com.sec.android.app.shealth,32400000,2,22,91.0,,,,,
2026-04-01 12:25,11,31,20.0,19.0,0,0,11,12,1,0,6,13.0,1970-01-02 08:00,120,10,121,2026-04-01 10:24,21,2026-04-01 12:25,4,64,3,1970-01-01 16:00,728b56ab-a86e-47b2-8203-807e806d5252,121,63110011,63130130,2026-04-01 12:25,26,21,2880000,16,gwtLszhLm4,1,0,84,0,34,18,0,11,6,660000,com.sec.android.app.shealth,32400000,2,2,92.0,,,,,
2026-04-03 09:27,15,58,28.0,12.0,0,0,16,15,3,0,6,51.0,1970-01-02 08:00,168,10,219,2026-04-03 05:48,18,2026-04-03 09:27,30,88,3,1970-01-01 16:00,4dc0f598-d17e-400f-ae9f-b0eccab21177,219,63110011,63130130,2026-04-03 09:27,26,18,600000,16,gwtLszhLm4,2,0,156,0,34,18,0,9,6,780000,com.sec.android.app.shealth,32400000,2,18,93.0,19ce74df-5b67-4bc8-aae8-fb619e06cc2c,,,,
2026-04-08 03:47,12,45,22.0,21.0,0,0,11,16,1,0,5,49.0,1970-01-02 08:00,137,10,157,2026-04-08 01:10,21,2026-04-08 09:08,25,68,3,1970-01-01 16:00,0d8161af-a8f7-4bdc-8482-4eed8b759a86,157,63110011,63130130,2026-04-08 03:47,26,21,2880000,16,gwtLszhLm4,2,0,95,1,34,18,3,12,6,720000,com.sec.android.app.shealth,32400000,2,16,91.0,2f4e296e-949f-4eca-83dd-ee7aff7b8640,,,,
2026-04-02 17:15,15,60,25.0,21.0,3,0,16,13,2,0,6,54.0,1970-01-02 08:00,76,10,166,2026-04-02 14:29,14,2026-04-02 17:15,28,86,3,1970-01-01 16:00,b5fc9c2f-ac5b-4148-87f2-84199a743e61,166,63110011,63130130,2026-04-02 17:15,26,23,600000,16,gwtLszhLm4,2,0,102,5,34,18,3,8,6,780000,com.sec.android.app.shealth,32400000,2,21,92.0,,,,,
2026-04-02 07:40,14,65,77.0,26.0,0,0,16,59,15,0,5,62.0,1970-01-02 08:00,134,10,392,2026-04-02 01:08,25,2026-04-02 07:40,45,82,3,1970-01-01 16:00,cad8a588-f1e2-4676-965d-89e088011223,392,63110011,63130130,2026-04-02 07:40,26,52,780000,16,gwtLszhLm4,7,0,236,5,34,18,17,9,6,840000,com.sec.android.app.shealth,32400000,2,15,85.0,,,,,
2026-04-06 08:53,16,44,53.0,12.0,0,0,16,15,3,0,6,20.0,1970-01-02 08:00,123,10,224,2026-04-06 05:09,43,2026-04-06 08:53,8,90,3,1970-01-01 16:00,49a638fe-6352-4e24-99d2-bf12b1f3ae2c,224,63110011,63130130,2026-04-06 08:53,26,43,360000,16,gwtLszhLm4,2,0,158,1,34,18,0,6,6,1140000,com.sec.android.app.shealth,32400000,2,3,93.0,3cecbcec-21fa-47c9-b89b-f3df9f280527,,,,
2026-04-05 14:19,1,16,6.0,15.0,0,0,6,5,2,0,6,6.0,1970-01-02 08:00,66,10,66,2026-04-05 13:13,0,2026-04-05 14:19,0,91,3,1970-01-01 16:00,5cac935e-a3cd-45a0-b463-d8a07f3b34b0,66,63110011,63130130,2026-04-05 14:19,26,0,60000,16,gwtLszhLm4,0,4,61,0,34,18,0,5,6,1380000,com.sec.android.app.shealth,32400000,2,1,92.0,,,,,
2026-04-06 00:45,15,35,24.0,10.0,0,0,6,6,2,0,6,17.0,1970-01-02 08:00,30,10,109,2026-04-05 22:56,0,2026-04-06 08:53,6,93,3,1970-01-01 16:00,c1f4f2ae-a7c1-4f08-847c-3e94e9b8e4f3,109,63110011,63130130,2026-04-06 00:45,26,30,60000,16,gwtLszhLm4,1,1,67,0,34,18,3,0,6,1380000,com.sec.android.app.shealth,32400000,2,6,94.0,3cecbcec-21fa-47c9-b89b-f3df9f280527,,,,
2026-04-07 08:15,1,16,7.0,16.0,0,0,6,6,2,0,6,7.0,1970-01-02 08:00,81,10,81,2026-04-07 06:54,0,2026-04-07 08:15,0,90,3,1970-01-01 16:00,0423e777-bb7b-4e36-a0dd-9266f9305d84,81,63110011,63130130,2026-04-07 08:15,26,0,60000,16,gwtLszhLm4,0,3,75,0,34,18,0,6,6,1440000,com.sec.android.app.shealth,32400000,2,1,92.0,,,,,
2026-04-05 22:55,0,22,6.0,7.0,0,0,14,2,1,0,6,6.0,1970-01-02 08:00,61,10,61,2026-04-05 21:54,0,2026-04-05 22:55,0,62,3,1970-01-01 16:00,f85f79a9-083c-4fcc-ad31-92d3229a2839,61,63110011,63130130,2026-04-05 22:55,26,0,2040000,16,gwtLszhLm4,0,1,59,0,34,18,0,2,6,1020000,com.sec.android.app.shealth,32400000,2,1,97.0,,,,,
2026-04-08 09:08,15,63,52.0,20.0,0,0,16,33,6,0,5,67.0,1970-01-02 08:00,149,10,297,2026-04-08 04:11,32,2026-04-08 09:08,49,84,3,1970-01-01 16:00,3a7be630-0f30-4105-b22a-4c4f32772eaf,297,63110011,63130130,2026-04-08 09:08,26,33,1020000,16,gwtLszhLm4,4,0,182,5,34,18,6,9,6,1200000,com.sec.android.app.shealth,32400000,2,21,89.0,2f4e296e-949f-4eca-83dd-ee7aff7b8640,,,,
2026-04-06 02:39,0,8,4.0,0.0,0,0,2,0,0,0,6,4.0,1970-01-02 08:00,8,10,8,2026-04-06 02:31,0,2026-04-06 08:53,0,7,3,1970-01-01 16:00,a7163b47-ccda-48ef-a5cb-802b32200633,8,63110011,63130130,2026-04-06 02:39,26,0,6360000,16,gwtLszhLm4,0,1,8,0,34,18,0,0,6,300000,com.sec.android.app.shealth,32400000,2,0,100.0,3cecbcec-21fa-47c9-b89b-f3df9f280527,,,,
2026-04-09 07:10,16,69,71.0,16.0,0,0,15,30,17,0,6,62.0,1970-01-02 08:00,176,10,361,2026-04-09 01:09,40,2026-04-09 07:10,42,90,3,1970-01-01 16:00,fd665200-0aad-49a7-a2fd-c4acbbd62c0f,361,63110011,63130130,2026-04-09 07:10,26,42,300000,16,gwtLszhLm4,3,0,247,4,34,18,0,13,6,1140000,com.sec.android.app.shealth,32400000,2,15,91.0,,,,,
2026-04-15 08:20,15,88,96.0,16.0,0,0,16,42,29,0,6,87.0,1970-01-02 08:00,183,10,473,2026-04-15 00:27,60,2026-04-15 08:20,87,86,2,1970-01-01 16:00,3fe7c273-fa98-4b18-a0ca-3a846c1d6ae7,473,63110011,63130130,2026-04-15 08:20,26,89,1500000,16,gwtLszhLm4,5,0,255,8,34,18,3,12,6,780000,com.sec.android.app.shealth,32400000,2,22,91.0,,,,,
2026-04-16 15:55,14,38,11.0,8.0,0,0,16,4,1,0,6,8.0,1970-01-02 08:00,95,10,95,2026-04-16 14:20,8,2026-04-16 15:55,1,83,2,1970-01-01 16:00,0580c249-36c0-4b1d-b9d7-c92d74321118,95,63110011,63130130,2026-04-16 15:55,26,8,840000,16,gwtLszhLm4,1,1,82,0,34,18,0,4,6,780000,com.sec.android.app.shealth,32400000,2,1,96.0,,,,,
2026-04-16 21:47,16,63,71.0,17.0,0,0,9,35,14,0,5,67.0,1970-01-02 08:00,178,10,350,2026-04-16 15:57,30,2026-04-16 21:47,49,89,2,1970-01-01 16:00,f01f4ce1-e202-4557-8682-d89293e4c146,350,63110011,63130130,2026-04-16 21:47,26,43,120000,16,gwtLszhLm4,3,0,223,7,34,18,0,13,6,1320000,com.sec.android.app.shealth,32400000,2,19,90.0,,,,,
2026-04-10 22:22,15,64,75.0,14.0,0,0,16,16,5,0,6,71.0,1970-01-02 08:00,63,10,258,2026-04-10 17:58,3,2026-04-10 22:22,48,88,3,1970-01-01 16:00,1a6552ca-c60e-44e1-85f5-fc1a00c612a7,258,63110011,63130130,2026-04-10 22:16,26,65,900000,16,gwtLszhLm4,2,0,129,1,34,18,3,4,6,1080000,com.sec.android.app.shealth,32400000,2,22,94.0,,2026-04-10 22:22,2026-04-10 17:58,,
2026-04-16 04:25,14,58,56.0,13.0,0,0,14,20,5,0,6,64.0,1970-01-02 08:00,86,10,272,2026-04-15 23:53,19,2026-04-16 21:47,43,82,2,1970-01-01 16:00,e8c044e8-76e6-4f9a-9661-cb6b004d3ea3,272,63110011,63130130,2026-04-16 04:25,26,38,2100000,16,gwtLszhLm4,3,0,171,3,34,18,0,5,6,960000,com.sec.android.app.shealth,32400000,2,19,93.0,5fb8c198-8e28-46ef-8051-37842104a99b,,,,
2026-04-11 11:21,15,75,95.0,12.0,0,0,7,40,26,0,6,98.0,1970-01-02 08:00,111,10,611,2026-04-11 01:10,13,2026-04-11 11:21,201,84,3,1970-01-01 16:00,5485afe0-1774-4a33-a8bd-0865cf4a28e7,611,63110011,63130130,2026-04-11 11:21,26,61,3780000,16,gwtLszhLm4,7,0,309,10,34,18,0,6,6,1200000,com.sec.android.app.shealth,32400000,2,21,93.0,,,,,
2026-04-19 06:43,11,35,21.0,31.0,0,0,16,31,2,0,5,14.0,1970-01-02 08:00,210,10,210,2026-04-19 03:13,12,2026-04-19 06:44,3,82,3,1970-01-01 16:00,05c27a1d-200a-4b5b-afca-4871d746134f,210,63110011,63130130,2026-04-19 06:43,26,12,360000,16,gwtLszhLm4,1,0,164,0,34,18,3,31,6,780000,com.sec.android.app.shealth,32400000,2,1,85.0,,,,,
2026-04-12 16:17,14,63,72.0,15.0,0,0,13,24,9,0,6,84.0,1970-01-02 08:00,145,10,314,2026-04-12 11:03,32,2026-04-12 16:17,72,81,3,1970-01-01 16:00,8ca0777a-9343-479c-915e-e19696bcdb79,314,63110011,63130130,2026-04-12 16:17,26,51,2400000,16,gwtLszhLm4,3,0,167,3,34,18,0,10,6,60000,com.sec.android.app.shealth,32400000,2,21,93.0,,,,,
2026-04-13 07:59,16,83,95.0,10.0,0,0,9,22,30,0,6,82.0,1970-01-02 08:00,103,10,429,2026-04-13 00:50,45,2026-04-13 08:00,69,94,3,1970-01-01 16:00,c984a3d7-c64c-4d63-9879-a96107ce4765,429,63110011,63130130,2026-04-13 07:59,26,94,120000,16,gwtLszhLm4,4,0,244,4,34,18,0,5,6,960000,com.sec.android.app.shealth,32400000,2,22,94.0,,,,,
2026-04-18 09:24,15,76,88.0,21.0,0,0,16,42,20,0,5,75.0,1970-01-02 08:00,171,10,393,2026-04-18 02:51,35,2026-04-18 09:24,61,87,3,1970-01-01 16:00,0692a7e2-d9c8-4118-904f-7d3ffb2abc76,393,63110011,63130130,2026-04-18 09:24,26,70,420000,16,gwtLszhLm4,4,0,220,6,34,18,4,16,6,960000,com.sec.android.app.shealth,32400000,2,20,89.0,,,,,
2026-04-14 07:05,12,41,58.0,29.0,0,0,10,34,2,0,5,43.0,1970-01-02 08:00,79,10,242,2026-04-14 03:03,15,2026-04-14 07:06,28,70,2,1970-01-01 16:00,d2b7d151-d4e2-40fb-941c-618119f08854,242,63110011,63130130,2026-04-14 07:05,26,54,3180000,16,gwtLszhLm4,2,0,126,2,34,18,21,5,6,900000,com.sec.android.app.shealth,32400000,2,12,88.0,,,,,
2026-04-16 07:07,9,53,12.0,10.0,0,0,16,5,2,0,6,61.0,1970-01-02 08:00,58,10,125,2026-04-16 05:02,0,2026-04-16 21:47,25,80,2,1970-01-01 16:00,32ceffad-0e7b-4a87-b6b7-8a5ef2ae30b4,125,63110011,63130130,2026-04-16 07:07,26,7,1380000,16,gwtLszhLm4,2,0,88,0,34,18,0,3,6,1080000,com.sec.android.app.shealth,32400000,2,20,96.0,5fb8c198-8e28-46ef-8051-37842104a99b,,,,
2026-04-21 02:36,16,31,17.0,23.0,0,0,6,10,2,0,6,8.0,1970-01-02 08:00,104,10,104,2026-04-21 00:52,20,2026-04-21 07:07,0,89,2,1970-01-01 16:00,abd81a3c-0722-4c14-a1c0-db5523cf2712,104,63110011,63130130,2026-04-21 02:36,26,20,60000,16,gwtLszhLm4,0,2,74,0,34,18,3,10,6,1380000,com.sec.android.app.shealth,32400000,2,1,90.0,94d36d8d-78fd-4ee4-a24d-2e5415ac67a4,,,,
2026-04-17 11:24,15,86,94.0,24.0,0,0,16,66,29,0,5,89.0,1970-01-02 08:00,123,10,554,2026-04-17 02:10,36,2026-04-17 11:24,91,85,2,1970-01-01 16:00,d1cdabf1-1d98-4144-bd0e-d59416cb2283,554,63110011,63130130,2026-04-17 11:24,26,75,960000,16,gwtLszhLm4,3,0,322,7,34,18,27,8,6,960000,com.sec.android.app.shealth,32400000,2,21,88.0,,,,,
2026-04-21 03:43,1,19,6.0,12.0,0,0,9,4,2,0,6,6.0,1970-01-02 08:00,66,10,66,2026-04-21 02:37,0,2026-04-21 07:07,0,91,2,1970-01-01 16:00,23e3dfb4-a3a5-4df3-992f-61875e19c768,66,63110011,63130130,2026-04-21 03:43,26,0,120000,16,gwtLszhLm4,0,4,62,0,34,18,0,4,6,1320000,com.sec.android.app.shealth,32400000,2,1,94.0,94d36d8d-78fd-4ee4-a24d-2e5415ac67a4,,,,
2026-04-21 05:42,14,39,17.0,25.0,0,0,16,16,1,0,5,11.0,1970-01-02 08:00,17,10,112,2026-04-21 03:50,0,2026-04-21 07:07,4,80,2,1970-01-01 16:00,fe6084a2-627e-40e8-ae71-41d25de6b2b6,112,63110011,63130130,2026-04-21 05:42,26,21,480000,16,gwtLszhLm4,2,1,71,0,34,18,6,1,6,960000,com.sec.android.app.shealth,32400000,2,3,86.0,94d36d8d-78fd-4ee4-a24d-2e5415ac67a4,,,,
2026-04-19 09:46,12,45,11.0,16.0,0,0,16,8,2,0,6,22.0,1970-01-02 08:00,105,10,105,2026-04-19 08:01,7,2026-04-19 09:46,9,83,3,1970-01-01 16:00,5f3d7a5f-52df-4b98-83ff-b50463e7fe15,105,63110011,63130130,2026-04-19 09:46,26,7,600000,16,gwtLszhLm4,1,1,81,0,34,18,0,8,6,600000,com.sec.android.app.shealth,32400000,2,9,92.0,,,,,
2026-04-21 07:07,0,17,5.0,6.0,0,0,11,1,0,0,6,5.0,1970-01-02 08:00,35,10,35,2026-04-21 06:32,0,2026-04-21 07:07,0,40,2,1970-01-01 16:00,0e1e1561-952c-4784-b8b9-5a8bc59bcd63,35,63110011,63130130,2026-04-21 07:07,26,0,2880000,16,gwtLszhLm4,0,3,34,0,34,18,0,1,6,1200000,com.sec.android.app.shealth,32400000,2,0,98.0,94d36d8d-78fd-4ee4-a24d-2e5415ac67a4,,,,
2026-04-22 09:14,15,51,72.0,21.0,0,0,6,44,15,0,5,50.0,1970-01-02 08:00,138,10,367,2026-04-22 03:07,31,2026-04-22 09:14,32,87,2,1970-01-01 16:00,c6325975-0d7a-4ba0-a639-dbfad6e8cba3,367,63110011,63130130,2026-04-22 09:14,26,46,60000,16,gwtLszhLm4,3,0,245,3,34,18,8,9,6,1380000,com.sec.android.app.shealth,32400000,2,10,88.0,,,,,
2026-04-20 05:55,9,15,30.0,53.0,0,0,1,42,1,0,4,14.0,1970-01-02 08:00,200,10,202,2026-04-20 02:33,30,2026-04-20 08:36,0,50,2,1970-01-01 16:00,f6ad1be4-4be2-43a5-ad3c-6ef170113d6c,202,63110011,63130130,2026-04-20 05:55,26,30,6840000,16,gwtLszhLm4,1,0,130,0,34,18,22,41,6,840000,com.sec.android.app.shealth,32400000,2,0,86.0,c25d5d34-a3bd-4835-9dcb-66e48adb3659,,,,
2026-04-20 08:36,15,34,17.0,31.0,0,0,6,22,2,0,5,19.0,1970-01-02 08:00,152,10,161,2026-04-20 05:55,13,2026-04-20 08:36,10,85,2,1970-01-01 16:00,bbc73f36-fa87-44ad-9887-f21708020279,161,63110011,63130130,2026-04-20 08:36,26,13,60000,16,gwtLszhLm4,2,0,116,0,34,18,5,21,6,1380000,com.sec.android.app.shealth,32400000,2,6,86.0,c25d5d34-a3bd-4835-9dcb-66e48adb3659,,,,
2026-04-21 00:52,14,40,24.0,13.0,0,0,16,8,2,0,6,9.0,1970-01-02 08:00,122,10,122,2026-04-20 22:50,27,2026-04-21 07:07,2,82,2,1970-01-01 16:00,dbbcce43-4d87-4dba-90e7-204f2c3632fb,122,63110011,63130130,2026-04-21 00:52,26,27,960000,16,gwtLszhLm4,1,0,85,0,34,18,0,8,6,1080000,com.sec.android.app.shealth,32400000,2,2,94.0,94d36d8d-78fd-4ee4-a24d-2e5415ac67a4,,,,
2026-04-24 06:45,13,47,32.0,10.0,0,0,16,8,2,0,6,30.0,1970-01-02 08:00,85,10,139,2026-04-24 04:26,34,2026-04-24 11:00,14,78,2,1970-01-01 16:00,7d611e85-91cc-49a8-830e-e6e809ea7c5f,139,63110011,63200010,2026-04-24 06:45,26,34,1680000,16,gwtLszhLm4,2,0,83,1,34,18,0,3,6,900000,com.sec.android.app.shealth,32400000,2,10,95.0,0e893bf4-bb4e-4869-8a51-2272512107d3,,,,
2026-04-23 14:24,15,38,27.0,21.0,0,0,9,16,2,0,5,20.0,1970-01-02 08:00,129,10,140,2026-04-23 12:04,28,2026-04-23 14:24,10,86,2,1970-01-01 16:00,afe23110-dea7-4566-ae60-8c4a50ffa59e,140,63110011,63200010,2026-04-23 14:24,26,28,120000,16,gwtLszhLm4,2,0,86,2,34,18,0,12,6,1320000,com.sec.android.app.shealth,32400000,2,7,88.0,,,,,
2026-04-23 11:38,9,46,26.0,12.0,0,0,9,14,3,0,6,81.0,1970-01-02 08:00,76,10,237,2026-04-23 07:41,13,2026-04-23 11:38,58,75,2,1970-01-01 16:00,067a03da-8342-4b02-81f6-01534cb8155b,237,63110011,63200010,2026-04-23 11:38,26,13,3480000,16,gwtLszhLm4,3,0,152,1,34,18,0,4,6,660000,com.sec.android.app.shealth,32400000,2,19,95.0,,,,,
2026-04-24 07:17,0,24,5.0,5.0,0,0,16,0,1,0,6,5.0,1970-01-02 08:00,21,10,21,2026-04-24 06:56,0,2026-04-24 07:17,0,62,2,1970-01-01 16:00,c7f245ef-7fb0-4c16-85af-f38d2587c43e,21,63110011,63200010,2026-04-24 07:17,26,0,720000,16,gwtLszhLm4,0,5,21,0,34,18,0,0,6,720000,com.sec.android.app.shealth,32400000,2,1,98.0,,,,,
2026-04-25 13:02,10,59,33.0,20.0,0,0,16,25,6,0,6,87.0,1970-01-02 08:00,63,10,288,2026-04-25 08:14,0,2026-04-26 10:19,78,83,2,1970-01-01 16:00,1c79d666-1635-4d05-8ca6-29d8c44aa681,288,63110011,63200010,2026-04-25 13:02,26,15,1500000,16,gwtLszhLm4,2,0,170,9,34,18,5,6,6,1200000,com.sec.android.app.shealth,32400000,2,21,91.0,,,,,
2026-04-26 10:19,15,58,46.0,14.0,0,0,16,14,2,1500000,6,54.0,1970-01-02 08:00,110,10,190,2026-04-26 06:44,31,2026-04-26 10:19,30,85,2,1970-01-01 16:00,7fc8a5ca-f6d0-41b0-80fd-6b0575d580b8,190,63200011,63200010,2026-04-26 09:54,26,41,960000,16,gwtLszhLm4,2,0,105,1,34,18,0,7,6,780000,com.sec.android.app.shealth,32400000,2,19,93.0,,,,,
2026-04-24 11:00,12,54,10.0,11.0,0,0,16,4,1,0,6,71.0,1970-01-02 08:00,63,10,90,2026-04-24 09:30,0,2026-04-24 11:00,23,76,2,1970-01-01 16:00,5e7b83b5-33ad-47bb-aea1-08af1f9ac9b6,90,63110011,63200010,2026-04-24 11:00,26,7,1320000,16,gwtLszhLm4,1,1,56,1,34,18,0,4,6,1140000,com.sec.android.app.shealth,32400000,2,19,96.0,,,,,
2026-04-25 06:39,7,31,12.0,27.0,0,0,16,19,2,1500000,5,11.0,1970-01-02 08:00,79,10,153,2026-04-25 03:41,6,2026-04-26 10:19,2,77,2,1970-01-01 16:00,8b95f92b-557e-45cd-bc9a-3e019769e312,153,63110011,63200010,2026-04-25 06:14,26,6,1200000,16,gwtLszhLm4,1,0,126,1,34,18,9,6,6,960000,com.sec.android.app.shealth,32400000,2,1,89.0,e4b7295b-74a0-4788-805d-1f67b11f3076,,,,
2026-04-25 07:28,0,22,6.0,2.0,0,0,15,0,1,0,6,6.0,1970-01-02 08:00,43,10,43,2026-04-25 06:45,0,2026-04-26 10:19,0,57,2,1970-01-01 16:00,28f85af5-16bd-4103-96a4-7f504cefdb31,43,63110011,63200010,2026-04-25 07:28,26,0,1860000,16,gwtLszhLm4,0,4,43,0,34,18,0,0,6,1140000,com.sec.android.app.shealth,32400000,2,0,99.0,e4b7295b-74a0-4788-805d-1f67b11f3076,,,,
2026-04-26 13:46,0,26,6.0,15.0,0,0,16,4,1,0,6,12.0,1970-01-02 08:00,61,10,61,2026-04-26 12:45,0,2026-04-26 13:46,3,70,2,1970-01-01 16:00,6daf1696-49d3-4efd-b156-3cd705675120,61,63200011,63200010,2026-04-26 13:46,26,0,1140000,16,gwtLszhLm4,0,3,54,0,34,18,0,4,6,900000,com.sec.android.app.shealth,32400000,2,3,94.0,,,,,
2026-04-24 04:24,14,37,11.0,25.0,0,0,14,11,1,1560000,5,10.0,1970-01-02 08:00,72,10,85,2026-04-24 02:33,12,2026-04-24 11:00,3,83,2,1970-01-01 16:00,253a3f27-fb7e-4744-b6ba-43e637804b42,85,63110011,63200010,2026-04-24 03:58,26,12,240000,16,gwtLszhLm4,1,3,59,1,34,18,3,6,6,780000,com.sec.android.app.shealth,32400000,2,3,87.0,0e893bf4-bb4e-4869-8a51-2272512107d3,,,,
2026-04-29 13:49,13,50,16.0,29.0,0,0,9,22,2,0,5,51.0,1970-01-02 08:00,64,10,165,2026-04-29 11:04,0,2026-04-29 13:49,27,85,2,1970-01-01 16:00,b7f6bec0-3146-4c2e-add8-e2217330ae90,165,63200011,63200010,2026-04-29 13:49,26,11,120000,16,gwtLszhLm4,3,0,105,2,34,18,8,6,6,1320000,com.sec.android.app.shealth,32400000,2,21,86.0,,,,,
2026-04-26 15:30,1,16,8.0,17.0,0,0,6,9,2,0,6,8.0,1970-01-02 08:00,103,10,103,2026-04-26 13:47,0,2026-04-26 15:30,0,90,2,1970-01-01 16:00,3ba7abae-33cf-43f9-a410-ed1e4c12f083,103,63200011,63200010,2026-04-26 15:30,26,0,60000,16,gwtLszhLm4,0,2,94,0,34,18,0,9,6,1380000,com.sec.android.app.shealth,32400000,2,1,91.0,,,,,
2026-04-27 08:58,10,42,16.0,32.0,0,0,16,24,2,0,5,25.0,1970-01-02 08:00,173,10,173,2026-04-27 06:05,9,2026-04-27 08:58,14,82,2,1970-01-01 16:00,42726458-1202-405a-ad38-182fba63d921,173,63200011,63200010,2026-04-27 08:58,26,9,420000,16,gwtLszhLm4,1,0,126,2,34,18,5,24,6,840000,com.sec.android.app.shealth,32400000,2,9,86.0,,,,,
2026-04-27 21:01,2,26,7.0,7.0,0,0,16,2,1,0,6,7.0,1970-01-02 08:00,69,10,69,2026-04-27 19:52,1,2026-04-27 21:01,0,75,2,1970-01-01 16:00,8642adcf-2ff6-4233-8523-2cb437e34e58,69,63200011,63200010,2026-04-27 21:01,26,1,1140000,16,gwtLszhLm4,1,1,66,0,34,18,0,2,6,720000,com.sec.android.app.shealth,32400000,2,1,97.0,,,,,
2026-04-30 22:03,13,51,39.0,19.0,0,0,16,15,2,1320000,6,39.0,1970-01-02 08:00,71,10,159,2026-04-30 18:57,15,2026-04-30 22:03,20,78,2,1970-01-01 16:00,58836b10-340b-4430-8573-f6daecca6f35,159,63200011,63200010,2026-04-30 21:36,26,38,1440000,16,gwtLszhLm4,3,0,86,4,34,18,0,6,6,840000,com.sec.android.app.shealth,32400000,2,14,91.0,,2026-04-30 21:41,2026-04-30 18:57,,
2026-04-29 11:02,12,56,36.0,14.0,0,0,9,25,6,0,6,79.0,1970-01-02 08:00,58,10,283,2026-04-29 06:19,2,2026-04-29 13:49,62,90,2,1970-01-01 16:00,b8398395-0152-426e-80e3-576bd910b86e,283,63200011,63200010,2026-04-29 11:02,26,17,120000,16,gwtLszhLm4,4,0,179,5,34,18,0,3,6,1320000,com.sec.android.app.shealth,32400000,2,23,91.0,24093028-a142-4b54-a68f-6b198334fbf7,,,,
2026-04-28 08:10,10,36,66.0,11.0,0,0,0,19,6,0,6,72.0,1970-01-02 08:00,115,10,308,2026-04-28 03:02,28,2026-04-28 08:10,52,60,2,1970-01-01 16:00,49bab384-754e-4c6d-ae1e-902695386af5,308,63200011,63200010,2026-04-28 08:10,26,45,10080000,16,gwtLszhLm4,4,0,192,1,34,18,3,4,6,840000,com.sec.android.app.shealth,32400000,2,14,95.0,,,,,
2026-04-29 06:17,14,56,61.0,9.0,0,0,14,18,5,0,6,60.0,1970-01-02 08:00,72,10,270,2026-04-29 01:47,23,2026-04-29 13:49,39,81,2,1970-01-01 16:00,0c0fb246-62a5-43c1-a933-c74f681b4411,270,63200011,63200010,2026-04-29 06:17,26,45,2220000,16,gwtLszhLm4,3,0,168,1,34,18,0,1,6,660000,com.sec.android.app.shealth,32400000,2,17,93.0,24093028-a142-4b54-a68f-6b198334fbf7,,,,
2026-05-01 01:43,11,27,20.0,30.0,0,0,9,24,1,1440000,5,11.0,1970-01-02 08:00,160,10,160,2026-04-30 22:39,16,2026-05-01 11:36,0,62,2,1970-01-01 16:00,818357d8-2c86-438b-9630-44ab3592759d,160,63200011,63200010,2026-05-01 01:19,26,16,3420000,16,gwtLszhLm4,0,0,120,0,34,18,0,24,6,1020000,com.sec.android.app.shealth,32400000,2,1,88.0,43197c21-4252-4f1b-a94e-90148dedf561,,,,
2026-05-01 03:12,0,23,6.0,37.0,0,0,16,9,1,1800000,5,6.0,1970-01-02 08:00,65,10,65,2026-05-01 01:37,0,2026-05-01 11:36,0,66,2,1970-01-01 16:00,83f1e4c6-6ab7-405f-bdc0-8d984dcef5fb,65,63200011,63200010,2026-05-01 02:42,26,0,1080000,16,gwtLszhLm4,0,3,56,0,34,18,5,9,6,780000,com.sec.android.app.shealth,32400000,2,1,88.0,43197c21-4252-4f1b-a94e-90148dedf561,,,,
2026-05-01 11:36,15,86,84.0,39.0,0,0,16,52,28,1500000,5,89.0,1970-01-02 08:00,129,10,457,2026-05-01 03:34,27,2026-05-01 11:36,97,87,2,1970-01-01 16:00,2fdd1fc1-5380-43aa-84ad-c362b2da9924,457,63200011,63200010,2026-05-01 11:11,26,56,420000,16,gwtLszhLm4,4,0,252,7,34,18,27,28,6,840000,com.sec.android.app.shealth,32400000,2,22,88.0,43197c21-4252-4f1b-a94e-90148dedf561,,,,
